<ArticleInfo>
  <Text>Eleven UN peacekeepers in the eastern Democratic Republic of Congo were wounded, two of them critically, after villagers opened fire on the troops, officials said. The villagers descended on the UN base in the eastern South Kivu region on Monday after an overnight attack on their village reportedly killed six people, a UN spokesman in Kinshasa, Monodje Mounoubai, told AFP news agency. The residents were protesting that the UN troops "did nothing to defend" the village during the attack, which was blamed on Democratic Forces for the Liberation of Rwanda, Mounoubai said. "Shots directed at our troops were fired from this demonstrating crowd and wounded 11, two critically and two seriously. Our troops did not return fire because if they had fired there would have been carnage," he said. "They controlled themselves." The UN base is in the Bunyiakiri district of South Kivu province. Diplomatic sources at the United Nations in New York had said the wounded peacekeepers were Pakistani. The UN mission in DR Congo reported that "elements" of a Mai-Mai group, the Rai Mutomboki, "may have been part of the protest and may have fired on the peacekeepers," UN spokesman Martin Nesirky said. "The mission is monitoring the situation and has sent reinforcements to the area, which is now reportedly calm but tense." </Text>
  <Events>
    <EventMentionInfo>
      <ID>1</ID>
      <AnchorText>wounded</AnchorText>
      <Type>Occurrence</Type>
      <Position>72</Position>
    </EventMentionInfo>
    <EventMentionInfo>
      <ID>2</ID>
      <AnchorText>opened</AnchorText>
      <Type>I_Action</Type>
      <Position>121</Position>
    </EventMentionInfo>
    <EventMentionInfo>
      <ID>3</ID>
      <AnchorText>fire</AnchorText>
      <Type>Occurrence</Type>
      <Position>128</Position>
    </EventMentionInfo>
    <EventMentionInfo>
      <ID>4</ID>
      <AnchorText>said</AnchorText>
      <Type>Reporting</Type>
      <Position>158</Position>
    </EventMentionInfo>
    <EventMentionInfo>
      <ID>5</ID>
      <AnchorText>descended</AnchorText>
      <Type>Occurrence</Type>
      <Position>178</Position>
    </EventMentionInfo>
    <EventMentionInfo>
      <ID>6</ID>
      <AnchorText>attack</AnchorText>
      <Type>Occurrence</Type>
      <Position>265</Position>
    </EventMentionInfo>
    <EventMentionInfo>
      <ID>7</ID>
      <AnchorText>killed</AnchorText>
      <Type>Occurrence</Type>
      <Position>300</Position>
    </EventMentionInfo>
    <EventMentionInfo>
      <ID>8</ID>
      <AnchorText>told</AnchorText>
      <Type>Reporting</Type>
      <Position>366</Position>
    </EventMentionInfo>
    <EventMentionInfo>
      <ID>9</ID>
      <AnchorText>protesting</AnchorText>
      <Type>Reporting</Type>
      <Position>407</Position>
    </EventMentionInfo>
    <EventMentionInfo>
      <ID>10</ID>
      <AnchorText>attack</AnchorText>
      <Type>Occurrence</Type>
      <Position>484</Position>
    </EventMentionInfo>
    <EventMentionInfo>
      <ID>11</ID>
      <AnchorText>blamed</AnchorText>
      <Type>I_Action</Type>
      <Position>502</Position>
    </EventMentionInfo>
    <EventMentionInfo>
      <ID>12</ID>
      <AnchorText>said</AnchorText>
      <Type>Reporting</Type>
      <Position>570</Position>
    </EventMentionInfo>
    <EventMentionInfo>
      <ID>13</ID>
      <AnchorText>Shots</AnchorText>
      <Type>Occurrence</Type>
      <Position>577</Position>
    </EventMentionInfo>
    <EventMentionInfo>
      <ID>14</ID>
      <AnchorText>directed</AnchorText>
      <Type>I_Action</Type>
      <Position>583</Position>
    </EventMentionInfo>
    <EventMentionInfo>
      <ID>15</ID>
      <AnchorText>fired</AnchorText>
      <Type>I_Action</Type>
      <Position>611</Position>
    </EventMentionInfo>
    <EventMentionInfo>
      <ID>16</ID>
      <AnchorText>wounded</AnchorText>
      <Type>Occurrence</Type>
      <Position>651</Position>
    </EventMentionInfo>
    <EventMentionInfo>
      <ID>17</ID>
      <AnchorText>said</AnchorText>
      <Type>Reporting</Type>
      <Position>789</Position>
    </EventMentionInfo>
    <EventMentionInfo>
      <ID>18</ID>
      <AnchorText>controlled</AnchorText>
      <Type>Occurrence</Type>
      <Position>801</Position>
    </EventMentionInfo>
    <EventMentionInfo>
      <ID>19</ID>
      <AnchorText>said</AnchorText>
      <Type>Reporting</Type>
      <Position>948</Position>
    </EventMentionInfo>
    <EventMentionInfo>
      <ID>20</ID>
      <AnchorText>wounded</AnchorText>
      <Type>Occurrence</Type>
      <Position>957</Position>
    </EventMentionInfo>
    <EventMentionInfo>
      <ID>21</ID>
      <AnchorText>reported</AnchorText>
      <Type>Reporting</Type>
      <Position>1021</Position>
    </EventMentionInfo>
    <EventMentionInfo>
      <ID>22</ID>
      <AnchorText>protest</AnchorText>
      <Type>Occurrence</Type>
      <Position>1112</Position>
    </EventMentionInfo>
    <EventMentionInfo>
      <ID>23</ID>
      <AnchorText>said</AnchorText>
      <Type>Reporting</Type>
      <Position>1189</Position>
    </EventMentionInfo>
    <EventMentionInfo>
      <ID>24</ID>
      <AnchorText>monitoring</AnchorText>
      <Type>Occurrence</Type>
      <Position>1211</Position>
    </EventMentionInfo>
    <EventMentionInfo>
      <ID>25</ID>
      <AnchorText>sent</AnchorText>
      <Type>Occurrence</Type>
      <Position>1244</Position>
    </EventMentionInfo>
  </Events>
  <Relations>
    <HierarchyRelationInfo>
      <SuperEventID>6</SuperEventID>
      <SubEventID>7</SubEventID>
      <Type>SuperSub</Type>
      <Uncertain>false</Uncertain>
    </HierarchyRelationInfo>
    <HierarchyRelationInfo>
      <SuperEventID>10</SuperEventID>
      <SubEventID>6</SubEventID>
      <Type>Coref</Type>
      <Uncertain>false</Uncertain>
    </HierarchyRelationInfo>
    <HierarchyRelationInfo>
      <SuperEventID>24</SuperEventID>
      <SubEventID>25</SubEventID>
      <Type>SuperSub</Type>
      <Uncertain>false</Uncertain>
    </HierarchyRelationInfo>
    <HierarchyRelationInfo>
      <SuperEventID>22</SuperEventID>
      <SubEventID>5</SubEventID>
      <Type>SuperSub</Type>
      <Uncertain>false</Uncertain>
    </HierarchyRelationInfo>
    <HierarchyRelationInfo>
      <SuperEventID>1</SuperEventID>
      <SubEventID>16</SubEventID>
      <Type>Coref</Type>
      <Uncertain>false</Uncertain>
    </HierarchyRelationInfo>
    <HierarchyRelationInfo>
      <SuperEventID>16</SuperEventID>
      <SubEventID>20</SubEventID>
      <Type>Coref</Type>
      <Uncertain>false</Uncertain>
    </HierarchyRelationInfo>
    <HierarchyRelationInfo>
      <SuperEventID>22</SuperEventID>
      <SubEventID>18</SubEventID>
      <Type>SuperSub</Type>
      <Uncertain>false</Uncertain>
    </HierarchyRelationInfo>
    <HierarchyRelationInfo>
      <SuperEventID>22</SuperEventID>
      <SubEventID>13</SubEventID>
      <Type>SuperSub</Type>
      <Uncertain>false</Uncertain>
    </HierarchyRelationInfo>
    <HierarchyRelationInfo>
      <SuperEventID>13</SuperEventID>
      <SubEventID>16</SubEventID>
      <Type>SuperSub</Type>
      <Uncertain>false</Uncertain>
    </HierarchyRelationInfo>
    <HierarchyRelationInfo>
      <SuperEventID>13</SuperEventID>
      <SubEventID>3</SubEventID>
      <Type>Coref</Type>
      <Uncertain>false</Uncertain>
    </HierarchyRelationInfo>
  </Relations>
</ArticleInfo>