<ArticleInfo>
  <Text>A teenage boy has died in hospital with his parents by his bedside after a house fire which killed five of his young brothers and sisters. 13-year-old Duwayne Philpott was in hospital since the blaze which claimed the lives of his sister Jade, 10, and brothers John, nine, Jack, seven, Jessie, six, and five-year-old Jayden. The children were asleep in their beds upstairs in the house in Victory Road, Allenton, Derby, when the fire broke out at the semi-detached house in the early hours of Friday. The children's father, Mick Philpott, made a "valiant" attempt to save them, police said. A 28-year-old woman and 38-year-old man, both from Derby, were arrested by officers investigating the deaths but were yesterday released without charge. Police said they were still treating the fire as suspicious. Assistant Chief Constable Steve Cotterill added: "This investigation is still at an early stage and it should be stressed that we have not yet had the opportunity to speak to Mr and Mrs Philpott properly because they've been caring for their son in Birmingham. "I want to thank the local community who have already come forward but I would urge anyone with any information, regardless of how insignificant you think it may be, to contact us. "We would specifically like to speak to anyone who was in or around Victory Road between 3am and 4am on Friday morning." Said to be the father of 17 children, Mr Philpott hit the headlines after demanding a larger house to share with his wife, Mairead, girlfriend, Lisa, and eight offspring. He was dubbed "Shameless Mick" in 2007 for his benefit claims and refusal to get a job in a TV documentary by former Conservative MP Ann Widdecombe. Mr Philpott is reported to have demanded the bigger property because his council house was too cramped to accommodate the family. He wanted the city council to rehouse them, but the authority said they already had the biggest </Text>
  <Events>
    <EventMentionInfo>
      <ID>1</ID>
      <AnchorText>died</AnchorText>
      <Type>Occurrence</Type>
      <Position>18</Position>
    </EventMentionInfo>
    <EventMentionInfo>
      <ID>2</ID>
      <AnchorText>fire</AnchorText>
      <Type>Occurrence</Type>
      <Position>81</Position>
    </EventMentionInfo>
    <EventMentionInfo>
      <ID>3</ID>
      <AnchorText>killed</AnchorText>
      <Type>Occurrence</Type>
      <Position>92</Position>
    </EventMentionInfo>
    <EventMentionInfo>
      <ID>4</ID>
      <AnchorText>blaze</AnchorText>
      <Type>Occurrence</Type>
      <Position>194</Position>
    </EventMentionInfo>
    <EventMentionInfo>
      <ID>5</ID>
      <AnchorText>claimed</AnchorText>
      <Type>Occurrence</Type>
      <Position>206</Position>
    </EventMentionInfo>
    <EventMentionInfo>
      <ID>6</ID>
      <AnchorText>fire</AnchorText>
      <Type>Occurrence</Type>
      <Position>429</Position>
    </EventMentionInfo>
    <EventMentionInfo>
      <ID>7</ID>
      <AnchorText>broke</AnchorText>
      <Type>I_Action</Type>
      <Position>434</Position>
    </EventMentionInfo>
    <EventMentionInfo>
      <ID>8</ID>
      <AnchorText>made</AnchorText>
      <Type>I_Action</Type>
      <Position>539</Position>
    </EventMentionInfo>
    <EventMentionInfo>
      <ID>9</ID>
      <AnchorText>attempt</AnchorText>
      <Type>I_Action</Type>
      <Position>556</Position>
    </EventMentionInfo>
    <EventMentionInfo>
      <ID>10</ID>
      <AnchorText>said</AnchorText>
      <Type>Reporting</Type>
      <Position>585</Position>
    </EventMentionInfo>
    <EventMentionInfo>
      <ID>11</ID>
      <AnchorText>arrested</AnchorText>
      <Type>Occurrence</Type>
      <Position>654</Position>
    </EventMentionInfo>
    <EventMentionInfo>
      <ID>12</ID>
      <AnchorText>investigating</AnchorText>
      <Type>I_Action</Type>
      <Position>675</Position>
    </EventMentionInfo>
    <EventMentionInfo>
      <ID>13</ID>
      <AnchorText>deaths</AnchorText>
      <Type>Occurrence</Type>
      <Position>693</Position>
    </EventMentionInfo>
    <EventMentionInfo>
      <ID>14</ID>
      <AnchorText>released</AnchorText>
      <Type>Occurrence</Type>
      <Position>719</Position>
    </EventMentionInfo>
    <EventMentionInfo>
      <ID>15</ID>
      <AnchorText>said</AnchorText>
      <Type>Reporting</Type>
      <Position>751</Position>
    </EventMentionInfo>
    <EventMentionInfo>
      <ID>16</ID>
      <AnchorText>treating</AnchorText>
      <Type>I_Action</Type>
      <Position>772</Position>
    </EventMentionInfo>
    <EventMentionInfo>
      <ID>17</ID>
      <AnchorText>fire</AnchorText>
      <Type>Occurrence</Type>
      <Position>785</Position>
    </EventMentionInfo>
    <EventMentionInfo>
      <ID>18</ID>
      <AnchorText>added</AnchorText>
      <Type>Reporting</Type>
      <Position>847</Position>
    </EventMentionInfo>
    <EventMentionInfo>
      <ID>19</ID>
      <AnchorText>investigation</AnchorText>
      <Type>Occurrence</Type>
      <Position>860</Position>
    </EventMentionInfo>
    <EventMentionInfo>
      <ID>20</ID>
      <AnchorText>caring</AnchorText>
      <Type>Occurrence</Type>
      <Position>1030</Position>
    </EventMentionInfo>
    <EventMentionInfo>
      <ID>21</ID>
      <AnchorText>come</AnchorText>
      <Type>Occurrence</Type>
      <Position>1120</Position>
    </EventMentionInfo>
    <EventMentionInfo>
      <ID>22</ID>
      <AnchorText>hit</AnchorText>
      <Type>Occurrence</Type>
      <Position>1418</Position>
    </EventMentionInfo>
    <EventMentionInfo>
      <ID>23</ID>
      <AnchorText>demanding</AnchorText>
      <Type>Occurrence</Type>
      <Position>1442</Position>
    </EventMentionInfo>
    <EventMentionInfo>
      <ID>24</ID>
      <AnchorText>dubbed</AnchorText>
      <Type>Occurrence</Type>
      <Position>1546</Position>
    </EventMentionInfo>
    <EventMentionInfo>
      <ID>25</ID>
      <AnchorText>claims</AnchorText>
      <Type>HalfGeneric</Type>
      <Position>1594</Position>
    </EventMentionInfo>
    <EventMentionInfo>
      <ID>26</ID>
      <AnchorText>refusal</AnchorText>
      <Type>I_Action</Type>
      <Position>1605</Position>
    </EventMentionInfo>
    <EventMentionInfo>
      <ID>27</ID>
      <AnchorText>reported</AnchorText>
      <Type>Reporting</Type>
      <Position>1703</Position>
    </EventMentionInfo>
    <EventMentionInfo>
      <ID>28</ID>
      <AnchorText>demanded</AnchorText>
      <Type>Occurrence</Type>
      <Position>1720</Position>
    </EventMentionInfo>
    <EventMentionInfo>
      <ID>29</ID>
      <AnchorText>said</AnchorText>
      <Type>Reporting</Type>
      <Position>1880</Position>
    </EventMentionInfo>
  </Events>
  <Relations>
    <HierarchyRelationInfo>
      <SuperEventID>2</SuperEventID>
      <SubEventID>3</SubEventID>
      <Type>SuperSub</Type>
      <Uncertain>false</Uncertain>
    </HierarchyRelationInfo>
    <HierarchyRelationInfo>
      <SuperEventID>2</SuperEventID>
      <SubEventID>4</SubEventID>
      <Type>Coref</Type>
      <Uncertain>false</Uncertain>
    </HierarchyRelationInfo>
    <HierarchyRelationInfo>
      <SuperEventID>5</SuperEventID>
      <SubEventID>3</SubEventID>
      <Type>Coref</Type>
      <Uncertain>false</Uncertain>
    </HierarchyRelationInfo>
    <HierarchyRelationInfo>
      <SuperEventID>6</SuperEventID>
      <SubEventID>4</SubEventID>
      <Type>Coref</Type>
      <Uncertain>false</Uncertain>
    </HierarchyRelationInfo>
    <HierarchyRelationInfo>
      <SuperEventID>19</SuperEventID>
      <SubEventID>11</SubEventID>
      <Type>SuperSub</Type>
      <Uncertain>false</Uncertain>
    </HierarchyRelationInfo>
    <HierarchyRelationInfo>
      <SuperEventID>19</SuperEventID>
      <SubEventID>14</SubEventID>
      <Type>SuperSub</Type>
      <Uncertain>false</Uncertain>
    </HierarchyRelationInfo>
    <HierarchyRelationInfo>
      <SuperEventID>13</SuperEventID>
      <SubEventID>5</SubEventID>
      <Type>Coref</Type>
      <Uncertain>false</Uncertain>
    </HierarchyRelationInfo>
    <HierarchyRelationInfo>
      <SuperEventID>20</SuperEventID>
      <SubEventID>1</SubEventID>
      <Type>SuperSub</Type>
      <Uncertain>false</Uncertain>
    </HierarchyRelationInfo>
    <HierarchyRelationInfo>
      <SuperEventID>19</SuperEventID>
      <SubEventID>20</SubEventID>
      <Type>SuperSub</Type>
      <Uncertain>false</Uncertain>
    </HierarchyRelationInfo>
    <HierarchyRelationInfo>
      <SuperEventID>19</SuperEventID>
      <SubEventID>21</SubEventID>
      <Type>SuperSub</Type>
      <Uncertain>false</Uncertain>
    </HierarchyRelationInfo>
    <HierarchyRelationInfo>
      <SuperEventID>28</SuperEventID>
      <SubEventID>23</SubEventID>
      <Type>Coref</Type>
      <Uncertain>false</Uncertain>
    </HierarchyRelationInfo>
    <HierarchyRelationInfo>
      <SuperEventID>25</SuperEventID>
      <SubEventID>24</SubEventID>
      <Type>SuperSub</Type>
      <Uncertain>true</Uncertain>
    </HierarchyRelationInfo>
    <HierarchyRelationInfo>
      <SuperEventID>25</SuperEventID>
      <SubEventID>23</SubEventID>
      <Type>SuperSub</Type>
      <Uncertain>true</Uncertain>
    </HierarchyRelationInfo>
    <HierarchyRelationInfo>
      <SuperEventID>25</SuperEventID>
      <SubEventID>22</SubEventID>
      <Type>SuperSub</Type>
      <Uncertain>true</Uncertain>
    </HierarchyRelationInfo>
    <HierarchyRelationInfo>
      <SuperEventID>17</SuperEventID>
      <SubEventID>6</SubEventID>
      <Type>Coref</Type>
      <Uncertain>false</Uncertain>
    </HierarchyRelationInfo>
  </Relations>
</ArticleInfo>