<ArticleInfo>
  <Text>The U.S. Federal Trade Commission has reached out to Google Inc and Twitter in an investigation into Facebook Inc's $1 billion acquisition of photo-sharing service Instagram, a source familiar with the probe told Reuters. It was not immediately clear what specific information the FTC was looking for, the source said. The Commission automatically initiates a review of any acquisition of significant size. The acquisition of the top photo-sharing service on the Internet is a crucial part of Facebook's strategy to bolster its mobile offerings, at a time when consumers are increasingly accessing the Internet through smarpthones. Facebook had said it hopes to complete the deal -- the largest in Facebook's history -- in the second quarter, but some observers think that may be an ambitious target, given the size of the deal and Facebook's status as the world's No.1 Internet social network with roughly 900 million users. The FTC's review of the deal comes as Facebook is preparing to raise as much as $12 billion in a record-breaking initial public offering that could occur as soon as next week. Some investors have cited Facebook's limited advertising revenue from the mobile versions of its service as a potential concern with regards to the company's long-term growth potential. Facebook and Twitter declined to comment. Google was not immediately available for comment.</Text>
  <Events>
    <EventMentionInfo>
      <ID>1</ID>
      <AnchorText>reached</AnchorText>
      <Type>Occurrence</Type>
      <Position>38</Position>
    </EventMentionInfo>
    <EventMentionInfo>
      <ID>2</ID>
      <AnchorText>investigation</AnchorText>
      <Type>Occurrence</Type>
      <Position>82</Position>
    </EventMentionInfo>
    <EventMentionInfo>
      <ID>3</ID>
      <AnchorText>acquisition</AnchorText>
      <Type>Occurrence</Type>
      <Position>127</Position>
    </EventMentionInfo>
    <EventMentionInfo>
      <ID>4</ID>
      <AnchorText>told</AnchorText>
      <Type>Reporting</Type>
      <Position>208</Position>
    </EventMentionInfo>
    <EventMentionInfo>
      <ID>5</ID>
      <AnchorText>looking</AnchorText>
      <Type>Occurrence</Type>
      <Position>289</Position>
    </EventMentionInfo>
    <EventMentionInfo>
      <ID>6</ID>
      <AnchorText>said</AnchorText>
      <Type>Reporting</Type>
      <Position>313</Position>
    </EventMentionInfo>
    <EventMentionInfo>
      <ID>7</ID>
      <AnchorText>acquisition</AnchorText>
      <Type>Occurrence</Type>
      <Position>411</Position>
    </EventMentionInfo>
    <EventMentionInfo>
      <ID>8</ID>
      <AnchorText>said</AnchorText>
      <Type>Reporting</Type>
      <Position>645</Position>
    </EventMentionInfo>
    <EventMentionInfo>
      <ID>9</ID>
      <AnchorText>comes</AnchorText>
      <Type>Occurrence</Type>
      <Position>955</Position>
    </EventMentionInfo>
    <EventMentionInfo>
      <ID>10</ID>
      <AnchorText>preparing</AnchorText>
      <Type>I_Action</Type>
      <Position>976</Position>
    </EventMentionInfo>
    <EventMentionInfo>
      <ID>11</ID>
      <AnchorText>cited</AnchorText>
      <Type>Reporting</Type>
      <Position>1122</Position>
    </EventMentionInfo>
    <EventMentionInfo>
      <ID>12</ID>
      <AnchorText>declined</AnchorText>
      <Type>I_Action</Type>
      <Position>1309</Position>
    </EventMentionInfo>
  </Events>
  <Relations>
    <HierarchyRelationInfo>
      <SuperEventID>2</SuperEventID>
      <SubEventID>5</SubEventID>
      <Type>SuperSub</Type>
      <Uncertain>false</Uncertain>
    </HierarchyRelationInfo>
    <HierarchyRelationInfo>
      <SuperEventID>5</SuperEventID>
      <SubEventID>1</SubEventID>
      <Type>SuperSub</Type>
      <Uncertain>false</Uncertain>
    </HierarchyRelationInfo>
    <HierarchyRelationInfo>
      <SuperEventID>3</SuperEventID>
      <SubEventID>7</SubEventID>
      <Type>Coref</Type>
      <Uncertain>false</Uncertain>
    </HierarchyRelationInfo>
    <HierarchyRelationInfo>
      <SuperEventID>2</SuperEventID>
      <SubEventID>9</SubEventID>
      <Type>SuperSub</Type>
      <Uncertain>false</Uncertain>
    </HierarchyRelationInfo>
  </Relations>
</ArticleInfo>