<ArticleInfo>
  <Text>A black market fuel-laundering plant costing &#8364;2m a year in lost taxes has been uncovered. Customs officers disrupted the illegal double processing unit, one concealed in a shed and the other in a 40ft container, on commercial premises in Rathmore, Dundalk, Co Louth. The operation had the capacity to process four million litres of fuel a year. Customs seized four lorries, 18,000 litres of marked mineral oil, a tanker containing 6,000 litres of laundered fuel, the lorry trailer with a concealed tank and bleaching earth. Elsewhere, an oil tanker containing 19,000 litres of smuggled fuel was seized by Revenue's Customs Service while travelling south on the M1. In a separate operation, a man in his 20s was arrested after 248,000 cigarettes, 51 kilos of tobacco and a small quantity of herbal cannabis was seized in a raid on a small lock-up in north inner city Dublin. The cigarettes were worth &#8364;116,000 and would have cost the Exchequer &#8364;98,000 while the rolling tobacco was estimated at &#8364;22,000. </Text>
  <Events>
    <EventMentionInfo>
      <ID>1</ID>
      <AnchorText>uncovered</AnchorText>
      <Type>Occurrence</Type>
      <Position>79</Position>
    </EventMentionInfo>
    <EventMentionInfo>
      <ID>2</ID>
      <AnchorText>disrupted</AnchorText>
      <Type>Occurrence</Type>
      <Position>107</Position>
    </EventMentionInfo>
    <EventMentionInfo>
      <ID>3</ID>
      <AnchorText>concealed</AnchorText>
      <Type>Occurrence</Type>
      <Position>157</Position>
    </EventMentionInfo>
    <EventMentionInfo>
      <ID>4</ID>
      <AnchorText>operation</AnchorText>
      <Type>Occurrence</Type>
      <Position>271</Position>
    </EventMentionInfo>
    <EventMentionInfo>
      <ID>5</ID>
      <AnchorText>seized</AnchorText>
      <Type>Occurrence</Type>
      <Position>353</Position>
    </EventMentionInfo>
    <EventMentionInfo>
      <ID>6</ID>
      <AnchorText>seized</AnchorText>
      <Type>Occurrence</Type>
      <Position>595</Position>
    </EventMentionInfo>
    <EventMentionInfo>
      <ID>7</ID>
      <AnchorText>travelling</AnchorText>
      <Type>Occurrence</Type>
      <Position>637</Position>
    </EventMentionInfo>
    <EventMentionInfo>
      <ID>8</ID>
      <AnchorText>operation</AnchorText>
      <Type>Occurrence</Type>
      <Position>679</Position>
    </EventMentionInfo>
    <EventMentionInfo>
      <ID>9</ID>
      <AnchorText>arrested</AnchorText>
      <Type>Occurrence</Type>
      <Position>711</Position>
    </EventMentionInfo>
    <EventMentionInfo>
      <ID>10</ID>
      <AnchorText>seized</AnchorText>
      <Type>Occurrence</Type>
      <Position>810</Position>
    </EventMentionInfo>
    <EventMentionInfo>
      <ID>11</ID>
      <AnchorText>raid</AnchorText>
      <Type>Occurrence</Type>
      <Position>822</Position>
    </EventMentionInfo>
    <EventMentionInfo>
      <ID>12</ID>
      <AnchorText>estimated</AnchorText>
      <Type>Occurrence</Type>
      <Position>981</Position>
    </EventMentionInfo>
  </Events>
  <Relations>
    <HierarchyRelationInfo>
      <SuperEventID>1</SuperEventID>
      <SubEventID>2</SubEventID>
      <Type>SuperSub</Type>
      <Uncertain>false</Uncertain>
    </HierarchyRelationInfo>
    <HierarchyRelationInfo>
      <SuperEventID>2</SuperEventID>
      <SubEventID>5</SubEventID>
      <Type>SuperSub</Type>
      <Uncertain>false</Uncertain>
    </HierarchyRelationInfo>
    <HierarchyRelationInfo>
      <SuperEventID>7</SuperEventID>
      <SubEventID>6</SubEventID>
      <Type>SuperSub</Type>
      <Uncertain>false</Uncertain>
    </HierarchyRelationInfo>
    <HierarchyRelationInfo>
      <SuperEventID>1</SuperEventID>
      <SubEventID>7</SubEventID>
      <Type>SuperSub</Type>
      <Uncertain>false</Uncertain>
    </HierarchyRelationInfo>
    <HierarchyRelationInfo>
      <SuperEventID>8</SuperEventID>
      <SubEventID>9</SubEventID>
      <Type>SuperSub</Type>
      <Uncertain>false</Uncertain>
    </HierarchyRelationInfo>
    <HierarchyRelationInfo>
      <SuperEventID>8</SuperEventID>
      <SubEventID>10</SubEventID>
      <Type>SuperSub</Type>
      <Uncertain>false</Uncertain>
    </HierarchyRelationInfo>
    <HierarchyRelationInfo>
      <SuperEventID>8</SuperEventID>
      <SubEventID>11</SubEventID>
      <Type>SuperSub</Type>
      <Uncertain>false</Uncertain>
    </HierarchyRelationInfo>
  </Relations>
</ArticleInfo>