<ArticleInfo>
  <Text>Electoral officials in Congo struggled to finish counting votes from last week's presidential election on Tuesday, sending&#160; helicopters to remote polling stations to try to meet a midnight deadline as street tensions rose. A delay in issuing full preliminary results from the vote in the vast central African state could further complicate an election already marred by deadly violence, logistical problems and allegations of fraud. "We want to keep to the date of December 6, but we've had some logistical problems, these have hampered us," electoral body spokesman Mathieu Mpita said by telephone. "If we don't have the maximum initial tallies, we will release partial results." The electoral commission set the deadline for a full preliminary count for Dec. 6, the fifth anniversary of President Joseph Kabila's inauguration, and the day the opposition says&#160; marks the end of his constitutional term. U.N.-led diplomatic efforts are under way to allow a delay to the results if needed, according to sources. Partial preliminary results issued so far, representing nearly 70% of the ballots cast, give Kabila a 10-point lead over his chief rival, Etienne Tshisekedi. The opposition has said it will reject the outcome. At least 18 people have been killed in election-related violence so far, according to US-based Human Rights Watch, and a senior member of Kabila's camp said the government would have to call in the army if protests become "too chaotic". Banks closing There was a heavy security presence on the streets of the capital on Tuesday, and some residents piled into boats to cross the Congo River into neighbouring Congo Republic, fearing renewed violence after the results. Banks across the city were shutting early and the city's normally chaotic central market was quiet. "I have my normal clients, but they aren't here. I don't know if they are scared," said Rose Nsele, sitting next to a pile of manioc leaves she had been unable to sell. The first locally organised and funded election since the official end of years of war in 2003 that killed 5,4 million people was meant to offer hope of greater stability. But fears are mounting that a rejection of the results will unleash bloodshed. Veteran opposition leader Tshisekedi enjoys broad support in Kinshasa, a city of 10 million people. Congo's election commission defied all odds to hold the presidential and parliamentary vote last week. Often chaotic and at times violent, voting had to be stretched over three days due to delays in places. International observers say the various steps of the counting process after the initial tally at polling stations had been poorly organised, with ballots and results sheets often lost or destroyed in the process. Joseph Kabila succeeded his father, Laurent Kabila, who was shot dead by a bodyguard in 2001. He won U.N.-sponsored elections in 2006, promising he would bring an end to a decade of war and chaos. But his government has struggled against local and foreign rebel groups in the east and Congo remains among the most risky countries in which to do business.</Text>
  <Events>
    <EventMentionInfo>
      <ID>1</ID>
      <AnchorText>struggled</AnchorText>
      <Type>I_Action</Type>
      <Position>29</Position>
    </EventMentionInfo>
    <EventMentionInfo>
      <ID>2</ID>
      <AnchorText>counting</AnchorText>
      <Type>Occurrence</Type>
      <Position>49</Position>
    </EventMentionInfo>
    <EventMentionInfo>
      <ID>3</ID>
      <AnchorText>election</AnchorText>
      <Type>Occurrence</Type>
      <Position>94</Position>
    </EventMentionInfo>
    <EventMentionInfo>
      <ID>4</ID>
      <AnchorText>sending</AnchorText>
      <Type>I_Action</Type>
      <Position>115</Position>
    </EventMentionInfo>
    <EventMentionInfo>
      <ID>5</ID>
      <AnchorText>try</AnchorText>
      <Type>I_Action</Type>
      <Position>166</Position>
    </EventMentionInfo>
    <EventMentionInfo>
      <ID>6</ID>
      <AnchorText>rose</AnchorText>
      <Type>StateChange</Type>
      <Position>217</Position>
    </EventMentionInfo>
    <EventMentionInfo>
      <ID>7</ID>
      <AnchorText>vote</AnchorText>
      <Type>Occurrence</Type>
      <Position>276</Position>
    </EventMentionInfo>
    <EventMentionInfo>
      <ID>8</ID>
      <AnchorText>election</AnchorText>
      <Type>Occurrence</Type>
      <Position>343</Position>
    </EventMentionInfo>
    <EventMentionInfo>
      <ID>9</ID>
      <AnchorText>marred</AnchorText>
      <Type>I_Action</Type>
      <Position>360</Position>
    </EventMentionInfo>
    <EventMentionInfo>
      <ID>10</ID>
      <AnchorText>violence</AnchorText>
      <Type>HalfGeneric</Type>
      <Position>377</Position>
    </EventMentionInfo>
    <EventMentionInfo>
      <ID>11</ID>
      <AnchorText>allegations</AnchorText>
      <Type>HalfGeneric</Type>
      <Position>411</Position>
    </EventMentionInfo>
    <EventMentionInfo>
      <ID>12</ID>
      <AnchorText>hampered</AnchorText>
      <Type>Occurrence</Type>
      <Position>528</Position>
    </EventMentionInfo>
    <EventMentionInfo>
      <ID>13</ID>
      <AnchorText>said</AnchorText>
      <Type>Reporting</Type>
      <Position>581</Position>
    </EventMentionInfo>
    <EventMentionInfo>
      <ID>14</ID>
      <AnchorText>set</AnchorText>
      <Type>Occurrence</Type>
      <Position>706</Position>
    </EventMentionInfo>
    <EventMentionInfo>
      <ID>15</ID>
      <AnchorText>inauguration</AnchorText>
      <Type>Occurrence</Type>
      <Position>815</Position>
    </EventMentionInfo>
    <EventMentionInfo>
      <ID>16</ID>
      <AnchorText>says</AnchorText>
      <Type>Reporting</Type>
      <Position>856</Position>
    </EventMentionInfo>
    <EventMentionInfo>
      <ID>17</ID>
      <AnchorText>efforts</AnchorText>
      <Type>HalfGeneric</Type>
      <Position>924</Position>
    </EventMentionInfo>
    <EventMentionInfo>
      <ID>18</ID>
      <AnchorText>issued</AnchorText>
      <Type>Occurrence</Type>
      <Position>1039</Position>
    </EventMentionInfo>
    <EventMentionInfo>
      <ID>19</ID>
      <AnchorText>cast</AnchorText>
      <Type>HalfGeneric</Type>
      <Position>1093</Position>
    </EventMentionInfo>
    <EventMentionInfo>
      <ID>20</ID>
      <AnchorText>said</AnchorText>
      <Type>Reporting</Type>
      <Position>1188</Position>
    </EventMentionInfo>
    <EventMentionInfo>
      <ID>21</ID>
      <AnchorText>killed</AnchorText>
      <Type>Occurrence</Type>
      <Position>1250</Position>
    </EventMentionInfo>
    <EventMentionInfo>
      <ID>22</ID>
      <AnchorText>violence</AnchorText>
      <Type>HalfGeneric</Type>
      <Position>1277</Position>
    </EventMentionInfo>
    <EventMentionInfo>
      <ID>23</ID>
      <AnchorText>said</AnchorText>
      <Type>Reporting</Type>
      <Position>1373</Position>
    </EventMentionInfo>
    <EventMentionInfo>
      <ID>24</ID>
      <AnchorText>protests</AnchorText>
      <Type>HalfGeneric</Type>
      <Position>1427</Position>
    </EventMentionInfo>
    <EventMentionInfo>
      <ID>25</ID>
      <AnchorText>piled</AnchorText>
      <Type>I_Action</Type>
      <Position>1569</Position>
    </EventMentionInfo>
    <EventMentionInfo>
      <ID>26</ID>
      <AnchorText>shutting</AnchorText>
      <Type>HalfGeneric</Type>
      <Position>1716</Position>
    </EventMentionInfo>
    <EventMentionInfo>
      <ID>27</ID>
      <AnchorText>said</AnchorText>
      <Type>Reporting</Type>
      <Position>1872</Position>
    </EventMentionInfo>
    <EventMentionInfo>
      <ID>28</ID>
      <AnchorText>organised</AnchorText>
      <Type>I_Action</Type>
      <Position>1976</Position>
    </EventMentionInfo>
    <EventMentionInfo>
      <ID>29</ID>
      <AnchorText>funded</AnchorText>
      <Type>I_Action</Type>
      <Position>1990</Position>
    </EventMentionInfo>
    <EventMentionInfo>
      <ID>30</ID>
      <AnchorText>election</AnchorText>
      <Type>Occurrence</Type>
      <Position>1997</Position>
    </EventMentionInfo>
    <EventMentionInfo>
      <ID>31</ID>
      <AnchorText>war</AnchorText>
      <Type>Occurrence</Type>
      <Position>2041</Position>
    </EventMentionInfo>
    <EventMentionInfo>
      <ID>32</ID>
      <AnchorText>killed</AnchorText>
      <Type>Occurrence</Type>
      <Position>2058</Position>
    </EventMentionInfo>
    <EventMentionInfo>
      <ID>33</ID>
      <AnchorText>mounting</AnchorText>
      <Type>StateChange</Type>
      <Position>2144</Position>
    </EventMentionInfo>
    <EventMentionInfo>
      <ID>34</ID>
      <AnchorText>defied</AnchorText>
      <Type>I_Action</Type>
      <Position>2337</Position>
    </EventMentionInfo>
    <EventMentionInfo>
      <ID>35</ID>
      <AnchorText>hold</AnchorText>
      <Type>I_Action</Type>
      <Position>2356</Position>
    </EventMentionInfo>
    <EventMentionInfo>
      <ID>36</ID>
      <AnchorText>vote</AnchorText>
      <Type>Occurrence</Type>
      <Position>2396</Position>
    </EventMentionInfo>
    <EventMentionInfo>
      <ID>37</ID>
      <AnchorText>voting</AnchorText>
      <Type>Occurrence</Type>
      <Position>2448</Position>
    </EventMentionInfo>
    <EventMentionInfo>
      <ID>38</ID>
      <AnchorText>stretched</AnchorText>
      <Type>I_Action</Type>
      <Position>2465</Position>
    </EventMentionInfo>
    <EventMentionInfo>
      <ID>39</ID>
      <AnchorText>delays</AnchorText>
      <Type>HalfGeneric</Type>
      <Position>2498</Position>
    </EventMentionInfo>
    <EventMentionInfo>
      <ID>40</ID>
      <AnchorText>say</AnchorText>
      <Type>Reporting</Type>
      <Position>2540</Position>
    </EventMentionInfo>
    <EventMentionInfo>
      <ID>41</ID>
      <AnchorText>process</AnchorText>
      <Type>Occurrence</Type>
      <Position>2578</Position>
    </EventMentionInfo>
    <EventMentionInfo>
      <ID>42</ID>
      <AnchorText>tally</AnchorText>
      <Type>Occurrence</Type>
      <Position>2604</Position>
    </EventMentionInfo>
    <EventMentionInfo>
      <ID>43</ID>
      <AnchorText>lost</AnchorText>
      <Type>HalfGeneric</Type>
      <Position>2695</Position>
    </EventMentionInfo>
    <EventMentionInfo>
      <ID>44</ID>
      <AnchorText>destroyed</AnchorText>
      <Type>HalfGeneric</Type>
      <Position>2703</Position>
    </EventMentionInfo>
    <EventMentionInfo>
      <ID>45</ID>
      <AnchorText>process</AnchorText>
      <Type>Occurrence</Type>
      <Position>2720</Position>
    </EventMentionInfo>
    <EventMentionInfo>
      <ID>46</ID>
      <AnchorText>succeeded</AnchorText>
      <Type>Occurrence</Type>
      <Position>2743</Position>
    </EventMentionInfo>
    <EventMentionInfo>
      <ID>47</ID>
      <AnchorText>shot</AnchorText>
      <Type>Occurrence</Type>
      <Position>2789</Position>
    </EventMentionInfo>
    <EventMentionInfo>
      <ID>48</ID>
      <AnchorText>won</AnchorText>
      <Type>I_Action</Type>
      <Position>2826</Position>
    </EventMentionInfo>
    <EventMentionInfo>
      <ID>49</ID>
      <AnchorText>elections</AnchorText>
      <Type>Occurrence</Type>
      <Position>2845</Position>
    </EventMentionInfo>
    <EventMentionInfo>
      <ID>50</ID>
      <AnchorText>promising</AnchorText>
      <Type>I_Action</Type>
      <Position>2864</Position>
    </EventMentionInfo>
    <EventMentionInfo>
      <ID>51</ID>
      <AnchorText>struggled</AnchorText>
      <Type>Occurrence</Type>
      <Position>2949</Position>
    </EventMentionInfo>
  </Events>
  <Relations>
    <HierarchyRelationInfo>
      <SuperEventID>8</SuperEventID>
      <SubEventID>3</SubEventID>
      <Type>Coref</Type>
      <Uncertain>false</Uncertain>
    </HierarchyRelationInfo>
    <HierarchyRelationInfo>
      <SuperEventID>8</SuperEventID>
      <SubEventID>10</SubEventID>
      <Type>SuperSub</Type>
      <Uncertain>false</Uncertain>
    </HierarchyRelationInfo>
    <HierarchyRelationInfo>
      <SuperEventID>8</SuperEventID>
      <SubEventID>11</SubEventID>
      <Type>SuperSub</Type>
      <Uncertain>false</Uncertain>
    </HierarchyRelationInfo>
    <HierarchyRelationInfo>
      <SuperEventID>2</SuperEventID>
      <SubEventID>12</SubEventID>
      <Type>SuperSub</Type>
      <Uncertain>false</Uncertain>
    </HierarchyRelationInfo>
    <HierarchyRelationInfo>
      <SuperEventID>3</SuperEventID>
      <SubEventID>7</SubEventID>
      <Type>SuperSub</Type>
      <Uncertain>false</Uncertain>
    </HierarchyRelationInfo>
    <HierarchyRelationInfo>
      <SuperEventID>3</SuperEventID>
      <SubEventID>2</SubEventID>
      <Type>SuperSub</Type>
      <Uncertain>false</Uncertain>
    </HierarchyRelationInfo>
    <HierarchyRelationInfo>
      <SuperEventID>19</SuperEventID>
      <SubEventID>7</SubEventID>
      <Type>Coref</Type>
      <Uncertain>false</Uncertain>
    </HierarchyRelationInfo>
    <HierarchyRelationInfo>
      <SuperEventID>8</SuperEventID>
      <SubEventID>18</SubEventID>
      <Type>SuperSub</Type>
      <Uncertain>false</Uncertain>
    </HierarchyRelationInfo>
    <HierarchyRelationInfo>
      <SuperEventID>8</SuperEventID>
      <SubEventID>17</SubEventID>
      <Type>SuperSub</Type>
      <Uncertain>false</Uncertain>
    </HierarchyRelationInfo>
    <HierarchyRelationInfo>
      <SuperEventID>22</SuperEventID>
      <SubEventID>21</SubEventID>
      <Type>SuperSub</Type>
      <Uncertain>false</Uncertain>
    </HierarchyRelationInfo>
    <HierarchyRelationInfo>
      <SuperEventID>24</SuperEventID>
      <SubEventID>22</SubEventID>
      <Type>SuperSub</Type>
      <Uncertain>false</Uncertain>
    </HierarchyRelationInfo>
    <HierarchyRelationInfo>
      <SuperEventID>8</SuperEventID>
      <SubEventID>24</SubEventID>
      <Type>SuperSub</Type>
      <Uncertain>false</Uncertain>
    </HierarchyRelationInfo>
    <HierarchyRelationInfo>
      <SuperEventID>31</SuperEventID>
      <SubEventID>32</SubEventID>
      <Type>SuperSub</Type>
      <Uncertain>false</Uncertain>
    </HierarchyRelationInfo>
    <HierarchyRelationInfo>
      <SuperEventID>30</SuperEventID>
      <SubEventID>8</SubEventID>
      <Type>Coref</Type>
      <Uncertain>false</Uncertain>
    </HierarchyRelationInfo>
    <HierarchyRelationInfo>
      <SuperEventID>36</SuperEventID>
      <SubEventID>19</SubEventID>
      <Type>Coref</Type>
      <Uncertain>false</Uncertain>
    </HierarchyRelationInfo>
    <HierarchyRelationInfo>
      <SuperEventID>37</SuperEventID>
      <SubEventID>36</SubEventID>
      <Type>Coref</Type>
      <Uncertain>false</Uncertain>
    </HierarchyRelationInfo>
    <HierarchyRelationInfo>
      <SuperEventID>37</SuperEventID>
      <SubEventID>39</SubEventID>
      <Type>SuperSub</Type>
      <Uncertain>false</Uncertain>
    </HierarchyRelationInfo>
    <HierarchyRelationInfo>
      <SuperEventID>41</SuperEventID>
      <SubEventID>2</SubEventID>
      <Type>Coref</Type>
      <Uncertain>false</Uncertain>
    </HierarchyRelationInfo>
    <HierarchyRelationInfo>
      <SuperEventID>45</SuperEventID>
      <SubEventID>41</SubEventID>
      <Type>Coref</Type>
      <Uncertain>false</Uncertain>
    </HierarchyRelationInfo>
    <HierarchyRelationInfo>
      <SuperEventID>2</SuperEventID>
      <SubEventID>26</SubEventID>
      <Type>SuperSub</Type>
      <Uncertain>false</Uncertain>
    </HierarchyRelationInfo>
    <HierarchyRelationInfo>
      <SuperEventID>30</SuperEventID>
      <SubEventID>33</SubEventID>
      <Type>SuperSub</Type>
      <Uncertain>false</Uncertain>
    </HierarchyRelationInfo>
    <HierarchyRelationInfo>
      <SuperEventID>45</SuperEventID>
      <SubEventID>44</SubEventID>
      <Type>SuperSub</Type>
      <Uncertain>false</Uncertain>
    </HierarchyRelationInfo>
    <HierarchyRelationInfo>
      <SuperEventID>45</SuperEventID>
      <SubEventID>43</SubEventID>
      <Type>SuperSub</Type>
      <Uncertain>false</Uncertain>
    </HierarchyRelationInfo>
    <HierarchyRelationInfo>
      <SuperEventID>41</SuperEventID>
      <SubEventID>42</SubEventID>
      <Type>SuperSub</Type>
      <Uncertain>false</Uncertain>
    </HierarchyRelationInfo>
    <HierarchyRelationInfo>
      <SuperEventID>49</SuperEventID>
      <SubEventID>46</SubEventID>
      <Type>SuperSub</Type>
      <Uncertain>false</Uncertain>
    </HierarchyRelationInfo>
    <HierarchyRelationInfo>
      <SuperEventID>49</SuperEventID>
      <SubEventID>15</SubEventID>
      <Type>SuperSub</Type>
      <Uncertain>false</Uncertain>
    </HierarchyRelationInfo>
  </Relations>
</ArticleInfo>