<ArticleInfo>
  <Text>Pre-election violence has erupted in the Egyptian capital, Cairo, killing at least 11 people, wounding more than 100 others, and prompting several presidential candidates to suspend their campaigns. Egyptian medical and security sources confirmed the death toll in Wednesday's fighting, which began at dawn when assailants raided a protest camp occupied by hundreds of activists opposed to the military-backed government. Protesters' demands The mostly Islamist protesters had been camping near the Egyptian defense ministry in Cairo's Abbassiya district since Saturday, demanding an immediate end to military rule in Egypt. The protesters fought back against the assailants, described by some witnesses as pro-government "thugs." The rival groups attacked each other with firebombs and stones. Gunfire also was heard at the scene. Mohamed Mursi of the Muslim Brotherhood announced a two-day suspension in solidarity with the victims. The Brotherhood also declared a boycott of a meeting with Egypt's ruling military council planned for later on Wednesday. The other leading Islamist candidate, Abdel Moneim Abol Fotouh, cancelled his next campaign events in protest at how authorities handled the Cairo street battles. Egypt's presidential election will be the first since a popular uprising ousted longtime autocratic leader Hosni Mubarak in February 2011. The military council that took over from Mubarak has promised a democratic transition and a transfer of power to an elected president by July 1. But, Egypt's generals have faced strong domestic criticism for their handling of that process, which has been plagued by periodic eruptions of deadly violence, often surrounding anti-government protests in major cities. Many of the protesters camped outside the Egyptian defense ministry are Islamists who were angered by the ruling military's decision to bar ultraconservative Islamist cleric Hazem Abu Ismail from standing in the presidential contest. Egypt's election commission disqualified Abu Ismail because his mother had taken joint U.S. citizenship. Some liberal pro-democracy activists had joined the Islamists at the encampment in calling for Egypt's ruling generals to step down immediately. </Text>
  <Events>
    <EventMentionInfo>
      <ID>1</ID>
      <AnchorText>violence</AnchorText>
      <Type>Occurrence</Type>
      <Position>13</Position>
    </EventMentionInfo>
    <EventMentionInfo>
      <ID>2</ID>
      <AnchorText>erupted</AnchorText>
      <Type>Occurrence</Type>
      <Position>26</Position>
    </EventMentionInfo>
    <EventMentionInfo>
      <ID>3</ID>
      <AnchorText>killing</AnchorText>
      <Type>Occurrence</Type>
      <Position>66</Position>
    </EventMentionInfo>
    <EventMentionInfo>
      <ID>4</ID>
      <AnchorText>wounding</AnchorText>
      <Type>Occurrence</Type>
      <Position>94</Position>
    </EventMentionInfo>
    <EventMentionInfo>
      <ID>5</ID>
      <AnchorText>prompting</AnchorText>
      <Type>I_Action</Type>
      <Position>129</Position>
    </EventMentionInfo>
    <EventMentionInfo>
      <ID>6</ID>
      <AnchorText>suspend</AnchorText>
      <Type>I_Action</Type>
      <Position>174</Position>
    </EventMentionInfo>
    <EventMentionInfo>
      <ID>7</ID>
      <AnchorText>campaigns</AnchorText>
      <Type>Occurrence</Type>
      <Position>188</Position>
    </EventMentionInfo>
    <EventMentionInfo>
      <ID>8</ID>
      <AnchorText>confirmed</AnchorText>
      <Type>I_Action</Type>
      <Position>237</Position>
    </EventMentionInfo>
    <EventMentionInfo>
      <ID>9</ID>
      <AnchorText>fighting</AnchorText>
      <Type>Occurrence</Type>
      <Position>277</Position>
    </EventMentionInfo>
    <EventMentionInfo>
      <ID>10</ID>
      <AnchorText>began</AnchorText>
      <Type>Occurrence</Type>
      <Position>293</Position>
    </EventMentionInfo>
    <EventMentionInfo>
      <ID>11</ID>
      <AnchorText>raided</AnchorText>
      <Type>Occurrence</Type>
      <Position>323</Position>
    </EventMentionInfo>
    <EventMentionInfo>
      <ID>12</ID>
      <AnchorText>camping</AnchorText>
      <Type>Occurrence</Type>
      <Position>482</Position>
    </EventMentionInfo>
    <EventMentionInfo>
      <ID>13</ID>
      <AnchorText>demanding</AnchorText>
      <Type>I_Action</Type>
      <Position>571</Position>
    </EventMentionInfo>
    <EventMentionInfo>
      <ID>14</ID>
      <AnchorText>fought</AnchorText>
      <Type>Occurrence</Type>
      <Position>640</Position>
    </EventMentionInfo>
    <EventMentionInfo>
      <ID>15</ID>
      <AnchorText>described</AnchorText>
      <Type>Reporting</Type>
      <Position>676</Position>
    </EventMentionInfo>
    <EventMentionInfo>
      <ID>16</ID>
      <AnchorText>attacked</AnchorText>
      <Type>Occurrence</Type>
      <Position>748</Position>
    </EventMentionInfo>
    <EventMentionInfo>
      <ID>17</ID>
      <AnchorText>Gunfire</AnchorText>
      <Type>Occurrence</Type>
      <Position>795</Position>
    </EventMentionInfo>
    <EventMentionInfo>
      <ID>18</ID>
      <AnchorText>heard</AnchorText>
      <Type>Perception</Type>
      <Position>812</Position>
    </EventMentionInfo>
    <EventMentionInfo>
      <ID>19</ID>
      <AnchorText>announced</AnchorText>
      <Type>I_Action</Type>
      <Position>872</Position>
    </EventMentionInfo>
    <EventMentionInfo>
      <ID>20</ID>
      <AnchorText>declared</AnchorText>
      <Type>I_Action</Type>
      <Position>956</Position>
    </EventMentionInfo>
    <EventMentionInfo>
      <ID>21</ID>
      <AnchorText>cancelled</AnchorText>
      <Type>I_Action</Type>
      <Position>1121</Position>
    </EventMentionInfo>
    <EventMentionInfo>
      <ID>22</ID>
      <AnchorText>handled</AnchorText>
      <Type>I_Action</Type>
      <Position>1186</Position>
    </EventMentionInfo>
    <EventMentionInfo>
      <ID>23</ID>
      <AnchorText>battles</AnchorText>
      <Type>Occurrence</Type>
      <Position>1211</Position>
    </EventMentionInfo>
    <EventMentionInfo>
      <ID>24</ID>
      <AnchorText>uprising</AnchorText>
      <Type>Occurrence</Type>
      <Position>1284</Position>
    </EventMentionInfo>
    <EventMentionInfo>
      <ID>25</ID>
      <AnchorText>ousted</AnchorText>
      <Type>I_Action</Type>
      <Position>1293</Position>
    </EventMentionInfo>
    <EventMentionInfo>
      <ID>26</ID>
      <AnchorText>took</AnchorText>
      <Type>Occurrence</Type>
      <Position>1385</Position>
    </EventMentionInfo>
    <EventMentionInfo>
      <ID>27</ID>
      <AnchorText>promised</AnchorText>
      <Type>I_Action</Type>
      <Position>1412</Position>
    </EventMentionInfo>
    <EventMentionInfo>
      <ID>28</ID>
      <AnchorText>faced</AnchorText>
      <Type>I_Action</Type>
      <Position>1531</Position>
    </EventMentionInfo>
    <EventMentionInfo>
      <ID>29</ID>
      <AnchorText>criticism</AnchorText>
      <Type>Occurrence</Type>
      <Position>1553</Position>
    </EventMentionInfo>
    <EventMentionInfo>
      <ID>30</ID>
      <AnchorText>process</AnchorText>
      <Type>Occurrence</Type>
      <Position>1590</Position>
    </EventMentionInfo>
    <EventMentionInfo>
      <ID>31</ID>
      <AnchorText>plagued</AnchorText>
      <Type>I_Action</Type>
      <Position>1614</Position>
    </EventMentionInfo>
    <EventMentionInfo>
      <ID>32</ID>
      <AnchorText>eruptions</AnchorText>
      <Type>I_Action</Type>
      <Position>1634</Position>
    </EventMentionInfo>
    <EventMentionInfo>
      <ID>33</ID>
      <AnchorText>violence</AnchorText>
      <Type>HalfGeneric</Type>
      <Position>1654</Position>
    </EventMentionInfo>
    <EventMentionInfo>
      <ID>34</ID>
      <AnchorText>protests</AnchorText>
      <Type>HalfGeneric</Type>
      <Position>1698</Position>
    </EventMentionInfo>
    <EventMentionInfo>
      <ID>35</ID>
      <AnchorText>camped</AnchorText>
      <Type>Occurrence</Type>
      <Position>1747</Position>
    </EventMentionInfo>
    <EventMentionInfo>
      <ID>36</ID>
      <AnchorText>angered</AnchorText>
      <Type>StateChange</Type>
      <Position>1815</Position>
    </EventMentionInfo>
    <EventMentionInfo>
      <ID>37</ID>
      <AnchorText>decision</AnchorText>
      <Type>I_Action</Type>
      <Position>1848</Position>
    </EventMentionInfo>
    <EventMentionInfo>
      <ID>38</ID>
      <AnchorText>bar</AnchorText>
      <Type>Occurrence</Type>
      <Position>1860</Position>
    </EventMentionInfo>
    <EventMentionInfo>
      <ID>39</ID>
      <AnchorText>disqualified</AnchorText>
      <Type>Occurrence</Type>
      <Position>1986</Position>
    </EventMentionInfo>
    <EventMentionInfo>
      <ID>40</ID>
      <AnchorText>taken</AnchorText>
      <Type>Occurrence</Type>
      <Position>2033</Position>
    </EventMentionInfo>
    <EventMentionInfo>
      <ID>41</ID>
      <AnchorText>joined</AnchorText>
      <Type>Occurrence</Type>
      <Position>2104</Position>
    </EventMentionInfo>
    <EventMentionInfo>
      <ID>42</ID>
      <AnchorText>calling</AnchorText>
      <Type>I_Action</Type>
      <Position>2146</Position>
    </EventMentionInfo>
  </Events>
  <Relations>
    <HierarchyRelationInfo>
      <SuperEventID>1</SuperEventID>
      <SubEventID>3</SubEventID>
      <Type>SuperSub</Type>
      <Uncertain>false</Uncertain>
      <Transitive>false</Transitive>
    </HierarchyRelationInfo>
    <HierarchyRelationInfo>
      <SuperEventID>1</SuperEventID>
      <SubEventID>4</SubEventID>
      <Type>SuperSub</Type>
      <Uncertain>false</Uncertain>
      <Transitive>false</Transitive>
    </HierarchyRelationInfo>
    <HierarchyRelationInfo>
      <SuperEventID>1</SuperEventID>
      <SubEventID>9</SubEventID>
      <Type>Coref</Type>
      <Uncertain>false</Uncertain>
      <Transitive>false</Transitive>
    </HierarchyRelationInfo>
    <HierarchyRelationInfo>
      <SuperEventID>9</SuperEventID>
      <SubEventID>10</SubEventID>
      <Type>SuperSub</Type>
      <Uncertain>false</Uncertain>
      <Transitive>false</Transitive>
    </HierarchyRelationInfo>
    <HierarchyRelationInfo>
      <SuperEventID>9</SuperEventID>
      <SubEventID>11</SubEventID>
      <Type>SuperSub</Type>
      <Uncertain>false</Uncertain>
      <Transitive>false</Transitive>
    </HierarchyRelationInfo>
    <HierarchyRelationInfo>
      <SuperEventID>12</SuperEventID>
      <SubEventID>1</SubEventID>
      <Type>SuperSub</Type>
      <Uncertain>false</Uncertain>
      <Transitive>false</Transitive>
    </HierarchyRelationInfo>
    <HierarchyRelationInfo>
      <SuperEventID>9</SuperEventID>
      <SubEventID>17</SubEventID>
      <Type>SuperSub</Type>
      <Uncertain>false</Uncertain>
      <Transitive>false</Transitive>
    </HierarchyRelationInfo>
    <HierarchyRelationInfo>
      <SuperEventID>30</SuperEventID>
      <SubEventID>29</SubEventID>
      <Type>SuperSub</Type>
      <Uncertain>false</Uncertain>
      <Transitive>false</Transitive>
    </HierarchyRelationInfo>
    <HierarchyRelationInfo>
      <SuperEventID>30</SuperEventID>
      <SubEventID>33</SubEventID>
      <Type>SuperSub</Type>
      <Uncertain>false</Uncertain>
      <Transitive>false</Transitive>
    </HierarchyRelationInfo>
    <HierarchyRelationInfo>
      <SuperEventID>30</SuperEventID>
      <SubEventID>34</SubEventID>
      <Type>SuperSub</Type>
      <Uncertain>false</Uncertain>
      <Transitive>false</Transitive>
    </HierarchyRelationInfo>
    <HierarchyRelationInfo>
      <SuperEventID>35</SuperEventID>
      <SubEventID>12</SubEventID>
      <Type>Coref</Type>
      <Uncertain>false</Uncertain>
      <Transitive>false</Transitive>
    </HierarchyRelationInfo>
    <HierarchyRelationInfo>
      <SuperEventID>35</SuperEventID>
      <SubEventID>41</SubEventID>
      <Type>SuperSub</Type>
      <Uncertain>false</Uncertain>
      <Transitive>false</Transitive>
    </HierarchyRelationInfo>
    <HierarchyRelationInfo>
      <SuperEventID>12</SuperEventID>
      <SubEventID>9</SubEventID>
      <Type>SuperSub</Type>
      <Uncertain>false</Uncertain>
      <Transitive>false</Transitive>
    </HierarchyRelationInfo>
    <HierarchyRelationInfo>
      <SuperEventID>9</SuperEventID>
      <SubEventID>16</SubEventID>
      <Type>SuperSub</Type>
      <Uncertain>false</Uncertain>
      <Transitive>false</Transitive>
      <Comment>Maja, </Comment>
    </HierarchyRelationInfo>
    <HierarchyRelationInfo>
      <SuperEventID>23</SuperEventID>
      <SubEventID>9</SubEventID>
      <Type>Coref</Type>
      <Uncertain>false</Uncertain>
      <Transitive>false</Transitive>
      <Comment>Maja, </Comment>
    </HierarchyRelationInfo>
    <HierarchyRelationInfo>
      <SuperEventID>14</SuperEventID>
      <SubEventID>9</SubEventID>
      <Type>Coref</Type>
      <Uncertain>false</Uncertain>
      <Transitive>false</Transitive>
      <Comment>Suncana, </Comment>
    </HierarchyRelationInfo>
    <HierarchyRelationInfo>
      <SuperEventID>16</SuperEventID>
      <SubEventID>17</SubEventID>
      <Type>SuperSub</Type>
      <Uncertain>false</Uncertain>
      <Transitive>false</Transitive>
      <Comment>Suncana, </Comment>
    </HierarchyRelationInfo>
    <HierarchyRelationInfo>
      <SuperEventID>24</SuperEventID>
      <SubEventID>26</SubEventID>
      <Type>SuperSub</Type>
      <Uncertain>false</Uncertain>
      <Transitive>false</Transitive>
      <Comment>Suncana, </Comment>
    </HierarchyRelationInfo>
    <HierarchyRelationInfo>
      <SuperEventID>34</SuperEventID>
      <SubEventID>12</SubEventID>
      <Type>SuperSub</Type>
      <Uncertain>false</Uncertain>
      <Transitive>false</Transitive>
      <Comment>Suncana, </Comment>
    </HierarchyRelationInfo>
    <HierarchyRelationInfo>
      <SuperEventID>39</SuperEventID>
      <SubEventID>38</SubEventID>
      <Type>Coref</Type>
      <Uncertain>false</Uncertain>
      <Transitive>false</Transitive>
      <Comment>Suncana, </Comment>
    </HierarchyRelationInfo>
    <HierarchyRelationInfo>
      <SuperEventID>33</SuperEventID>
      <SubEventID>1</SubEventID>
      <Type>SuperSub</Type>
      <Uncertain>false</Uncertain>
      <Transitive>false</Transitive>
      <Comment>Suncana, </Comment>
    </HierarchyRelationInfo>
  </Relations>
</ArticleInfo>