<ArticleInfo>
  <Text>The Olympic torch has begun its journey to London after surviving a scare when the sacred flame was extinguished shortly before it was used to light the 'cheese grater', The Telegraph reports. A gust of wind put the flame out as it was being carried out in a bowl from the temple of Hera, where it had been lit from the rays of the sun, into the ancient stadium in Olympia. The Priestess carrying the flame had to leave the arena and re-light the bowl from a lamp that had been lit earlier as insurance against the flame going out. The London torch was then successfully lit and the first leg of the relay was run through the ancient Olympic stadium by Liverpool-born Greek swimming world champion Spyros Gianniotis. He handed the torch to Alex Loukos from Newham, 19, who was a member of the victorious London bid team in Singapore in 2005. The torch will travel around Greece for a week before arriving in Cornwall on Friday May 18. Armenia's Greco-Roman wrestling team headed by Olympic champion Levon Julfalakyan came back home with one gold and two bronze winners.</Text>
  <Events>
    <EventMentionInfo>
      <ID>1</ID>
      <AnchorText>begun</AnchorText>
      <Type>I_Action</Type>
      <Position>22</Position>
    </EventMentionInfo>
    <EventMentionInfo>
      <ID>2</ID>
      <AnchorText>journey</AnchorText>
      <Type>Occurrence</Type>
      <Position>32</Position>
    </EventMentionInfo>
    <EventMentionInfo>
      <ID>3</ID>
      <AnchorText>surviving</AnchorText>
      <Type>I_Action</Type>
      <Position>56</Position>
    </EventMentionInfo>
    <EventMentionInfo>
      <ID>4</ID>
      <AnchorText>scare</AnchorText>
      <Type>Occurrence</Type>
      <Position>68</Position>
    </EventMentionInfo>
    <EventMentionInfo>
      <ID>5</ID>
      <AnchorText>extinguished</AnchorText>
      <Type>Occurrence</Type>
      <Position>100</Position>
    </EventMentionInfo>
    <EventMentionInfo>
      <ID>6</ID>
      <AnchorText>used</AnchorText>
      <Type>I_Action</Type>
      <Position>135</Position>
    </EventMentionInfo>
    <EventMentionInfo>
      <ID>7</ID>
      <AnchorText>light</AnchorText>
      <Type>Occurrence</Type>
      <Position>143</Position>
    </EventMentionInfo>
    <EventMentionInfo>
      <ID>8</ID>
      <AnchorText>reports</AnchorText>
      <Type>Reporting</Type>
      <Position>184</Position>
    </EventMentionInfo>
    <EventMentionInfo>
      <ID>9</ID>
      <AnchorText>put</AnchorText>
      <Type>Occurrence</Type>
      <Position>208</Position>
    </EventMentionInfo>
    <EventMentionInfo>
      <ID>10</ID>
      <AnchorText>carried</AnchorText>
      <Type>Occurrence</Type>
      <Position>242</Position>
    </EventMentionInfo>
    <EventMentionInfo>
      <ID>11</ID>
      <AnchorText>lit</AnchorText>
      <Type>Occurrence</Type>
      <Position>307</Position>
    </EventMentionInfo>
    <EventMentionInfo>
      <ID>12</ID>
      <AnchorText>carrying</AnchorText>
      <Type>Occurrence</Type>
      <Position>388</Position>
    </EventMentionInfo>
    <EventMentionInfo>
      <ID>13</ID>
      <AnchorText>leave</AnchorText>
      <Type>Occurrence</Type>
      <Position>414</Position>
    </EventMentionInfo>
    <EventMentionInfo>
      <ID>14</ID>
      <AnchorText>light</AnchorText>
      <Type>Occurrence</Type>
      <Position>437</Position>
    </EventMentionInfo>
    <EventMentionInfo>
      <ID>15</ID>
      <AnchorText>lit</AnchorText>
      <Type>Occurrence</Type>
      <Position>478</Position>
    </EventMentionInfo>
    <EventMentionInfo>
      <ID>16</ID>
      <AnchorText>lit</AnchorText>
      <Type>Occurrence</Type>
      <Position>571</Position>
    </EventMentionInfo>
    <EventMentionInfo>
      <ID>17</ID>
      <AnchorText>run</AnchorText>
      <Type>Occurrence</Type>
      <Position>610</Position>
    </EventMentionInfo>
    <EventMentionInfo>
      <ID>18</ID>
      <AnchorText>handed</AnchorText>
      <Type>Occurrence</Type>
      <Position>720</Position>
    </EventMentionInfo>
    <EventMentionInfo>
      <ID>19</ID>
      <AnchorText>came</AnchorText>
      <Type>Occurrence</Type>
      <Position>1017</Position>
    </EventMentionInfo>
  </Events>
  <Relations>
    <HierarchyRelationInfo>
      <SuperEventID>4</SuperEventID>
      <SubEventID>5</SubEventID>
      <Type>SuperSub</Type>
      <Uncertain>false</Uncertain>
      <Transitive>false</Transitive>
    </HierarchyRelationInfo>
    <HierarchyRelationInfo>
      <SuperEventID>9</SuperEventID>
      <SubEventID>5</SubEventID>
      <Type>Coref</Type>
      <Uncertain>false</Uncertain>
      <Transitive>false</Transitive>
    </HierarchyRelationInfo>
    <HierarchyRelationInfo>
      <SuperEventID>10</SuperEventID>
      <SubEventID>4</SubEventID>
      <Type>SuperSub</Type>
      <Uncertain>false</Uncertain>
      <Transitive>false</Transitive>
    </HierarchyRelationInfo>
    <HierarchyRelationInfo>
      <SuperEventID>12</SuperEventID>
      <SubEventID>10</SubEventID>
      <Type>Coref</Type>
      <Uncertain>false</Uncertain>
      <Transitive>false</Transitive>
    </HierarchyRelationInfo>
    <HierarchyRelationInfo>
      <SuperEventID>12</SuperEventID>
      <SubEventID>13</SubEventID>
      <Type>SuperSub</Type>
      <Uncertain>false</Uncertain>
      <Transitive>false</Transitive>
    </HierarchyRelationInfo>
    <HierarchyRelationInfo>
      <SuperEventID>12</SuperEventID>
      <SubEventID>14</SubEventID>
      <Type>SuperSub</Type>
      <Uncertain>false</Uncertain>
      <Transitive>false</Transitive>
    </HierarchyRelationInfo>
    <HierarchyRelationInfo>
      <SuperEventID>2</SuperEventID>
      <SubEventID>17</SubEventID>
      <Type>SuperSub</Type>
      <Uncertain>false</Uncertain>
      <Transitive>false</Transitive>
    </HierarchyRelationInfo>
    <HierarchyRelationInfo>
      <SuperEventID>2</SuperEventID>
      <SubEventID>18</SubEventID>
      <Type>SuperSub</Type>
      <Uncertain>false</Uncertain>
      <Transitive>false</Transitive>
    </HierarchyRelationInfo>
    <HierarchyRelationInfo>
      <SuperEventID>7</SuperEventID>
      <SubEventID>16</SubEventID>
      <Type>Coref</Type>
      <Uncertain>false</Uncertain>
      <Transitive>false</Transitive>
    </HierarchyRelationInfo>
    <HierarchyRelationInfo>
      <SuperEventID>14</SuperEventID>
      <SubEventID>16</SubEventID>
      <Type>Coref</Type>
      <Uncertain>false</Uncertain>
      <Transitive>false</Transitive>
      <Comment>Maja, </Comment>
    </HierarchyRelationInfo>
    <HierarchyRelationInfo>
      <SuperEventID>2</SuperEventID>
      <SubEventID>16</SubEventID>
      <Type>SuperSub</Type>
      <Uncertain>false</Uncertain>
      <Transitive>false</Transitive>
      <Comment>Suncana, </Comment>
    </HierarchyRelationInfo>
  </Relations>
</ArticleInfo>