<ArticleInfo>
  <Text>A rally car has crashed into a crowd in France, killing two people. The toll could worsen given some of the injuries sustained by other people in the crowd. During a race in southern France on Saturday, the orange-coloured car which had been competing in the 14th annual Maures regional rally, swerved off the road, killing a 20-year-old spectator and a fifty year old race marshal. At least fifteen other people, including children and youths, were badly injured. Two teenagers are listed in critical condition. It was the second day of the rally at Plan-de-la-Tour in the Var region near the Mediterranean coast. Local prosecutors have been sent to the scene to investigate. According to initial reports, a rally driver mistook an intersection where he was supposed to turn right. He is reported to have driven straight ahead, plunging into the spectators. The driver of the vehicle is also in hospital suffering shock. </Text>
  <Events>
    <EventMentionInfo>
      <ID>1</ID>
      <AnchorText>crashed</AnchorText>
      <Type>Occurrence</Type>
      <Position>16</Position>
    </EventMentionInfo>
    <EventMentionInfo>
      <ID>2</ID>
      <AnchorText>killing</AnchorText>
      <Type>Occurrence</Type>
      <Position>48</Position>
    </EventMentionInfo>
    <EventMentionInfo>
      <ID>3</ID>
      <AnchorText>sustained</AnchorText>
      <Type>Occurrence</Type>
      <Position>117</Position>
    </EventMentionInfo>
    <EventMentionInfo>
      <ID>4</ID>
      <AnchorText>race</AnchorText>
      <Type>Occurrence</Type>
      <Position>166</Position>
    </EventMentionInfo>
    <EventMentionInfo>
      <ID>5</ID>
      <AnchorText>competing</AnchorText>
      <Type>Occurrence</Type>
      <Position>242</Position>
    </EventMentionInfo>
    <EventMentionInfo>
      <ID>6</ID>
      <AnchorText>rally</AnchorText>
      <Type>Occurrence</Type>
      <Position>287</Position>
    </EventMentionInfo>
    <EventMentionInfo>
      <ID>7</ID>
      <AnchorText>swerved</AnchorText>
      <Type>Occurrence</Type>
      <Position>294</Position>
    </EventMentionInfo>
    <EventMentionInfo>
      <ID>8</ID>
      <AnchorText>killing</AnchorText>
      <Type>Occurrence</Type>
      <Position>316</Position>
    </EventMentionInfo>
    <EventMentionInfo>
      <ID>9</ID>
      <AnchorText>injured</AnchorText>
      <Type>Occurrence</Type>
      <Position>456</Position>
    </EventMentionInfo>
    <EventMentionInfo>
      <ID>10</ID>
      <AnchorText>listed</AnchorText>
      <Type>Reporting</Type>
      <Position>483</Position>
    </EventMentionInfo>
    <EventMentionInfo>
      <ID>11</ID>
      <AnchorText>rally</AnchorText>
      <Type>Occurrence</Type>
      <Position>542</Position>
    </EventMentionInfo>
    <EventMentionInfo>
      <ID>12</ID>
      <AnchorText>sent</AnchorText>
      <Type>I_Action</Type>
      <Position>643</Position>
    </EventMentionInfo>
    <EventMentionInfo>
      <ID>13</ID>
      <AnchorText>reports</AnchorText>
      <Type>Reporting</Type>
      <Position>698</Position>
    </EventMentionInfo>
    <EventMentionInfo>
      <ID>14</ID>
      <AnchorText>mistook</AnchorText>
      <Type>Occurrence</Type>
      <Position>722</Position>
    </EventMentionInfo>
    <EventMentionInfo>
      <ID>15</ID>
      <AnchorText>reported</AnchorText>
      <Type>Reporting</Type>
      <Position>789</Position>
    </EventMentionInfo>
    <EventMentionInfo>
      <ID>16</ID>
      <AnchorText>driven</AnchorText>
      <Type>Occurrence</Type>
      <Position>806</Position>
    </EventMentionInfo>
    <EventMentionInfo>
      <ID>17</ID>
      <AnchorText>plunging</AnchorText>
      <Type>Occurrence</Type>
      <Position>829</Position>
    </EventMentionInfo>
    <EventMentionInfo>
      <ID>18</ID>
      <AnchorText>suffering</AnchorText>
      <Type>Occurrence</Type>
      <Position>905</Position>
    </EventMentionInfo>
  </Events>
  <Relations>
    <HierarchyRelationInfo>
      <SuperEventID>4</SuperEventID>
      <SubEventID>5</SubEventID>
      <Type>SuperSub</Type>
      <Uncertain>false</Uncertain>
    </HierarchyRelationInfo>
    <HierarchyRelationInfo>
      <SuperEventID>6</SuperEventID>
      <SubEventID>4</SubEventID>
      <Type>Coref</Type>
      <Uncertain>false</Uncertain>
    </HierarchyRelationInfo>
    <HierarchyRelationInfo>
      <SuperEventID>9</SuperEventID>
      <SubEventID>3</SubEventID>
      <Type>Coref</Type>
      <Uncertain>false</Uncertain>
    </HierarchyRelationInfo>
    <HierarchyRelationInfo>
      <SuperEventID>8</SuperEventID>
      <SubEventID>2</SubEventID>
      <Type>Coref</Type>
      <Uncertain>false</Uncertain>
    </HierarchyRelationInfo>
    <HierarchyRelationInfo>
      <SuperEventID>11</SuperEventID>
      <SubEventID>6</SubEventID>
      <Type>Coref</Type>
      <Uncertain>false</Uncertain>
    </HierarchyRelationInfo>
    <HierarchyRelationInfo>
      <SuperEventID>16</SuperEventID>
      <SubEventID>7</SubEventID>
      <Type>SuperSub</Type>
      <Uncertain>false</Uncertain>
    </HierarchyRelationInfo>
    <HierarchyRelationInfo>
      <SuperEventID>7</SuperEventID>
      <SubEventID>1</SubEventID>
      <Type>SuperSub</Type>
      <Uncertain>false</Uncertain>
    </HierarchyRelationInfo>
    <HierarchyRelationInfo>
      <SuperEventID>1</SuperEventID>
      <SubEventID>2</SubEventID>
      <Type>SuperSub</Type>
      <Uncertain>false</Uncertain>
    </HierarchyRelationInfo>
    <HierarchyRelationInfo>
      <SuperEventID>16</SuperEventID>
      <SubEventID>14</SubEventID>
      <Type>SuperSub</Type>
      <Uncertain>false</Uncertain>
    </HierarchyRelationInfo>
    <HierarchyRelationInfo>
      <SuperEventID>17</SuperEventID>
      <SubEventID>1</SubEventID>
      <Type>Coref</Type>
      <Uncertain>false</Uncertain>
    </HierarchyRelationInfo>
  </Relations>
</ArticleInfo>