<ArticleInfo>
  <Text>Australia appealed for leniency after its citizen was sentenced Wednesday to 500 lashes and a year in prison by a Saudi Arabian court. Mansor Almaribe, 45, was found guilty of blasphemy after he was arrested last month in Medina while on a pilgrimage, Australian officials said. It's unclear what Almaribe, a Shia Muslim from Victoria state, said or did to get arrested. "The ambassador has urgently contacted Saudi authorities and will make strong representations, including to key figures in the Saudi government, seeking leniency," said Kate Sieper, a foreign affairs spokeswoman. Family members said they are worried about his health. "He is sick, and he has back injuries and he has diabetes," his son, Issam Almaribe, told CNN affiliate 9 News Australia. Consular officials have contacted Almaribe several times by phone since his arrest in mid-November, and were in the courtroom during the reading of the verdict. Australian officials said they were informed he was convicted of blasphemy and "making comments insulting to prophet Mohammed's relatives." His sentence was originally two years imprisonment along with the 500 lashes, but the court reduced the sentence by a year, consular officials said. It was unclear when the lashing punishment will be carried out. Blasphemy is punishable by up to a death sentence under the strict Muslim law in Saudi Arabia.</Text>
  <Events>
    <EventMentionInfo>
      <ID>1</ID>
      <AnchorText>appealed</AnchorText>
      <Type>Occurrence</Type>
      <Position>10</Position>
    </EventMentionInfo>
    <EventMentionInfo>
      <ID>2</ID>
      <AnchorText>sentenced</AnchorText>
      <Type>Occurrence</Type>
      <Position>54</Position>
    </EventMentionInfo>
    <EventMentionInfo>
      <ID>3</ID>
      <AnchorText>found</AnchorText>
      <Type>Occurrence</Type>
      <Position>160</Position>
    </EventMentionInfo>
    <EventMentionInfo>
      <ID>4</ID>
      <AnchorText>arrested</AnchorText>
      <Type>Occurrence</Type>
      <Position>199</Position>
    </EventMentionInfo>
    <EventMentionInfo>
      <ID>5</ID>
      <AnchorText>pilgrimage</AnchorText>
      <Type>Occurrence</Type>
      <Position>240</Position>
    </EventMentionInfo>
    <EventMentionInfo>
      <ID>6</ID>
      <AnchorText>said</AnchorText>
      <Type>Reporting</Type>
      <Position>273</Position>
    </EventMentionInfo>
    <EventMentionInfo>
      <ID>7</ID>
      <AnchorText>said</AnchorText>
      <Type>Reporting</Type>
      <Position>342</Position>
    </EventMentionInfo>
    <EventMentionInfo>
      <ID>8</ID>
      <AnchorText>did</AnchorText>
      <Type>I_Action</Type>
      <Position>350</Position>
    </EventMentionInfo>
    <EventMentionInfo>
      <ID>9</ID>
      <AnchorText>arrested</AnchorText>
      <Type>Occurrence</Type>
      <Position>361</Position>
    </EventMentionInfo>
    <EventMentionInfo>
      <ID>10</ID>
      <AnchorText>contacted</AnchorText>
      <Type>Occurrence</Type>
      <Position>400</Position>
    </EventMentionInfo>
    <EventMentionInfo>
      <ID>11</ID>
      <AnchorText>said</AnchorText>
      <Type>Reporting</Type>
      <Position>535</Position>
    </EventMentionInfo>
    <EventMentionInfo>
      <ID>12</ID>
      <AnchorText>said</AnchorText>
      <Type>Reporting</Type>
      <Position>599</Position>
    </EventMentionInfo>
    <EventMentionInfo>
      <ID>13</ID>
      <AnchorText>told</AnchorText>
      <Type>Reporting</Type>
      <Position>724</Position>
    </EventMentionInfo>
    <EventMentionInfo>
      <ID>14</ID>
      <AnchorText>contacted</AnchorText>
      <Type>Occurrence</Type>
      <Position>785</Position>
    </EventMentionInfo>
    <EventMentionInfo>
      <ID>15</ID>
      <AnchorText>arrest</AnchorText>
      <Type>Occurrence</Type>
      <Position>837</Position>
    </EventMentionInfo>
    <EventMentionInfo>
      <ID>16</ID>
      <AnchorText>reading</AnchorText>
      <Type>Reporting</Type>
      <Position>898</Position>
    </EventMentionInfo>
    <EventMentionInfo>
      <ID>17</ID>
      <AnchorText>said</AnchorText>
      <Type>Reporting</Type>
      <Position>943</Position>
    </EventMentionInfo>
    <EventMentionInfo>
      <ID>18</ID>
      <AnchorText>informed</AnchorText>
      <Type>Reporting</Type>
      <Position>958</Position>
    </EventMentionInfo>
    <EventMentionInfo>
      <ID>19</ID>
      <AnchorText>convicted</AnchorText>
      <Type>I_Action</Type>
      <Position>974</Position>
    </EventMentionInfo>
    <EventMentionInfo>
      <ID>20</ID>
      <AnchorText>reduced</AnchorText>
      <Type>Occurrence</Type>
      <Position>1154</Position>
    </EventMentionInfo>
    <EventMentionInfo>
      <ID>21</ID>
      <AnchorText>said</AnchorText>
      <Type>Reporting</Type>
      <Position>1205</Position>
    </EventMentionInfo>
  </Events>
  <Relations>
    <HierarchyRelationInfo>
      <SuperEventID>5</SuperEventID>
      <SubEventID>4</SubEventID>
      <Type>SuperSub</Type>
      <Uncertain>false</Uncertain>
    </HierarchyRelationInfo>
    <HierarchyRelationInfo>
      <SuperEventID>9</SuperEventID>
      <SubEventID>4</SubEventID>
      <Type>Coref</Type>
      <Uncertain>false</Uncertain>
    </HierarchyRelationInfo>
    <HierarchyRelationInfo>
      <SuperEventID>1</SuperEventID>
      <SubEventID>10</SubEventID>
      <Type>SuperSub</Type>
      <Uncertain>false</Uncertain>
    </HierarchyRelationInfo>
    <HierarchyRelationInfo>
      <SuperEventID>15</SuperEventID>
      <SubEventID>9</SubEventID>
      <Type>Coref</Type>
      <Uncertain>false</Uncertain>
    </HierarchyRelationInfo>
    <HierarchyRelationInfo>
      <SuperEventID>20</SuperEventID>
      <SubEventID>2</SubEventID>
      <Type>Coref</Type>
      <Uncertain>true</Uncertain>
    </HierarchyRelationInfo>
    <HierarchyRelationInfo>
      <SuperEventID>3</SuperEventID>
      <SubEventID>2</SubEventID>
      <Type>SuperSub</Type>
      <Uncertain>true</Uncertain>
    </HierarchyRelationInfo>
  </Relations>
</ArticleInfo>