<ArticleInfo>
  <Text>U.S. Secret Service agents and military personnel took as many as 21 women back to their hotel in Colombia in an incident last week involving alleged misconduct with prostitutes, a Republican senator said yesterday. "There are 11 agents involved. Twenty or 21 women foreign nationals were brought to the hotel, but allegedly Marines were involved with the rest," Senator Susan Collins of Maine - who was briefed by the director of the Secret Service, Mark Sullivan - said in an email to Reuters. "Director Sullivan is rightly appalled by the agents actions and is pursuing a vigorous internal investigation," said Collins, the senior Republican on the Senate Homeland Security Committee. "He ordered all the agents to return to Washington immediately, and all have been interviewed." More details about the incident that marred President Barack Obama's weekend trip to the Summit of the Americas in Categena, Colombia emerged yesterday. A Marine Corps spokesman said two Marine dog handlers assigned to support the Secret Service are being investigated to determine whether they were involved in soliciting prostitutes. The spokesman, Captain Kevin Schultz, said the Marines were on the advance team and were not in direct contact with Obama. The Secret Service has revoked the top security clearances of its 11 agents and placed them on administrative leave due to the incident. The agents brought the prostitutes to their beachfront hotel in Cartagena, before Obama arrived for the summit, according to a local police source. A U.S. official told Reuters that more than 10 military service members also may have been involved. </Text>
  <Events>
    <EventMentionInfo>
      <ID>1</ID>
      <AnchorText>took</AnchorText>
      <Type>Occurrence</Type>
      <Position>50</Position>
    </EventMentionInfo>
    <EventMentionInfo>
      <ID>2</ID>
      <AnchorText>incident</AnchorText>
      <Type>Occurrence</Type>
      <Position>113</Position>
    </EventMentionInfo>
    <EventMentionInfo>
      <ID>3</ID>
      <AnchorText>said</AnchorText>
      <Type>Reporting</Type>
      <Position>200</Position>
    </EventMentionInfo>
    <EventMentionInfo>
      <ID>4</ID>
      <AnchorText>brought</AnchorText>
      <Type>Occurrence</Type>
      <Position>289</Position>
    </EventMentionInfo>
    <EventMentionInfo>
      <ID>5</ID>
      <AnchorText>briefed</AnchorText>
      <Type>Occurrence</Type>
      <Position>404</Position>
    </EventMentionInfo>
    <EventMentionInfo>
      <ID>6</ID>
      <AnchorText>said</AnchorText>
      <Type>Reporting</Type>
      <Position>467</Position>
    </EventMentionInfo>
    <EventMentionInfo>
      <ID>7</ID>
      <AnchorText>actions</AnchorText>
      <Type>HalfGeneric</Type>
      <Position>549</Position>
    </EventMentionInfo>
    <EventMentionInfo>
      <ID>8</ID>
      <AnchorText>pursuing</AnchorText>
      <Type>I_Action</Type>
      <Position>564</Position>
    </EventMentionInfo>
    <EventMentionInfo>
      <ID>9</ID>
      <AnchorText>investigation</AnchorText>
      <Type>Occurrence</Type>
      <Position>593</Position>
    </EventMentionInfo>
    <EventMentionInfo>
      <ID>10</ID>
      <AnchorText>said</AnchorText>
      <Type>Reporting</Type>
      <Position>609</Position>
    </EventMentionInfo>
    <EventMentionInfo>
      <ID>11</ID>
      <AnchorText>ordered</AnchorText>
      <Type>I_Action</Type>
      <Position>692</Position>
    </EventMentionInfo>
    <EventMentionInfo>
      <ID>12</ID>
      <AnchorText>interviewed</AnchorText>
      <Type>Occurrence</Type>
      <Position>770</Position>
    </EventMentionInfo>
    <EventMentionInfo>
      <ID>13</ID>
      <AnchorText>incident</AnchorText>
      <Type>Occurrence</Type>
      <Position>807</Position>
    </EventMentionInfo>
    <EventMentionInfo>
      <ID>14</ID>
      <AnchorText>marred</AnchorText>
      <Type>I_Action</Type>
      <Position>821</Position>
    </EventMentionInfo>
    <EventMentionInfo>
      <ID>15</ID>
      <AnchorText>trip</AnchorText>
      <Type>Occurrence</Type>
      <Position>861</Position>
    </EventMentionInfo>
    <EventMentionInfo>
      <ID>16</ID>
      <AnchorText>emerged</AnchorText>
      <Type>Occurrence</Type>
      <Position>918</Position>
    </EventMentionInfo>
    <EventMentionInfo>
      <ID>17</ID>
      <AnchorText>said</AnchorText>
      <Type>Reporting</Type>
      <Position>962</Position>
    </EventMentionInfo>
    <EventMentionInfo>
      <ID>18</ID>
      <AnchorText>assigned</AnchorText>
      <Type>I_Action</Type>
      <Position>991</Position>
    </EventMentionInfo>
    <EventMentionInfo>
      <ID>19</ID>
      <AnchorText>investigated</AnchorText>
      <Type>I_Action</Type>
      <Position>1040</Position>
    </EventMentionInfo>
    <EventMentionInfo>
      <ID>20</ID>
      <AnchorText>said</AnchorText>
      <Type>Reporting</Type>
      <Position>1158</Position>
    </EventMentionInfo>
    <EventMentionInfo>
      <ID>21</ID>
      <AnchorText>revoked</AnchorText>
      <Type>Occurrence</Type>
      <Position>1266</Position>
    </EventMentionInfo>
    <EventMentionInfo>
      <ID>22</ID>
      <AnchorText>placed</AnchorText>
      <Type>Occurrence</Type>
      <Position>1323</Position>
    </EventMentionInfo>
    <EventMentionInfo>
      <ID>23</ID>
      <AnchorText>incident</AnchorText>
      <Type>Occurrence</Type>
      <Position>1370</Position>
    </EventMentionInfo>
    <EventMentionInfo>
      <ID>24</ID>
      <AnchorText>brought</AnchorText>
      <Type>Occurrence</Type>
      <Position>1391</Position>
    </EventMentionInfo>
    <EventMentionInfo>
      <ID>25</ID>
      <AnchorText>arrived</AnchorText>
      <Type>Occurrence</Type>
      <Position>1468</Position>
    </EventMentionInfo>
    <EventMentionInfo>
      <ID>26</ID>
      <AnchorText>summit</AnchorText>
      <Type>Occurrence</Type>
      <Position>1484</Position>
    </EventMentionInfo>
    <EventMentionInfo>
      <ID>27</ID>
      <AnchorText>told</AnchorText>
      <Type>Reporting</Type>
      <Position>1544</Position>
    </EventMentionInfo>
  </Events>
  <Relations>
    <HierarchyRelationInfo>
      <SuperEventID>2</SuperEventID>
      <SubEventID>1</SubEventID>
      <Type>SuperSub</Type>
      <Uncertain>false</Uncertain>
      <Transitive>false</Transitive>
    </HierarchyRelationInfo>
    <HierarchyRelationInfo>
      <SuperEventID>9</SuperEventID>
      <SubEventID>12</SubEventID>
      <Type>SuperSub</Type>
      <Uncertain>false</Uncertain>
      <Transitive>false</Transitive>
    </HierarchyRelationInfo>
    <HierarchyRelationInfo>
      <SuperEventID>2</SuperEventID>
      <SubEventID>4</SubEventID>
      <Type>SuperSub</Type>
      <Uncertain>false</Uncertain>
      <Transitive>false</Transitive>
    </HierarchyRelationInfo>
    <HierarchyRelationInfo>
      <SuperEventID>13</SuperEventID>
      <SubEventID>2</SubEventID>
      <Type>Coref</Type>
      <Uncertain>false</Uncertain>
      <Transitive>false</Transitive>
    </HierarchyRelationInfo>
    <HierarchyRelationInfo>
      <SuperEventID>23</SuperEventID>
      <SubEventID>13</SubEventID>
      <Type>Coref</Type>
      <Uncertain>false</Uncertain>
      <Transitive>false</Transitive>
    </HierarchyRelationInfo>
    <HierarchyRelationInfo>
      <SuperEventID>24</SuperEventID>
      <SubEventID>4</SubEventID>
      <Type>Coref</Type>
      <Uncertain>false</Uncertain>
      <Transitive>false</Transitive>
    </HierarchyRelationInfo>
    <HierarchyRelationInfo>
      <SuperEventID>4</SuperEventID>
      <SubEventID>1</SubEventID>
      <Type>Coref</Type>
      <Uncertain>false</Uncertain>
      <Transitive>false</Transitive>
    </HierarchyRelationInfo>
    <HierarchyRelationInfo>
      <SuperEventID>15</SuperEventID>
      <SubEventID>25</SubEventID>
      <Type>SuperSub</Type>
      <Uncertain>false</Uncertain>
      <Transitive>false</Transitive>
      <Comment>Maja, Suncana, </Comment>
    </HierarchyRelationInfo>
    <HierarchyRelationInfo>
      <SuperEventID>2</SuperEventID>
      <SubEventID>7</SubEventID>
      <Type>SuperSub</Type>
      <Uncertain>false</Uncertain>
      <Transitive>false</Transitive>
      <Comment>Suncana, </Comment>
    </HierarchyRelationInfo>
  </Relations>
</ArticleInfo>