<ArticleInfo>
  <Text>A US drone attack over the weekend, which killed al-Qaida operative Fahd al-Quso, is thought to have been a direct result of information from the agent, according to the Guardian. MI6 and MI5 agents are banned from missions leading to assassinations. Associated Press was made aware of the underwear plot last week but did not publish details until Monday at the request of the White House over operational security. The Foreign Office declined to confirm or deny the involvement of British intelligence. </Text>
  <Events>
    <EventMentionInfo>
      <ID>1</ID>
      <AnchorText>attack</AnchorText>
      <Type>Occurrence</Type>
      <Position>11</Position>
    </EventMentionInfo>
    <EventMentionInfo>
      <ID>2</ID>
      <AnchorText>killed</AnchorText>
      <Type>Occurrence</Type>
      <Position>42</Position>
    </EventMentionInfo>
    <EventMentionInfo>
      <ID>3</ID>
      <AnchorText>banned</AnchorText>
      <Type>Occurrence</Type>
      <Position>203</Position>
    </EventMentionInfo>
    <EventMentionInfo>
      <ID>4</ID>
      <AnchorText>made</AnchorText>
      <Type>StateChange</Type>
      <Position>272</Position>
    </EventMentionInfo>
    <EventMentionInfo>
      <ID>5</ID>
      <AnchorText>plot</AnchorText>
      <Type>Occurrence</Type>
      <Position>300</Position>
    </EventMentionInfo>
    <EventMentionInfo>
      <ID>6</ID>
      <AnchorText>declined</AnchorText>
      <Type>I_Action</Type>
      <Position>436</Position>
    </EventMentionInfo>
  </Events>
  <Relations>
    <HierarchyRelationInfo>
      <SuperEventID>1</SuperEventID>
      <SubEventID>2</SubEventID>
      <Type>SuperSub</Type>
      <Uncertain>false</Uncertain>
    </HierarchyRelationInfo>
  </Relations>
</ArticleInfo>