<ArticleInfo>
  <Text>Medical examiners found evidence of marijuana in Trayvon Martin's system after he was fatally shot by a neighborhood watch volunteer, an autopsy report released Thursday shows. Also included in a massive release of evidence was an investigator's recommendation to prosecutors that suspect George Zimmerman be arrested on manslaughter charges. The investigator, who was on the scene after the shooting, wrote on March 13 that the confrontation should have been avoided. That report came nearly a month before Zimmerman was arrested. The package of documents, photos and video was turned over by prosecutors to defense attorneys days before it was released to the media. The autopsy says medical examiners found THC, the psychoactive ingredient in marijuana, when they tested Martin's blood and urine. A police report shows Martin had been shot once in the chest and had been pronounced dead at the scene. Also in the package is a photo of suspect George Zimmerman with a bloody nose taken the night of the fight. A paramedic report says Zimmerman had a 1-inch laceration on his head and forehead abrasion. "Bleeding tenderness to his nose, and a small laceration to the back of his head. All injuries have minor bleeding," paramedic Michael Brandy wrote about Zimmerman's injuries in the report. Zimmerman told a police officer that he did not have any other bruises or cuts but his back hurt, according to a police report. Whether Zimmerman was injured in the Feb. 26 altercation with Martin has been a key question. Zimmerman has claimed self-defense and said he only fired because the unarmed teenager attacked him. Zimmerman is awaiting trial on a second-degree murder charge. He has pleaded not guilty. Investigator Christopher Serino, who recommended that Zimmerman be charged, told prosecutors in March that the fight could have been avoided if Zimmerman had remained in his vehicle and awaited the arrival of law enforcement. He said Zimmerman, after leaving his vehicle, could have identified himself to Martin as a concerned citizen and talked to him instead of confronting him. He said there is no evidence Martin was involved in any criminal activity. A separate report written by Serino at the crime scene says Martin had $40.15, Skittles candy, a red lighter, headphones and a photo pin in his pocket. He had been shot once in the chest and had been pronounced dead at the scene. New witness accounts also emerged Thursday. A witness, whose name is redacted, told investigators he saw "a black male, wearing a dark colored hoodie," on top of a white or Hispanic male who was yelling for help. The witness, who was looking out the sliding glass door at his home about 30 feet away, said he saw the black male throwing punches "MMA (mixed martial arts) style." He said he told the fighters he was calling the police. He said that as he was making the call, he heard a shot. He looked outside and saw the person who had been on top laid out on the grass as if he had been shot. He said the other fighter was standing on the sidewalk, talking to another person with a flashlight. </Text>
  <Events>
    <EventMentionInfo>
      <ID>1</ID>
      <AnchorText>found</AnchorText>
      <Type>Occurrence</Type>
      <Position>18</Position>
    </EventMentionInfo>
    <EventMentionInfo>
      <ID>2</ID>
      <AnchorText>shot</AnchorText>
      <Type>Occurrence</Type>
      <Position>94</Position>
    </EventMentionInfo>
    <EventMentionInfo>
      <ID>3</ID>
      <AnchorText>report</AnchorText>
      <Type>Occurrence</Type>
      <Position>145</Position>
    </EventMentionInfo>
    <EventMentionInfo>
      <ID>4</ID>
      <AnchorText>released</AnchorText>
      <Type>I_Action</Type>
      <Position>152</Position>
    </EventMentionInfo>
    <EventMentionInfo>
      <ID>5</ID>
      <AnchorText>shows</AnchorText>
      <Type>Reporting</Type>
      <Position>170</Position>
    </EventMentionInfo>
    <EventMentionInfo>
      <ID>6</ID>
      <AnchorText>release</AnchorText>
      <Type>Occurrence</Type>
      <Position>204</Position>
    </EventMentionInfo>
    <EventMentionInfo>
      <ID>7</ID>
      <AnchorText>shooting</AnchorText>
      <Type>Occurrence</Type>
      <Position>392</Position>
    </EventMentionInfo>
    <EventMentionInfo>
      <ID>8</ID>
      <AnchorText>wrote</AnchorText>
      <Type>Reporting</Type>
      <Position>402</Position>
    </EventMentionInfo>
    <EventMentionInfo>
      <ID>9</ID>
      <AnchorText>confrontation</AnchorText>
      <Type>Occurrence</Type>
      <Position>429</Position>
    </EventMentionInfo>
    <EventMentionInfo>
      <ID>10</ID>
      <AnchorText>report</AnchorText>
      <Type>Reporting</Type>
      <Position>474</Position>
    </EventMentionInfo>
    <EventMentionInfo>
      <ID>11</ID>
      <AnchorText>came</AnchorText>
      <Type>I_Action</Type>
      <Position>481</Position>
    </EventMentionInfo>
    <EventMentionInfo>
      <ID>12</ID>
      <AnchorText>arrested</AnchorText>
      <Type>Occurrence</Type>
      <Position>522</Position>
    </EventMentionInfo>
    <EventMentionInfo>
      <ID>13</ID>
      <AnchorText>turned</AnchorText>
      <Type>Occurrence</Type>
      <Position>579</Position>
    </EventMentionInfo>
    <EventMentionInfo>
      <ID>14</ID>
      <AnchorText>released</AnchorText>
      <Type>Reporting</Type>
      <Position>646</Position>
    </EventMentionInfo>
    <EventMentionInfo>
      <ID>15</ID>
      <AnchorText>autopsy</AnchorText>
      <Type>Occurrence</Type>
      <Position>673</Position>
    </EventMentionInfo>
    <EventMentionInfo>
      <ID>16</ID>
      <AnchorText>says</AnchorText>
      <Type>Reporting</Type>
      <Position>681</Position>
    </EventMentionInfo>
    <EventMentionInfo>
      <ID>17</ID>
      <AnchorText>found</AnchorText>
      <Type>Occurrence</Type>
      <Position>704</Position>
    </EventMentionInfo>
    <EventMentionInfo>
      <ID>18</ID>
      <AnchorText>tested</AnchorText>
      <Type>Occurrence</Type>
      <Position>767</Position>
    </EventMentionInfo>
    <EventMentionInfo>
      <ID>19</ID>
      <AnchorText>report</AnchorText>
      <Type>Occurrence</Type>
      <Position>809</Position>
    </EventMentionInfo>
    <EventMentionInfo>
      <ID>20</ID>
      <AnchorText>shows</AnchorText>
      <Type>Reporting</Type>
      <Position>816</Position>
    </EventMentionInfo>
    <EventMentionInfo>
      <ID>21</ID>
      <AnchorText>shot</AnchorText>
      <Type>Occurrence</Type>
      <Position>838</Position>
    </EventMentionInfo>
    <EventMentionInfo>
      <ID>22</ID>
      <AnchorText>pronounced</AnchorText>
      <Type>Reporting</Type>
      <Position>874</Position>
    </EventMentionInfo>
    <EventMentionInfo>
      <ID>23</ID>
      <AnchorText>taken</AnchorText>
      <Type>Occurrence</Type>
      <Position>982</Position>
    </EventMentionInfo>
    <EventMentionInfo>
      <ID>24</ID>
      <AnchorText>fight</AnchorText>
      <Type>Occurrence</Type>
      <Position>1005</Position>
    </EventMentionInfo>
    <EventMentionInfo>
      <ID>25</ID>
      <AnchorText>report</AnchorText>
      <Type>Reporting</Type>
      <Position>1024</Position>
    </EventMentionInfo>
    <EventMentionInfo>
      <ID>26</ID>
      <AnchorText>says</AnchorText>
      <Type>Reporting</Type>
      <Position>1031</Position>
    </EventMentionInfo>
    <EventMentionInfo>
      <ID>27</ID>
      <AnchorText>wrote</AnchorText>
      <Type>Reporting</Type>
      <Position>1247</Position>
    </EventMentionInfo>
    <EventMentionInfo>
      <ID>28</ID>
      <AnchorText>report</AnchorText>
      <Type>Reporting</Type>
      <Position>1287</Position>
    </EventMentionInfo>
    <EventMentionInfo>
      <ID>29</ID>
      <AnchorText>told</AnchorText>
      <Type>Reporting</Type>
      <Position>1305</Position>
    </EventMentionInfo>
    <EventMentionInfo>
      <ID>30</ID>
      <AnchorText>report</AnchorText>
      <Type>Reporting</Type>
      <Position>1415</Position>
    </EventMentionInfo>
    <EventMentionInfo>
      <ID>31</ID>
      <AnchorText>injured</AnchorText>
      <Type>Occurrence</Type>
      <Position>1445</Position>
    </EventMentionInfo>
    <EventMentionInfo>
      <ID>32</ID>
      <AnchorText>altercation</AnchorText>
      <Type>Occurrence</Type>
      <Position>1468</Position>
    </EventMentionInfo>
    <EventMentionInfo>
      <ID>33</ID>
      <AnchorText>claimed</AnchorText>
      <Type>Reporting</Type>
      <Position>1531</Position>
    </EventMentionInfo>
    <EventMentionInfo>
      <ID>34</ID>
      <AnchorText>said</AnchorText>
      <Type>I_Action</Type>
      <Position>1556</Position>
    </EventMentionInfo>
    <EventMentionInfo>
      <ID>35</ID>
      <AnchorText>fired</AnchorText>
      <Type>Occurrence</Type>
      <Position>1569</Position>
    </EventMentionInfo>
    <EventMentionInfo>
      <ID>36</ID>
      <AnchorText>attacked</AnchorText>
      <Type>Occurrence</Type>
      <Position>1604</Position>
    </EventMentionInfo>
    <EventMentionInfo>
      <ID>37</ID>
      <AnchorText>pleaded</AnchorText>
      <Type>Reporting</Type>
      <Position>1687</Position>
    </EventMentionInfo>
    <EventMentionInfo>
      <ID>38</ID>
      <AnchorText>recommended</AnchorText>
      <Type>I_Action</Type>
      <Position>1744</Position>
    </EventMentionInfo>
    <EventMentionInfo>
      <ID>39</ID>
      <AnchorText>told</AnchorText>
      <Type>Reporting</Type>
      <Position>1783</Position>
    </EventMentionInfo>
    <EventMentionInfo>
      <ID>40</ID>
      <AnchorText>fight</AnchorText>
      <Type>Occurrence</Type>
      <Position>1818</Position>
    </EventMentionInfo>
    <EventMentionInfo>
      <ID>41</ID>
      <AnchorText>said</AnchorText>
      <Type>Reporting</Type>
      <Position>1936</Position>
    </EventMentionInfo>
    <EventMentionInfo>
      <ID>42</ID>
      <AnchorText>leaving</AnchorText>
      <Type>Occurrence</Type>
      <Position>1958</Position>
    </EventMentionInfo>
    <EventMentionInfo>
      <ID>43</ID>
      <AnchorText>confronting</AnchorText>
      <Type>Occurrence</Type>
      <Position>2071</Position>
    </EventMentionInfo>
    <EventMentionInfo>
      <ID>44</ID>
      <AnchorText>said</AnchorText>
      <Type>Reporting</Type>
      <Position>2091</Position>
    </EventMentionInfo>
    <EventMentionInfo>
      <ID>45</ID>
      <AnchorText>report</AnchorText>
      <Type>Reporting</Type>
      <Position>2174</Position>
    </EventMentionInfo>
    <EventMentionInfo>
      <ID>46</ID>
      <AnchorText>written</AnchorText>
      <Type>I_Action</Type>
      <Position>2181</Position>
    </EventMentionInfo>
    <EventMentionInfo>
      <ID>47</ID>
      <AnchorText>shot</AnchorText>
      <Type>Occurrence</Type>
      <Position>2327</Position>
    </EventMentionInfo>
    <EventMentionInfo>
      <ID>48</ID>
      <AnchorText>pronounced</AnchorText>
      <Type>Reporting</Type>
      <Position>2363</Position>
    </EventMentionInfo>
    <EventMentionInfo>
      <ID>49</ID>
      <AnchorText>emerged</AnchorText>
      <Type>Perception</Type>
      <Position>2419</Position>
    </EventMentionInfo>
    <EventMentionInfo>
      <ID>50</ID>
      <AnchorText>redacted</AnchorText>
      <Type>Occurrence</Type>
      <Position>2462</Position>
    </EventMentionInfo>
    <EventMentionInfo>
      <ID>51</ID>
      <AnchorText>told</AnchorText>
      <Type>Reporting</Type>
      <Position>2472</Position>
    </EventMentionInfo>
    <EventMentionInfo>
      <ID>52</ID>
      <AnchorText>saw</AnchorText>
      <Type>Perception</Type>
      <Position>2494</Position>
    </EventMentionInfo>
    <EventMentionInfo>
      <ID>53</ID>
      <AnchorText>yelling</AnchorText>
      <Type>Reporting</Type>
      <Position>2588</Position>
    </EventMentionInfo>
    <EventMentionInfo>
      <ID>54</ID>
      <AnchorText>looking</AnchorText>
      <Type>Perception</Type>
      <Position>2627</Position>
    </EventMentionInfo>
    <EventMentionInfo>
      <ID>55</ID>
      <AnchorText>said</AnchorText>
      <Type>Reporting</Type>
      <Position>2694</Position>
    </EventMentionInfo>
    <EventMentionInfo>
      <ID>56</ID>
      <AnchorText>saw</AnchorText>
      <Type>I_Action</Type>
      <Position>2702</Position>
    </EventMentionInfo>
    <EventMentionInfo>
      <ID>57</ID>
      <AnchorText>throwing</AnchorText>
      <Type>I_Action</Type>
      <Position>2721</Position>
    </EventMentionInfo>
    <EventMentionInfo>
      <ID>58</ID>
      <AnchorText>punches</AnchorText>
      <Type>Occurrence</Type>
      <Position>2730</Position>
    </EventMentionInfo>
    <EventMentionInfo>
      <ID>59</ID>
      <AnchorText>said</AnchorText>
      <Type>Reporting</Type>
      <Position>2775</Position>
    </EventMentionInfo>
    <EventMentionInfo>
      <ID>60</ID>
      <AnchorText>told</AnchorText>
      <Type>Reporting</Type>
      <Position>2783</Position>
    </EventMentionInfo>
    <EventMentionInfo>
      <ID>61</ID>
      <AnchorText>said</AnchorText>
      <Type>Reporting</Type>
      <Position>2831</Position>
    </EventMentionInfo>
    <EventMentionInfo>
      <ID>62</ID>
      <AnchorText>making</AnchorText>
      <Type>I_Action</Type>
      <Position>2851</Position>
    </EventMentionInfo>
    <EventMentionInfo>
      <ID>63</ID>
      <AnchorText>call</AnchorText>
      <Type>Occurrence</Type>
      <Position>2862</Position>
    </EventMentionInfo>
    <EventMentionInfo>
      <ID>64</ID>
      <AnchorText>heard</AnchorText>
      <Type>I_Action</Type>
      <Position>2871</Position>
    </EventMentionInfo>
    <EventMentionInfo>
      <ID>65</ID>
      <AnchorText>shot</AnchorText>
      <Type>Occurrence</Type>
      <Position>2879</Position>
    </EventMentionInfo>
    <EventMentionInfo>
      <ID>66</ID>
      <AnchorText>looked</AnchorText>
      <Type>Perception</Type>
      <Position>2888</Position>
    </EventMentionInfo>
    <EventMentionInfo>
      <ID>67</ID>
      <AnchorText>saw</AnchorText>
      <Type>Perception</Type>
      <Position>2907</Position>
    </EventMentionInfo>
    <EventMentionInfo>
      <ID>68</ID>
      <AnchorText>said</AnchorText>
      <Type>Reporting</Type>
      <Position>2991</Position>
    </EventMentionInfo>
    <EventMentionInfo>
      <ID>69</ID>
      <AnchorText>talking</AnchorText>
      <Type>Reporting</Type>
      <Position>3044</Position>
    </EventMentionInfo>
  </Events>
  <Relations>
    <HierarchyRelationInfo>
      <SuperEventID>7</SuperEventID>
      <SubEventID>2</SubEventID>
      <Type>Coref</Type>
      <Uncertain>false</Uncertain>
    </HierarchyRelationInfo>
    <HierarchyRelationInfo>
      <SuperEventID>6</SuperEventID>
      <SubEventID>3</SubEventID>
      <Type>SuperSub</Type>
      <Uncertain>false</Uncertain>
    </HierarchyRelationInfo>
    <HierarchyRelationInfo>
      <SuperEventID>6</SuperEventID>
      <SubEventID>13</SubEventID>
      <Type>SuperSub</Type>
      <Uncertain>false</Uncertain>
    </HierarchyRelationInfo>
    <HierarchyRelationInfo>
      <SuperEventID>17</SuperEventID>
      <SubEventID>1</SubEventID>
      <Type>Coref</Type>
      <Uncertain>false</Uncertain>
    </HierarchyRelationInfo>
    <HierarchyRelationInfo>
      <SuperEventID>21</SuperEventID>
      <SubEventID>2</SubEventID>
      <Type>Coref</Type>
      <Uncertain>false</Uncertain>
    </HierarchyRelationInfo>
    <HierarchyRelationInfo>
      <SuperEventID>15</SuperEventID>
      <SubEventID>18</SubEventID>
      <Type>SuperSub</Type>
      <Uncertain>false</Uncertain>
    </HierarchyRelationInfo>
    <HierarchyRelationInfo>
      <SuperEventID>18</SuperEventID>
      <SubEventID>17</SubEventID>
      <Type>SuperSub</Type>
      <Uncertain>false</Uncertain>
    </HierarchyRelationInfo>
    <HierarchyRelationInfo>
      <SuperEventID>35</SuperEventID>
      <SubEventID>21</SubEventID>
      <Type>Coref</Type>
      <Uncertain>false</Uncertain>
    </HierarchyRelationInfo>
    <HierarchyRelationInfo>
      <SuperEventID>32</SuperEventID>
      <SubEventID>31</SubEventID>
      <Type>SuperSub</Type>
      <Uncertain>true</Uncertain>
    </HierarchyRelationInfo>
    <HierarchyRelationInfo>
      <SuperEventID>40</SuperEventID>
      <SubEventID>24</SubEventID>
      <Type>Coref</Type>
      <Uncertain>false</Uncertain>
    </HierarchyRelationInfo>
    <HierarchyRelationInfo>
      <SuperEventID>32</SuperEventID>
      <SubEventID>24</SubEventID>
      <Type>SuperSub</Type>
      <Uncertain>false</Uncertain>
    </HierarchyRelationInfo>
    <HierarchyRelationInfo>
      <SuperEventID>24</SuperEventID>
      <SubEventID>36</SubEventID>
      <Type>SuperSub</Type>
      <Uncertain>false</Uncertain>
    </HierarchyRelationInfo>
    <HierarchyRelationInfo>
      <SuperEventID>24</SuperEventID>
      <SubEventID>35</SubEventID>
      <Type>SuperSub</Type>
      <Uncertain>false</Uncertain>
    </HierarchyRelationInfo>
    <HierarchyRelationInfo>
      <SuperEventID>32</SuperEventID>
      <SubEventID>43</SubEventID>
      <Type>SuperSub</Type>
      <Uncertain>false</Uncertain>
    </HierarchyRelationInfo>
    <HierarchyRelationInfo>
      <SuperEventID>54</SuperEventID>
      <SubEventID>52</SubEventID>
      <Type>SuperSub</Type>
      <Uncertain>false</Uncertain>
    </HierarchyRelationInfo>
    <HierarchyRelationInfo>
      <SuperEventID>40</SuperEventID>
      <SubEventID>54</SubEventID>
      <Type>SuperSub</Type>
      <Uncertain>false</Uncertain>
    </HierarchyRelationInfo>
    <HierarchyRelationInfo>
      <SuperEventID>40</SuperEventID>
      <SubEventID>58</SubEventID>
      <Type>SuperSub</Type>
      <Uncertain>false</Uncertain>
    </HierarchyRelationInfo>
    <HierarchyRelationInfo>
      <SuperEventID>40</SuperEventID>
      <SubEventID>63</SubEventID>
      <Type>SuperSub</Type>
      <Uncertain>false</Uncertain>
    </HierarchyRelationInfo>
    <HierarchyRelationInfo>
      <SuperEventID>66</SuperEventID>
      <SubEventID>67</SubEventID>
      <Type>SuperSub</Type>
      <Uncertain>false</Uncertain>
    </HierarchyRelationInfo>
    <HierarchyRelationInfo>
      <SuperEventID>65</SuperEventID>
      <SubEventID>35</SubEventID>
      <Type>Coref</Type>
      <Uncertain>false</Uncertain>
    </HierarchyRelationInfo>
    <HierarchyRelationInfo>
      <SuperEventID>9</SuperEventID>
      <SubEventID>43</SubEventID>
      <Type>Coref</Type>
      <Uncertain>true</Uncertain>
    </HierarchyRelationInfo>
    <HierarchyRelationInfo>
      <SuperEventID>43</SuperEventID>
      <SubEventID>42</SubEventID>
      <Type>SuperSub</Type>
      <Uncertain>false</Uncertain>
    </HierarchyRelationInfo>
  </Relations>
</ArticleInfo>