<ArticleInfo>
  <Text>Gunfire rang out in Mali's capital Bamako on Wednesday in the third day of clashes between the military junta and soldiers loyal to the ousted president, forcing residents to flee. A Malian security source told Reuters the junta's troops were asking people to leave their buildings as they searched for loyalist fighters, including suspected foreign mercenaries, who had mounted a counter-coup attempt. "We're looking for red berets," yelled one junta soldier, before firing his rifle into the air. Shooting was also heard from the direction of the state broadcaster building, scene of some of the heaviest fighting since Monday but which has remained under the junta's control. "The evacuation is meant to help the work of the soldiers who are in the process of sweeping the city in search of mercenaries that have infiltrated the population," the security source said, asking not to be named. A Reuters witness said firing also broke out in downtown Bamako, where administrative buildings were being evacuated and residents were fleeing on foot and by car. Members of the red beret presidential guard unit attacked important sites in and around Bamako late on Monday in an apparent attempt to unseat the military junta that has been in power since a coup on March 22. Residents said heavy and automatic weapons fire was heard coming from the red berets training camp in the Sebenicoro neighbourhood, west of Bamako, after a column of junta tanks and armored cars moved to seize the camp. "We hear gunfire everywhere, I have just heard heavy weapons. They carrying out a mopping-up operation in the last pocket of the red berets resistance," said a resident of the neighbourhood.</Text>
  <Events>
    <EventMentionInfo>
      <ID>1</ID>
      <AnchorText>Gunfire</AnchorText>
      <Type>Occurrence</Type>
      <Position>0</Position>
    </EventMentionInfo>
    <EventMentionInfo>
      <ID>2</ID>
      <AnchorText>rang</AnchorText>
      <Type>I_Action</Type>
      <Position>8</Position>
    </EventMentionInfo>
    <EventMentionInfo>
      <ID>3</ID>
      <AnchorText>clashes</AnchorText>
      <Type>Occurrence</Type>
      <Position>75</Position>
    </EventMentionInfo>
    <EventMentionInfo>
      <ID>4</ID>
      <AnchorText>forcing</AnchorText>
      <Type>I_Action</Type>
      <Position>154</Position>
    </EventMentionInfo>
    <EventMentionInfo>
      <ID>5</ID>
      <AnchorText>flee</AnchorText>
      <Type>Occurrence</Type>
      <Position>175</Position>
    </EventMentionInfo>
    <EventMentionInfo>
      <ID>6</ID>
      <AnchorText>told</AnchorText>
      <Type>Reporting</Type>
      <Position>206</Position>
    </EventMentionInfo>
    <EventMentionInfo>
      <ID>7</ID>
      <AnchorText>asking</AnchorText>
      <Type>I_Action</Type>
      <Position>243</Position>
    </EventMentionInfo>
    <EventMentionInfo>
      <ID>8</ID>
      <AnchorText>searched</AnchorText>
      <Type>Occurrence</Type>
      <Position>290</Position>
    </EventMentionInfo>
    <EventMentionInfo>
      <ID>9</ID>
      <AnchorText>mounted</AnchorText>
      <Type>I_Action</Type>
      <Position>371</Position>
    </EventMentionInfo>
    <EventMentionInfo>
      <ID>10</ID>
      <AnchorText>attempt</AnchorText>
      <Type>Occurrence</Type>
      <Position>394</Position>
    </EventMentionInfo>
    <EventMentionInfo>
      <ID>11</ID>
      <AnchorText>yelled</AnchorText>
      <Type>Reporting</Type>
      <Position>435</Position>
    </EventMentionInfo>
    <EventMentionInfo>
      <ID>12</ID>
      <AnchorText>firing</AnchorText>
      <Type>Occurrence</Type>
      <Position>468</Position>
    </EventMentionInfo>
    <EventMentionInfo>
      <ID>13</ID>
      <AnchorText>Shooting</AnchorText>
      <Type>Occurrence</Type>
      <Position>499</Position>
    </EventMentionInfo>
    <EventMentionInfo>
      <ID>14</ID>
      <AnchorText>heard</AnchorText>
      <Type>Perception</Type>
      <Position>517</Position>
    </EventMentionInfo>
    <EventMentionInfo>
      <ID>15</ID>
      <AnchorText>fighting</AnchorText>
      <Type>HalfGeneric</Type>
      <Position>607</Position>
    </EventMentionInfo>
    <EventMentionInfo>
      <ID>16</ID>
      <AnchorText>evacuation</AnchorText>
      <Type>Occurrence</Type>
      <Position>684</Position>
    </EventMentionInfo>
    <EventMentionInfo>
      <ID>17</ID>
      <AnchorText>sweeping</AnchorText>
      <Type>I_Action</Type>
      <Position>763</Position>
    </EventMentionInfo>
    <EventMentionInfo>
      <ID>18</ID>
      <AnchorText>search</AnchorText>
      <Type>Occurrence</Type>
      <Position>784</Position>
    </EventMentionInfo>
    <EventMentionInfo>
      <ID>19</ID>
      <AnchorText>infiltrated</AnchorText>
      <Type>Occurrence</Type>
      <Position>816</Position>
    </EventMentionInfo>
    <EventMentionInfo>
      <ID>20</ID>
      <AnchorText>said</AnchorText>
      <Type>Reporting</Type>
      <Position>865</Position>
    </EventMentionInfo>
    <EventMentionInfo>
      <ID>21</ID>
      <AnchorText>asking</AnchorText>
      <Type>I_Action</Type>
      <Position>871</Position>
    </EventMentionInfo>
    <EventMentionInfo>
      <ID>22</ID>
      <AnchorText>said</AnchorText>
      <Type>Reporting</Type>
      <Position>913</Position>
    </EventMentionInfo>
    <EventMentionInfo>
      <ID>23</ID>
      <AnchorText>firing</AnchorText>
      <Type>Occurrence</Type>
      <Position>918</Position>
    </EventMentionInfo>
    <EventMentionInfo>
      <ID>24</ID>
      <AnchorText>broke</AnchorText>
      <Type>I_Action</Type>
      <Position>930</Position>
    </EventMentionInfo>
    <EventMentionInfo>
      <ID>25</ID>
      <AnchorText>evacuated</AnchorText>
      <Type>Occurrence</Type>
      <Position>1002</Position>
    </EventMentionInfo>
    <EventMentionInfo>
      <ID>26</ID>
      <AnchorText>fleeing</AnchorText>
      <Type>Occurrence</Type>
      <Position>1031</Position>
    </EventMentionInfo>
    <EventMentionInfo>
      <ID>27</ID>
      <AnchorText>attacked</AnchorText>
      <Type>Occurrence</Type>
      <Position>1108</Position>
    </EventMentionInfo>
    <EventMentionInfo>
      <ID>28</ID>
      <AnchorText>attempt</AnchorText>
      <Type>I_Action</Type>
      <Position>1184</Position>
    </EventMentionInfo>
    <EventMentionInfo>
      <ID>29</ID>
      <AnchorText>coup</AnchorText>
      <Type>Occurrence</Type>
      <Position>1252</Position>
    </EventMentionInfo>
    <EventMentionInfo>
      <ID>30</ID>
      <AnchorText>said</AnchorText>
      <Type>Reporting</Type>
      <Position>1280</Position>
    </EventMentionInfo>
    <EventMentionInfo>
      <ID>31</ID>
      <AnchorText>fire</AnchorText>
      <Type>Occurrence</Type>
      <Position>1313</Position>
    </EventMentionInfo>
    <EventMentionInfo>
      <ID>32</ID>
      <AnchorText>heard</AnchorText>
      <Type>Perception</Type>
      <Position>1322</Position>
    </EventMentionInfo>
    <EventMentionInfo>
      <ID>33</ID>
      <AnchorText>moved</AnchorText>
      <Type>I_Action</Type>
      <Position>1465</Position>
    </EventMentionInfo>
    <EventMentionInfo>
      <ID>34</ID>
      <AnchorText>hear</AnchorText>
      <Type>Perception</Type>
      <Position>1494</Position>
    </EventMentionInfo>
    <EventMentionInfo>
      <ID>35</ID>
      <AnchorText>gunfire</AnchorText>
      <Type>Occurrence</Type>
      <Position>1499</Position>
    </EventMentionInfo>
    <EventMentionInfo>
      <ID>36</ID>
      <AnchorText>heard</AnchorText>
      <Type>Perception</Type>
      <Position>1531</Position>
    </EventMentionInfo>
    <EventMentionInfo>
      <ID>37</ID>
      <AnchorText>carrying</AnchorText>
      <Type>I_Action</Type>
      <Position>1557</Position>
    </EventMentionInfo>
    <EventMentionInfo>
      <ID>38</ID>
      <AnchorText>operation</AnchorText>
      <Type>Occurrence</Type>
      <Position>1583</Position>
    </EventMentionInfo>
    <EventMentionInfo>
      <ID>39</ID>
      <AnchorText>said</AnchorText>
      <Type>Reporting</Type>
      <Position>1643</Position>
    </EventMentionInfo>
  </Events>
  <Relations>
    <HierarchyRelationInfo>
      <SuperEventID>3</SuperEventID>
      <SubEventID>5</SubEventID>
      <Type>SuperSub</Type>
      <Uncertain>false</Uncertain>
      <Transitive>false</Transitive>
    </HierarchyRelationInfo>
    <HierarchyRelationInfo>
      <SuperEventID>3</SuperEventID>
      <SubEventID>8</SubEventID>
      <Type>SuperSub</Type>
      <Uncertain>false</Uncertain>
      <Transitive>false</Transitive>
    </HierarchyRelationInfo>
    <HierarchyRelationInfo>
      <SuperEventID>8</SuperEventID>
      <SubEventID>12</SubEventID>
      <Type>SuperSub</Type>
      <Uncertain>false</Uncertain>
      <Transitive>false</Transitive>
    </HierarchyRelationInfo>
    <HierarchyRelationInfo>
      <SuperEventID>3</SuperEventID>
      <SubEventID>13</SubEventID>
      <Type>SuperSub</Type>
      <Uncertain>false</Uncertain>
      <Transitive>false</Transitive>
    </HierarchyRelationInfo>
    <HierarchyRelationInfo>
      <SuperEventID>3</SuperEventID>
      <SubEventID>15</SubEventID>
      <Type>SuperSub</Type>
      <Uncertain>false</Uncertain>
      <Transitive>false</Transitive>
    </HierarchyRelationInfo>
    <HierarchyRelationInfo>
      <SuperEventID>5</SuperEventID>
      <SubEventID>16</SubEventID>
      <Type>Coref</Type>
      <Uncertain>false</Uncertain>
      <Transitive>false</Transitive>
    </HierarchyRelationInfo>
    <HierarchyRelationInfo>
      <SuperEventID>18</SuperEventID>
      <SubEventID>8</SubEventID>
      <Type>Coref</Type>
      <Uncertain>false</Uncertain>
      <Transitive>false</Transitive>
    </HierarchyRelationInfo>
    <HierarchyRelationInfo>
      <SuperEventID>25</SuperEventID>
      <SubEventID>26</SubEventID>
      <Type>SuperSub</Type>
      <Uncertain>false</Uncertain>
      <Transitive>false</Transitive>
    </HierarchyRelationInfo>
    <HierarchyRelationInfo>
      <SuperEventID>3</SuperEventID>
      <SubEventID>31</SubEventID>
      <Type>SuperSub</Type>
      <Uncertain>false</Uncertain>
      <Transitive>false</Transitive>
    </HierarchyRelationInfo>
    <HierarchyRelationInfo>
      <SuperEventID>3</SuperEventID>
      <SubEventID>1</SubEventID>
      <Type>SuperSub</Type>
      <Uncertain>false</Uncertain>
      <Transitive>false</Transitive>
      <Comment>Suncana, </Comment>
    </HierarchyRelationInfo>
    <HierarchyRelationInfo>
      <SuperEventID>16</SuperEventID>
      <SubEventID>25</SubEventID>
      <Type>SuperSub</Type>
      <Uncertain>false</Uncertain>
      <Transitive>false</Transitive>
      <Comment>Suncana, </Comment>
    </HierarchyRelationInfo>
    <HierarchyRelationInfo>
      <SuperEventID>27</SuperEventID>
      <SubEventID>10</SubEventID>
      <Type>Coref</Type>
      <Uncertain>false</Uncertain>
      <Transitive>false</Transitive>
      <Comment>Suncana, </Comment>
    </HierarchyRelationInfo>
    <HierarchyRelationInfo>
      <SuperEventID>34</SuperEventID>
      <SubEventID>32</SubEventID>
      <Type>Coref</Type>
      <Uncertain>false</Uncertain>
      <Transitive>false</Transitive>
      <Comment>Suncana, </Comment>
    </HierarchyRelationInfo>
    <HierarchyRelationInfo>
      <SuperEventID>34</SuperEventID>
      <SubEventID>36</SubEventID>
      <Type>SuperSub</Type>
      <Uncertain>false</Uncertain>
      <Transitive>false</Transitive>
      <Comment>Suncana, </Comment>
    </HierarchyRelationInfo>
    <HierarchyRelationInfo>
      <SuperEventID>35</SuperEventID>
      <SubEventID>31</SubEventID>
      <Type>Coref</Type>
      <Uncertain>false</Uncertain>
      <Transitive>false</Transitive>
      <Comment>Suncana, </Comment>
    </HierarchyRelationInfo>
    <HierarchyRelationInfo>
      <SuperEventID>38</SuperEventID>
      <SubEventID>35</SubEventID>
      <Type>SuperSub</Type>
      <Uncertain>false</Uncertain>
      <Transitive>false</Transitive>
      <Comment>Suncana, </Comment>
    </HierarchyRelationInfo>
    <HierarchyRelationInfo>
      <SuperEventID>38</SuperEventID>
      <SubEventID>34</SubEventID>
      <Type>SuperSub</Type>
      <Uncertain>false</Uncertain>
      <Transitive>false</Transitive>
      <Comment>Suncana, </Comment>
    </HierarchyRelationInfo>
  </Relations>
</ArticleInfo>
