<ArticleInfo>
  <Text>A Soyuz spaceship carrying two Russians and one American astronaut blasted off for the International Space Station (ISS) on Tuesday after more than a month's delay over a problem with the hull of the Russian-built capsule. NASA astronaut Joseph Acaba, veteran cosmonaut Gennady Padalka and Sergei Revin, who is departing on his maiden space flight, launched in clear skies aboard the Soyuz TMA-04M rocket from the Baikonur cosmodrome in Kazakhstan on Monday night. Three minutes into the flight, the crew members gave a thumbs-up signal to a camera on board the capsule. An anchor inside Mission Control outside Moscow told assembled scientists and students that the three astronauts were feeling well. The trio will berth early on Wednesday, joining Russian cosmonaut Oleg Kononenko, NASA's Don Pettit and European Space Agency astronaut Andre Kuipers aboard the ISS, a $100 billion research complex orbiting about 240 miles above Earth. Since the retirement of the space shuttles last year, the United States is dependent on Russia to fly astronauts to the ISS, which costs the nation $60 million per person. Moscow hopes a smooth mission will begin to restore confidence in its once-pioneering space program after a string of launch mishaps last year, including the failure of a mission touted as post-Soviet Russia's interplanetary debut. Tuesday's flight was delayed from March 30 to allow Russia's partly state-owned space contractor, RKK Energia, to prepare a new capsule for launch after an accident during pressure tests damaged the Soyuz crew capsule. The previous crew of three at the ISS returned from the station in late April, following a delay due to safety fears after an unmanned Russian Progress craft taking supplies to the station broke up in the atmosphere in August. That was one of five botched launches last year that marred celebrations of the 50th anniversary of Soviet pilot Yuri Gagarin's first human space flight, including a long-awaited unmanned mission to return samples from the Martian moon Phobos.</Text>
  <Events>
    <EventMentionInfo>
      <ID>1</ID>
      <AnchorText>blasted</AnchorText>
      <Type>Occurrence</Type>
      <Position>67</Position>
    </EventMentionInfo>
    <EventMentionInfo>
      <ID>2</ID>
      <AnchorText>delay</AnchorText>
      <Type>Occurrence</Type>
      <Position>158</Position>
    </EventMentionInfo>
    <EventMentionInfo>
      <ID>3</ID>
      <AnchorText>problem</AnchorText>
      <Type>Occurrence</Type>
      <Position>171</Position>
    </EventMentionInfo>
    <EventMentionInfo>
      <ID>4</ID>
      <AnchorText>departing</AnchorText>
      <Type>I_Action</Type>
      <Position>311</Position>
    </EventMentionInfo>
    <EventMentionInfo>
      <ID>5</ID>
      <AnchorText>flight</AnchorText>
      <Type>Occurrence</Type>
      <Position>341</Position>
    </EventMentionInfo>
    <EventMentionInfo>
      <ID>6</ID>
      <AnchorText>launched</AnchorText>
      <Type>Occurrence</Type>
      <Position>349</Position>
    </EventMentionInfo>
    <EventMentionInfo>
      <ID>7</ID>
      <AnchorText>flight</AnchorText>
      <Type>Occurrence</Type>
      <Position>488</Position>
    </EventMentionInfo>
    <EventMentionInfo>
      <ID>8</ID>
      <AnchorText>gave</AnchorText>
      <Type>I_Action</Type>
      <Position>513</Position>
    </EventMentionInfo>
    <EventMentionInfo>
      <ID>9</ID>
      <AnchorText>signal</AnchorText>
      <Type>Occurrence</Type>
      <Position>530</Position>
    </EventMentionInfo>
    <EventMentionInfo>
      <ID>10</ID>
      <AnchorText>told</AnchorText>
      <Type>Reporting</Type>
      <Position>619</Position>
    </EventMentionInfo>
    <EventMentionInfo>
      <ID>11</ID>
      <AnchorText>retirement</AnchorText>
      <Type>Occurrence</Type>
      <Position>949</Position>
    </EventMentionInfo>
    <EventMentionInfo>
      <ID>12</ID>
      <AnchorText>mishaps</AnchorText>
      <Type>HalfGeneric</Type>
      <Position>1236</Position>
    </EventMentionInfo>
    <EventMentionInfo>
      <ID>13</ID>
      <AnchorText>failure</AnchorText>
      <Type>I_Action</Type>
      <Position>1269</Position>
    </EventMentionInfo>
    <EventMentionInfo>
      <ID>14</ID>
      <AnchorText>mission</AnchorText>
      <Type>Occurrence</Type>
      <Position>1282</Position>
    </EventMentionInfo>
    <EventMentionInfo>
      <ID>15</ID>
      <AnchorText>touted</AnchorText>
      <Type>I_Action</Type>
      <Position>1290</Position>
    </EventMentionInfo>
    <EventMentionInfo>
      <ID>16</ID>
      <AnchorText>debut</AnchorText>
      <Type>Occurrence</Type>
      <Position>1336</Position>
    </EventMentionInfo>
    <EventMentionInfo>
      <ID>17</ID>
      <AnchorText>flight</AnchorText>
      <Type>Occurrence</Type>
      <Position>1353</Position>
    </EventMentionInfo>
    <EventMentionInfo>
      <ID>18</ID>
      <AnchorText>delayed</AnchorText>
      <Type>I_Action</Type>
      <Position>1364</Position>
    </EventMentionInfo>
    <EventMentionInfo>
      <ID>19</ID>
      <AnchorText>prepare</AnchorText>
      <Type>Occurrence</Type>
      <Position>1457</Position>
    </EventMentionInfo>
    <EventMentionInfo>
      <ID>20</ID>
      <AnchorText>accident</AnchorText>
      <Type>Occurrence</Type>
      <Position>1499</Position>
    </EventMentionInfo>
    <EventMentionInfo>
      <ID>21</ID>
      <AnchorText>tests</AnchorText>
      <Type>Occurrence</Type>
      <Position>1524</Position>
    </EventMentionInfo>
    <EventMentionInfo>
      <ID>22</ID>
      <AnchorText>damaged</AnchorText>
      <Type>I_Action</Type>
      <Position>1530</Position>
    </EventMentionInfo>
    <EventMentionInfo>
      <ID>23</ID>
      <AnchorText>returned</AnchorText>
      <Type>Occurrence</Type>
      <Position>1600</Position>
    </EventMentionInfo>
    <EventMentionInfo>
      <ID>24</ID>
      <AnchorText>delay</AnchorText>
      <Type>Occurrence</Type>
      <Position>1653</Position>
    </EventMentionInfo>
    <EventMentionInfo>
      <ID>25</ID>
      <AnchorText>taking</AnchorText>
      <Type>Occurrence</Type>
      <Position>1720</Position>
    </EventMentionInfo>
    <EventMentionInfo>
      <ID>26</ID>
      <AnchorText>broke</AnchorText>
      <Type>Occurrence</Type>
      <Position>1751</Position>
    </EventMentionInfo>
    <EventMentionInfo>
      <ID>27</ID>
      <AnchorText>launches</AnchorText>
      <Type>Occurrence</Type>
      <Position>1818</Position>
    </EventMentionInfo>
    <EventMentionInfo>
      <ID>28</ID>
      <AnchorText>marred</AnchorText>
      <Type>I_Action</Type>
      <Position>1842</Position>
    </EventMentionInfo>
    <EventMentionInfo>
      <ID>29</ID>
      <AnchorText>celebrations</AnchorText>
      <Type>HalfGeneric</Type>
      <Position>1849</Position>
    </EventMentionInfo>
    <EventMentionInfo>
      <ID>30</ID>
      <AnchorText>flight</AnchorText>
      <Type>Occurrence</Type>
      <Position>1935</Position>
    </EventMentionInfo>
    <EventMentionInfo>
      <ID>31</ID>
      <AnchorText>mission</AnchorText>
      <Type>I_Action</Type>
      <Position>1977</Position>
    </EventMentionInfo>
  </Events>
  <Relations>
    <HierarchyRelationInfo>
      <SuperEventID>5</SuperEventID>
      <SubEventID>1</SubEventID>
      <Type>SuperSub</Type>
      <Uncertain>false</Uncertain>
    </HierarchyRelationInfo>
    <HierarchyRelationInfo>
      <SuperEventID>1</SuperEventID>
      <SubEventID>6</SubEventID>
      <Type>Coref</Type>
      <Uncertain>false</Uncertain>
    </HierarchyRelationInfo>
    <HierarchyRelationInfo>
      <SuperEventID>5</SuperEventID>
      <SubEventID>7</SubEventID>
      <Type>Coref</Type>
      <Uncertain>false</Uncertain>
    </HierarchyRelationInfo>
    <HierarchyRelationInfo>
      <SuperEventID>7</SuperEventID>
      <SubEventID>9</SubEventID>
      <Type>SuperSub</Type>
      <Uncertain>false</Uncertain>
    </HierarchyRelationInfo>
    <HierarchyRelationInfo>
      <SuperEventID>12</SuperEventID>
      <SubEventID>14</SubEventID>
      <Type>SuperSub</Type>
      <Uncertain>false</Uncertain>
    </HierarchyRelationInfo>
    <HierarchyRelationInfo>
      <SuperEventID>17</SuperEventID>
      <SubEventID>7</SubEventID>
      <Type>Coref</Type>
      <Uncertain>false</Uncertain>
    </HierarchyRelationInfo>
    <HierarchyRelationInfo>
      <SuperEventID>21</SuperEventID>
      <SubEventID>20</SubEventID>
      <Type>SuperSub</Type>
      <Uncertain>false</Uncertain>
    </HierarchyRelationInfo>
    <HierarchyRelationInfo>
      <SuperEventID>20</SuperEventID>
      <SubEventID>3</SubEventID>
      <Type>SuperSub</Type>
      <Uncertain>false</Uncertain>
    </HierarchyRelationInfo>
    <HierarchyRelationInfo>
      <SuperEventID>25</SuperEventID>
      <SubEventID>26</SubEventID>
      <Type>SuperSub</Type>
      <Uncertain>false</Uncertain>
    </HierarchyRelationInfo>
    <HierarchyRelationInfo>
      <SuperEventID>12</SuperEventID>
      <SubEventID>27</SubEventID>
      <Type>SuperSub</Type>
      <Uncertain>false</Uncertain>
    </HierarchyRelationInfo>
    <HierarchyRelationInfo>
      <SuperEventID>29</SuperEventID>
      <SubEventID>12</SubEventID>
      <Type>SuperSub</Type>
      <Uncertain>false</Uncertain>
    </HierarchyRelationInfo>
  </Relations>
</ArticleInfo>