<ArticleInfo>
  <Text>Support group One in Four says that new allegations surrounding the role of Cardinal Sean Brady&#160;in the Brendan Smyth affair require an explanation from the Cardinal. A&#160;BBC documentary last night claimed that information was given to an investigating team of clerics - including Cardinal Brady - in 1975 about other children who were being abused at the time but was not passed on. In a statement released before the programme aired last night a spokesman for the&#160;Cardinal said the then-Father Brady was a notetaker for the inquiry. He added that it was not his responsibility to inform the civil authorities. Darragh McIntyre was the journalist behind the documentary last night. He told Breakfast here on Newstalk he made contact with the other children who were named in the internal inquiry as victims of Brendan Smyth.</Text>
  <Events>
    <EventMentionInfo>
      <ID>1</ID>
      <AnchorText>says</AnchorText>
      <Type>Reporting</Type>
      <Position>26</Position>
    </EventMentionInfo>
    <EventMentionInfo>
      <ID>2</ID>
      <AnchorText>affair</AnchorText>
      <Type>Occurrence</Type>
      <Position>117</Position>
    </EventMentionInfo>
    <EventMentionInfo>
      <ID>3</ID>
      <AnchorText>claimed</AnchorText>
      <Type>Reporting</Type>
      <Position>195</Position>
    </EventMentionInfo>
    <EventMentionInfo>
      <ID>4</ID>
      <AnchorText>given</AnchorText>
      <Type>Occurrence</Type>
      <Position>224</Position>
    </EventMentionInfo>
    <EventMentionInfo>
      <ID>5</ID>
      <AnchorText>abused</AnchorText>
      <Type>HalfGeneric</Type>
      <Position>339</Position>
    </EventMentionInfo>
    <EventMentionInfo>
      <ID>6</ID>
      <AnchorText>released</AnchorText>
      <Type>Occurrence</Type>
      <Position>396</Position>
    </EventMentionInfo>
    <EventMentionInfo>
      <ID>7</ID>
      <AnchorText>aired</AnchorText>
      <Type>Occurrence</Type>
      <Position>426</Position>
    </EventMentionInfo>
    <EventMentionInfo>
      <ID>8</ID>
      <AnchorText>said</AnchorText>
      <Type>Reporting</Type>
      <Position>472</Position>
    </EventMentionInfo>
    <EventMentionInfo>
      <ID>9</ID>
      <AnchorText>inquiry</AnchorText>
      <Type>Occurrence</Type>
      <Position>523</Position>
    </EventMentionInfo>
    <EventMentionInfo>
      <ID>10</ID>
      <AnchorText>added</AnchorText>
      <Type>Reporting</Type>
      <Position>535</Position>
    </EventMentionInfo>
    <EventMentionInfo>
      <ID>11</ID>
      <AnchorText>told</AnchorText>
      <Type>Reporting</Type>
      <Position>683</Position>
    </EventMentionInfo>
    <EventMentionInfo>
      <ID>12</ID>
      <AnchorText>made</AnchorText>
      <Type>I_Action</Type>
      <Position>718</Position>
    </EventMentionInfo>
    <EventMentionInfo>
      <ID>13</ID>
      <AnchorText>contact</AnchorText>
      <Type>Occurrence</Type>
      <Position>723</Position>
    </EventMentionInfo>
    <EventMentionInfo>
      <ID>14</ID>
      <AnchorText>inquiry</AnchorText>
      <Type>Occurrence</Type>
      <Position>786</Position>
    </EventMentionInfo>
  </Events>
  <Relations>
    <HierarchyRelationInfo>
      <SuperEventID>14</SuperEventID>
      <SubEventID>9</SubEventID>
      <Type>Coref</Type>
      <Uncertain>false</Uncertain>
      <Transitive>false</Transitive>
    </HierarchyRelationInfo>
  </Relations>
</ArticleInfo>