<ArticleInfo>
  <Text>FBI agents and Mississippi state troopers prepare to search for kidnapping-slaying suspect Adam Mayes on Wednesday in Guntown, Miss. Adam Mayes, 35, died Thursday evening after authorities acted on a tip and found him in the area near New Albany, Miss. When they went to arrest him, he shot himself in the head, said Guntown Police Chief Michael Hall. The girls, Alexandra Bain, 12, and Kyliyah Bain, 8, were being taken to a hospital for observation, Hall said. It was not immediately clear if they were with Mayes when he was killed. Mayes had been charged with first-degree murder in the April 27 deaths of Jo Ann Bain, 31, and her daughter, Adrienne, 14. Their bodies were found buried outside the Mayes' home a week after they were reported missing by Jo Ann Bain's husband. Mayes' wife, Teresa, also is charged with first-degree murder in the deaths. She told investigators he killed Jo Ann and Adrienne Bain at their Whiteville, Tenn., home so he could abduct the two young sisters, according to court documents. Teresa Mayes told investigators that after she saw her husband kill the two in the garage at the Bain home, she drove him, the younger girls and the bodies to Mississippi, according to affidavits filed in court. She faces six felony counts in the case: two first-degree murder charges and four especially aggravated kidnapping charges. Authorities refused to comment on the motive for the April 27 slayings and abductions. Mayes' mother-in-law, Josie Tate, told the Associated Press that Mayes thought the missing sisters might actually be his daughters and it caused problems in his marriage to her daughter, Teresa, who is jailed in the case. </Text>
  <Events>
    <EventMentionInfo>
      <ID>1</ID>
      <AnchorText>prepare</AnchorText>
      <Type>I_Action</Type>
      <Position>42</Position>
    </EventMentionInfo>
    <EventMentionInfo>
      <ID>2</ID>
      <AnchorText>died</AnchorText>
      <Type>Occurrence</Type>
      <Position>149</Position>
    </EventMentionInfo>
    <EventMentionInfo>
      <ID>3</ID>
      <AnchorText>acted</AnchorText>
      <Type>Occurrence</Type>
      <Position>189</Position>
    </EventMentionInfo>
    <EventMentionInfo>
      <ID>4</ID>
      <AnchorText>found</AnchorText>
      <Type>Occurrence</Type>
      <Position>208</Position>
    </EventMentionInfo>
    <EventMentionInfo>
      <ID>5</ID>
      <AnchorText>went</AnchorText>
      <Type>I_Action</Type>
      <Position>263</Position>
    </EventMentionInfo>
    <EventMentionInfo>
      <ID>6</ID>
      <AnchorText>shot</AnchorText>
      <Type>Occurrence</Type>
      <Position>286</Position>
    </EventMentionInfo>
    <EventMentionInfo>
      <ID>7</ID>
      <AnchorText>said</AnchorText>
      <Type>Reporting</Type>
      <Position>312</Position>
    </EventMentionInfo>
    <EventMentionInfo>
      <ID>8</ID>
      <AnchorText>taken</AnchorText>
      <Type>Occurrence</Type>
      <Position>415</Position>
    </EventMentionInfo>
    <EventMentionInfo>
      <ID>9</ID>
      <AnchorText>said</AnchorText>
      <Type>Reporting</Type>
      <Position>457</Position>
    </EventMentionInfo>
    <EventMentionInfo>
      <ID>10</ID>
      <AnchorText>killed</AnchorText>
      <Type>Occurrence</Type>
      <Position>528</Position>
    </EventMentionInfo>
    <EventMentionInfo>
      <ID>11</ID>
      <AnchorText>charged</AnchorText>
      <Type>Occurrence</Type>
      <Position>551</Position>
    </EventMentionInfo>
    <EventMentionInfo>
      <ID>12</ID>
      <AnchorText>deaths</AnchorText>
      <Type>Occurrence</Type>
      <Position>600</Position>
    </EventMentionInfo>
    <EventMentionInfo>
      <ID>13</ID>
      <AnchorText>found</AnchorText>
      <Type>Occurrence</Type>
      <Position>677</Position>
    </EventMentionInfo>
    <EventMentionInfo>
      <ID>14</ID>
      <AnchorText>reported</AnchorText>
      <Type>Reporting</Type>
      <Position>737</Position>
    </EventMentionInfo>
    <EventMentionInfo>
      <ID>15</ID>
      <AnchorText>charged</AnchorText>
      <Type>Occurrence</Type>
      <Position>809</Position>
    </EventMentionInfo>
    <EventMentionInfo>
      <ID>16</ID>
      <AnchorText>deaths</AnchorText>
      <Type>Occurrence</Type>
      <Position>849</Position>
    </EventMentionInfo>
    <EventMentionInfo>
      <ID>17</ID>
      <AnchorText>told</AnchorText>
      <Type>Reporting</Type>
      <Position>861</Position>
    </EventMentionInfo>
    <EventMentionInfo>
      <ID>18</ID>
      <AnchorText>killed</AnchorText>
      <Type>I_Action</Type>
      <Position>883</Position>
    </EventMentionInfo>
    <EventMentionInfo>
      <ID>19</ID>
      <AnchorText>abduct</AnchorText>
      <Type>Occurrence</Type>
      <Position>960</Position>
    </EventMentionInfo>
    <EventMentionInfo>
      <ID>20</ID>
      <AnchorText>told</AnchorText>
      <Type>Reporting</Type>
      <Position>1033</Position>
    </EventMentionInfo>
    <EventMentionInfo>
      <ID>21</ID>
      <AnchorText>saw</AnchorText>
      <Type>I_Action</Type>
      <Position>1067</Position>
    </EventMentionInfo>
    <EventMentionInfo>
      <ID>22</ID>
      <AnchorText>kill</AnchorText>
      <Type>Occurrence</Type>
      <Position>1083</Position>
    </EventMentionInfo>
    <EventMentionInfo>
      <ID>23</ID>
      <AnchorText>drove</AnchorText>
      <Type>Occurrence</Type>
      <Position>1132</Position>
    </EventMentionInfo>
    <EventMentionInfo>
      <ID>24</ID>
      <AnchorText>filed</AnchorText>
      <Type>Occurrence</Type>
      <Position>1216</Position>
    </EventMentionInfo>
    <EventMentionInfo>
      <ID>25</ID>
      <AnchorText>refused</AnchorText>
      <Type>I_Action</Type>
      <Position>1368</Position>
    </EventMentionInfo>
    <EventMentionInfo>
      <ID>26</ID>
      <AnchorText>slayings</AnchorText>
      <Type>Occurrence</Type>
      <Position>1418</Position>
    </EventMentionInfo>
    <EventMentionInfo>
      <ID>27</ID>
      <AnchorText>abductions</AnchorText>
      <Type>Occurrence</Type>
      <Position>1431</Position>
    </EventMentionInfo>
    <EventMentionInfo>
      <ID>28</ID>
      <AnchorText>told</AnchorText>
      <Type>Reporting</Type>
      <Position>1477</Position>
    </EventMentionInfo>
    <EventMentionInfo>
      <ID>29</ID>
      <AnchorText>caused</AnchorText>
      <Type>I_Action</Type>
      <Position>1581</Position>
    </EventMentionInfo>
    <EventMentionInfo>
      <ID>30</ID>
      <AnchorText>jailed</AnchorText>
      <Type>Occurrence</Type>
      <Position>1645</Position>
    </EventMentionInfo>
  </Events>
  <Relations>
    <HierarchyRelationInfo>
      <SuperEventID>6</SuperEventID>
      <SubEventID>2</SubEventID>
      <Type>Coref</Type>
      <Uncertain>false</Uncertain>
      <Transitive>false</Transitive>
    </HierarchyRelationInfo>
    <HierarchyRelationInfo>
      <SuperEventID>10</SuperEventID>
      <SubEventID>6</SubEventID>
      <Type>Coref</Type>
      <Uncertain>false</Uncertain>
      <Transitive>false</Transitive>
    </HierarchyRelationInfo>
    <HierarchyRelationInfo>
      <SuperEventID>16</SuperEventID>
      <SubEventID>12</SubEventID>
      <Type>Coref</Type>
      <Uncertain>false</Uncertain>
      <Transitive>false</Transitive>
    </HierarchyRelationInfo>
    <HierarchyRelationInfo>
      <SuperEventID>22</SuperEventID>
      <SubEventID>16</SubEventID>
      <Type>Coref</Type>
      <Uncertain>false</Uncertain>
      <Transitive>false</Transitive>
    </HierarchyRelationInfo>
    <HierarchyRelationInfo>
      <SuperEventID>26</SuperEventID>
      <SubEventID>22</SubEventID>
      <Type>Coref</Type>
      <Uncertain>false</Uncertain>
      <Transitive>false</Transitive>
    </HierarchyRelationInfo>
    <HierarchyRelationInfo>
      <SuperEventID>27</SuperEventID>
      <SubEventID>19</SubEventID>
      <Type>Coref</Type>
      <Uncertain>false</Uncertain>
      <Transitive>false</Transitive>
    </HierarchyRelationInfo>
    <HierarchyRelationInfo>
      <SuperEventID>19</SuperEventID>
      <SubEventID>23</SubEventID>
      <Type>SuperSub</Type>
      <Uncertain>false</Uncertain>
      <Transitive>false</Transitive>
      <Comment>Suncana, </Comment>
    </HierarchyRelationInfo>
    <HierarchyRelationInfo>
      <SuperEventID>15</SuperEventID>
      <SubEventID>30</SubEventID>
      <Type>SuperSub</Type>
      <Uncertain>false</Uncertain>
      <Transitive>false</Transitive>
      <Comment>Suncana, </Comment>
    </HierarchyRelationInfo>
    <HierarchyRelationInfo>
      <SuperEventID>15</SuperEventID>
      <SubEventID>24</SubEventID>
      <Type>SuperSub</Type>
      <Uncertain>false</Uncertain>
      <Transitive>false</Transitive>
      <Comment>Suncana, </Comment>
    </HierarchyRelationInfo>
  </Relations>
</ArticleInfo>