<ArticleInfo>
  <Text>A man dressed as a member of the Afghan army has opened fire on NATO troops in eastern Afghanistan, killing one soldier. The attack is under investigation. At the same time, the UN reports that civilian deaths are down. NATO announced on Friday that one of its soldiers had been killed in the east of Afghanistan, shot either by a member of the Afghan security forces or by somebody posing as one. "An individual in Afghan army uniform turned his weapon against coalition service members in eastern Afghanistan today, killing one service member," NATO's mission in Afghanistan said in a statement. The International Security Assistance Force (ISAF) gave no further details, as per standard policy, saying the soldier's home country would announce his nationality when it saw fit. ISAF also said the incident was under investigation. This was the 15th case this year when men dressed in Afghan army uniform opened fire on NATO allies. 20 ISAF soldiers have been killed in such attacks during 2012. Some of the attacks are claimed by the Taliban, who say they have infiltrated the Afghan army's ranks, but others are attributed to friction between the two allied forces. Civilian deaths recede: UN The United Nations said on Thursday that civilian casualties in Afghanistan were down 20 percent between January and April this year in comparison to the same period in 2011. Fighting often ebbs somewhat during the winter months in Afghanistan, with fighting usually intensifying after the snows melt. Over the past few months, the country was subjected to one of its harshest winters in 30 years. Civilian casualties have generally been on the increase year-on-year in Afghanistan since the US-led invasion in 2001. Last year more than 3,000 civilians were killed and another 4,500 injured in Afghanistan, roughly a 5-percent increase compared to 2010. </Text>
  <Events>
    <EventMentionInfo>
      <ID>1</ID>
      <AnchorText>opened</AnchorText>
      <Type>I_Action</Type>
      <Position>49</Position>
    </EventMentionInfo>
    <EventMentionInfo>
      <ID>2</ID>
      <AnchorText>fire</AnchorText>
      <Type>Occurrence</Type>
      <Position>56</Position>
    </EventMentionInfo>
    <EventMentionInfo>
      <ID>3</ID>
      <AnchorText>killing</AnchorText>
      <Type>Occurrence</Type>
      <Position>100</Position>
    </EventMentionInfo>
    <EventMentionInfo>
      <ID>4</ID>
      <AnchorText>attack</AnchorText>
      <Type>Occurrence</Type>
      <Position>125</Position>
    </EventMentionInfo>
    <EventMentionInfo>
      <ID>5</ID>
      <AnchorText>investigation</AnchorText>
      <Type>Occurrence</Type>
      <Position>141</Position>
    </EventMentionInfo>
    <EventMentionInfo>
      <ID>6</ID>
      <AnchorText>reports</AnchorText>
      <Type>Reporting</Type>
      <Position>181</Position>
    </EventMentionInfo>
    <EventMentionInfo>
      <ID>7</ID>
      <AnchorText>down</AnchorText>
      <Type>StateChange</Type>
      <Position>214</Position>
    </EventMentionInfo>
    <EventMentionInfo>
      <ID>8</ID>
      <AnchorText>announced</AnchorText>
      <Type>Reporting</Type>
      <Position>225</Position>
    </EventMentionInfo>
    <EventMentionInfo>
      <ID>9</ID>
      <AnchorText>killed</AnchorText>
      <Type>Occurrence</Type>
      <Position>279</Position>
    </EventMentionInfo>
    <EventMentionInfo>
      <ID>10</ID>
      <AnchorText>shot</AnchorText>
      <Type>Occurrence</Type>
      <Position>314</Position>
    </EventMentionInfo>
    <EventMentionInfo>
      <ID>11</ID>
      <AnchorText>turned</AnchorText>
      <Type>Occurrence</Type>
      <Position>436</Position>
    </EventMentionInfo>
    <EventMentionInfo>
      <ID>12</ID>
      <AnchorText>killing</AnchorText>
      <Type>Occurrence</Type>
      <Position>518</Position>
    </EventMentionInfo>
    <EventMentionInfo>
      <ID>13</ID>
      <AnchorText>said</AnchorText>
      <Type>Reporting</Type>
      <Position>577</Position>
    </EventMentionInfo>
    <EventMentionInfo>
      <ID>14</ID>
      <AnchorText>statement</AnchorText>
      <Type>Occurrence</Type>
      <Position>587</Position>
    </EventMentionInfo>
    <EventMentionInfo>
      <ID>15</ID>
      <AnchorText>saying</AnchorText>
      <Type>Reporting</Type>
      <Position>698</Position>
    </EventMentionInfo>
    <EventMentionInfo>
      <ID>16</ID>
      <AnchorText>said</AnchorText>
      <Type>Reporting</Type>
      <Position>790</Position>
    </EventMentionInfo>
    <EventMentionInfo>
      <ID>17</ID>
      <AnchorText>incident</AnchorText>
      <Type>Occurrence</Type>
      <Position>799</Position>
    </EventMentionInfo>
    <EventMentionInfo>
      <ID>18</ID>
      <AnchorText>investigation</AnchorText>
      <Type>Occurrence</Type>
      <Position>818</Position>
    </EventMentionInfo>
    <EventMentionInfo>
      <ID>19</ID>
      <AnchorText>opened</AnchorText>
      <Type>I_Action</Type>
      <Position>906</Position>
    </EventMentionInfo>
    <EventMentionInfo>
      <ID>20</ID>
      <AnchorText>fire</AnchorText>
      <Type>Occurrence</Type>
      <Position>913</Position>
    </EventMentionInfo>
    <EventMentionInfo>
      <ID>21</ID>
      <AnchorText>killed</AnchorText>
      <Type>Occurrence</Type>
      <Position>961</Position>
    </EventMentionInfo>
    <EventMentionInfo>
      <ID>22</ID>
      <AnchorText>attacks</AnchorText>
      <Type>HalfGeneric</Type>
      <Position>976</Position>
    </EventMentionInfo>
    <EventMentionInfo>
      <ID>23</ID>
      <AnchorText>attacks</AnchorText>
      <Type>HalfGeneric</Type>
      <Position>1009</Position>
    </EventMentionInfo>
    <EventMentionInfo>
      <ID>24</ID>
      <AnchorText>claimed</AnchorText>
      <Type>I_Action</Type>
      <Position>1021</Position>
    </EventMentionInfo>
    <EventMentionInfo>
      <ID>25</ID>
      <AnchorText>say</AnchorText>
      <Type>Reporting</Type>
      <Position>1049</Position>
    </EventMentionInfo>
    <EventMentionInfo>
      <ID>26</ID>
      <AnchorText>infiltrated</AnchorText>
      <Type>Occurrence</Type>
      <Position>1063</Position>
    </EventMentionInfo>
    <EventMentionInfo>
      <ID>27</ID>
      <AnchorText>said</AnchorText>
      <Type>Reporting</Type>
      <Position>1215</Position>
    </EventMentionInfo>
    <EventMentionInfo>
      <ID>28</ID>
      <AnchorText>down</AnchorText>
      <Type>StateChange</Type>
      <Position>1277</Position>
    </EventMentionInfo>
    <EventMentionInfo>
      <ID>29</ID>
      <AnchorText>subjected</AnchorText>
      <Type>Occurrence</Type>
      <Position>1540</Position>
    </EventMentionInfo>
    <EventMentionInfo>
      <ID>30</ID>
      <AnchorText>invasion</AnchorText>
      <Type>Occurrence</Type>
      <Position>1695</Position>
    </EventMentionInfo>
    <EventMentionInfo>
      <ID>31</ID>
      <AnchorText>killed</AnchorText>
      <Type>HalfGeneric</Type>
      <Position>1754</Position>
    </EventMentionInfo>
    <EventMentionInfo>
      <ID>32</ID>
      <AnchorText>injured</AnchorText>
      <Type>HalfGeneric</Type>
      <Position>1779</Position>
    </EventMentionInfo>
    <EventMentionInfo>
      <ID>33</ID>
      <AnchorText>increase</AnchorText>
      <Type>StateChange</Type>
      <Position>1823</Position>
    </EventMentionInfo>
  </Events>
  <Relations>
    <HierarchyRelationInfo>
      <SuperEventID>4</SuperEventID>
      <SubEventID>2</SubEventID>
      <Type>Coref</Type>
      <Uncertain>false</Uncertain>
    </HierarchyRelationInfo>
    <HierarchyRelationInfo>
      <SuperEventID>4</SuperEventID>
      <SubEventID>3</SubEventID>
      <Type>SuperSub</Type>
      <Uncertain>false</Uncertain>
    </HierarchyRelationInfo>
    <HierarchyRelationInfo>
      <SuperEventID>9</SuperEventID>
      <SubEventID>3</SubEventID>
      <Type>Coref</Type>
      <Uncertain>false</Uncertain>
    </HierarchyRelationInfo>
    <HierarchyRelationInfo>
      <SuperEventID>10</SuperEventID>
      <SubEventID>9</SubEventID>
      <Type>Coref</Type>
      <Uncertain>false</Uncertain>
    </HierarchyRelationInfo>
    <HierarchyRelationInfo>
      <SuperEventID>11</SuperEventID>
      <SubEventID>2</SubEventID>
      <Type>Coref</Type>
      <Uncertain>false</Uncertain>
    </HierarchyRelationInfo>
    <HierarchyRelationInfo>
      <SuperEventID>12</SuperEventID>
      <SubEventID>10</SubEventID>
      <Type>Coref</Type>
      <Uncertain>false</Uncertain>
    </HierarchyRelationInfo>
    <HierarchyRelationInfo>
      <SuperEventID>18</SuperEventID>
      <SubEventID>5</SubEventID>
      <Type>Coref</Type>
      <Uncertain>false</Uncertain>
    </HierarchyRelationInfo>
    <HierarchyRelationInfo>
      <SuperEventID>17</SuperEventID>
      <SubEventID>4</SubEventID>
      <Type>Coref</Type>
      <Uncertain>false</Uncertain>
    </HierarchyRelationInfo>
    <HierarchyRelationInfo>
      <SuperEventID>22</SuperEventID>
      <SubEventID>20</SubEventID>
      <Type>SuperSub</Type>
      <Uncertain>false</Uncertain>
    </HierarchyRelationInfo>
    <HierarchyRelationInfo>
      <SuperEventID>20</SuperEventID>
      <SubEventID>21</SubEventID>
      <Type>SuperSub</Type>
      <Uncertain>false</Uncertain>
    </HierarchyRelationInfo>
    <HierarchyRelationInfo>
      <SuperEventID>22</SuperEventID>
      <SubEventID>17</SubEventID>
      <Type>SuperSub</Type>
      <Uncertain>false</Uncertain>
    </HierarchyRelationInfo>
    <HierarchyRelationInfo>
      <SuperEventID>23</SuperEventID>
      <SubEventID>22</SubEventID>
      <Type>Coref</Type>
      <Uncertain>false</Uncertain>
    </HierarchyRelationInfo>
    <HierarchyRelationInfo>
      <SuperEventID>29</SuperEventID>
      <SubEventID>28</SubEventID>
      <Type>SuperSub</Type>
      <Uncertain>true</Uncertain>
    </HierarchyRelationInfo>
    <HierarchyRelationInfo>
      <SuperEventID>33</SuperEventID>
      <SubEventID>31</SubEventID>
      <Type>SuperSub</Type>
      <Uncertain>false</Uncertain>
    </HierarchyRelationInfo>
    <HierarchyRelationInfo>
      <SuperEventID>33</SuperEventID>
      <SubEventID>32</SubEventID>
      <Type>SuperSub</Type>
      <Uncertain>false</Uncertain>
    </HierarchyRelationInfo>
  </Relations>
</ArticleInfo>