<ArticleInfo>
  <Text>A senior official at the Indonesian Disaster Victim Identification Agency (DVI) said Friday that ten foreigners were among the victims of crashed Sukhoi Superjet 100 plane in Indonesia's West Java province. "Those ten foreigners were eight from Russia, one from the United States and another one from France," DVI Executive Director Anton Castilani said here. He said that five people among the 50 listed in the initial passengers manifest had reported to DVI about their safety. They cancelled to board the plane in last minutes before the plane took off from Halim Perdanakusumah airport for a demonstration flight. "It means that there were 45 people onboard the plane. Identification of 35 Indonesian nationals had been reported by their families to DVI. Families of the French and the U.S. nationals onboard the plane have also reported identification of their relatives," Anton said. He added that the data recorded by the agency fit to the manifest data recorded from the ill-fated Sukhoi plane. Debris of the crashed plane were mostly found scattered in Cipelang hamlet, Cijeruk subdictrict in Bogor regency in West Java province. The plane hit the wall of Mount Salak located in Bogor regency on Wednesday afternoon after its pilot contacted the Air Traffic Control (ATC) officials in Halim Perdanakusumah airport, asking permission to descent to 6,000 feet from a height of 10,000 feet. The Indonesian rescuer team and the army engage helicopters to evacuate the remains of the killed passengers from the crash site in several sorties. Indonesian and Russian teams have prepared a joint team to identify the remains of those perished in the plane crash. The fatal crash was the first in the world to involve Russia's iconic Sukhoi Superjet 100 passenger plane. Indonesian president Susilo Bambang Yudhoyono has issued an instruction to undertake a thorough investigation into the crash.</Text>
  <Events>
    <EventMentionInfo>
      <ID>1</ID>
      <AnchorText>said</AnchorText>
      <Type>Reporting</Type>
      <Position>80</Position>
    </EventMentionInfo>
    <EventMentionInfo>
      <ID>2</ID>
      <AnchorText>crashed</AnchorText>
      <Type>Occurrence</Type>
      <Position>138</Position>
    </EventMentionInfo>
    <EventMentionInfo>
      <ID>3</ID>
      <AnchorText>said</AnchorText>
      <Type>Reporting</Type>
      <Position>349</Position>
    </EventMentionInfo>
    <EventMentionInfo>
      <ID>4</ID>
      <AnchorText>said</AnchorText>
      <Type>Reporting</Type>
      <Position>363</Position>
    </EventMentionInfo>
    <EventMentionInfo>
      <ID>5</ID>
      <AnchorText>reported</AnchorText>
      <Type>Occurrence</Type>
      <Position>444</Position>
    </EventMentionInfo>
    <EventMentionInfo>
      <ID>6</ID>
      <AnchorText>cancelled</AnchorText>
      <Type>I_Action</Type>
      <Position>485</Position>
    </EventMentionInfo>
    <EventMentionInfo>
      <ID>7</ID>
      <AnchorText>took</AnchorText>
      <Type>Occurrence</Type>
      <Position>547</Position>
    </EventMentionInfo>
    <EventMentionInfo>
      <ID>8</ID>
      <AnchorText>flight</AnchorText>
      <Type>Occurrence</Type>
      <Position>610</Position>
    </EventMentionInfo>
    <EventMentionInfo>
      <ID>9</ID>
      <AnchorText>Identification</AnchorText>
      <Type>Occurrence</Type>
      <Position>673</Position>
    </EventMentionInfo>
    <EventMentionInfo>
      <ID>10</ID>
      <AnchorText>reported</AnchorText>
      <Type>I_Action</Type>
      <Position>724</Position>
    </EventMentionInfo>
    <EventMentionInfo>
      <ID>11</ID>
      <AnchorText>reported</AnchorText>
      <Type>I_Action</Type>
      <Position>833</Position>
    </EventMentionInfo>
    <EventMentionInfo>
      <ID>12</ID>
      <AnchorText>identification</AnchorText>
      <Type>Occurrence</Type>
      <Position>842</Position>
    </EventMentionInfo>
    <EventMentionInfo>
      <ID>13</ID>
      <AnchorText>said</AnchorText>
      <Type>Reporting</Type>
      <Position>884</Position>
    </EventMentionInfo>
    <EventMentionInfo>
      <ID>14</ID>
      <AnchorText>added</AnchorText>
      <Type>Reporting</Type>
      <Position>893</Position>
    </EventMentionInfo>
    <EventMentionInfo>
      <ID>15</ID>
      <AnchorText>recorded</AnchorText>
      <Type>Occurrence</Type>
      <Position>913</Position>
    </EventMentionInfo>
    <EventMentionInfo>
      <ID>16</ID>
      <AnchorText>recorded</AnchorText>
      <Type>Occurrence</Type>
      <Position>961</Position>
    </EventMentionInfo>
    <EventMentionInfo>
      <ID>17</ID>
      <AnchorText>crashed</AnchorText>
      <Type>Occurrence</Type>
      <Position>1017</Position>
    </EventMentionInfo>
    <EventMentionInfo>
      <ID>18</ID>
      <AnchorText>found</AnchorText>
      <Type>Occurrence</Type>
      <Position>1043</Position>
    </EventMentionInfo>
    <EventMentionInfo>
      <ID>19</ID>
      <AnchorText>hit</AnchorText>
      <Type>Occurrence</Type>
      <Position>1149</Position>
    </EventMentionInfo>
    <EventMentionInfo>
      <ID>20</ID>
      <AnchorText>contacted</AnchorText>
      <Type>Occurrence</Type>
      <Position>1241</Position>
    </EventMentionInfo>
    <EventMentionInfo>
      <ID>21</ID>
      <AnchorText>asking</AnchorText>
      <Type>I_Action</Type>
      <Position>1324</Position>
    </EventMentionInfo>
    <EventMentionInfo>
      <ID>22</ID>
      <AnchorText>engage</AnchorText>
      <Type>I_Action</Type>
      <Position>1438</Position>
    </EventMentionInfo>
    <EventMentionInfo>
      <ID>23</ID>
      <AnchorText>prepared</AnchorText>
      <Type>I_Action</Type>
      <Position>1580</Position>
    </EventMentionInfo>
    <EventMentionInfo>
      <ID>24</ID>
      <AnchorText>perished</AnchorText>
      <Type>Occurrence</Type>
      <Position>1635</Position>
    </EventMentionInfo>
    <EventMentionInfo>
      <ID>25</ID>
      <AnchorText>crash</AnchorText>
      <Type>Occurrence</Type>
      <Position>1657</Position>
    </EventMentionInfo>
    <EventMentionInfo>
      <ID>26</ID>
      <AnchorText>crash</AnchorText>
      <Type>Occurrence</Type>
      <Position>1674</Position>
    </EventMentionInfo>
    <EventMentionInfo>
      <ID>27</ID>
      <AnchorText>issued</AnchorText>
      <Type>I_Action</Type>
      <Position>1821</Position>
    </EventMentionInfo>
    <EventMentionInfo>
      <ID>28</ID>
      <AnchorText>crash</AnchorText>
      <Type>Occurrence</Type>
      <Position>1890</Position>
    </EventMentionInfo>
  </Events>
  <Relations>
    <HierarchyRelationInfo>
      <SuperEventID>8</SuperEventID>
      <SubEventID>7</SubEventID>
      <Type>SuperSub</Type>
      <Uncertain>false</Uncertain>
    </HierarchyRelationInfo>
    <HierarchyRelationInfo>
      <SuperEventID>8</SuperEventID>
      <SubEventID>2</SubEventID>
      <Type>SuperSub</Type>
      <Uncertain>false</Uncertain>
    </HierarchyRelationInfo>
    <HierarchyRelationInfo>
      <SuperEventID>8</SuperEventID>
      <SubEventID>16</SubEventID>
      <Type>SuperSub</Type>
      <Uncertain>false</Uncertain>
    </HierarchyRelationInfo>
    <HierarchyRelationInfo>
      <SuperEventID>17</SuperEventID>
      <SubEventID>2</SubEventID>
      <Type>Coref</Type>
      <Uncertain>false</Uncertain>
    </HierarchyRelationInfo>
    <HierarchyRelationInfo>
      <SuperEventID>17</SuperEventID>
      <SubEventID>19</SubEventID>
      <Type>SuperSub</Type>
      <Uncertain>false</Uncertain>
    </HierarchyRelationInfo>
    <HierarchyRelationInfo>
      <SuperEventID>8</SuperEventID>
      <SubEventID>20</SubEventID>
      <Type>SuperSub</Type>
      <Uncertain>false</Uncertain>
    </HierarchyRelationInfo>
    <HierarchyRelationInfo>
      <SuperEventID>25</SuperEventID>
      <SubEventID>17</SubEventID>
      <Type>Coref</Type>
      <Uncertain>false</Uncertain>
    </HierarchyRelationInfo>
    <HierarchyRelationInfo>
      <SuperEventID>25</SuperEventID>
      <SubEventID>24</SubEventID>
      <Type>SuperSub</Type>
      <Uncertain>false</Uncertain>
    </HierarchyRelationInfo>
    <HierarchyRelationInfo>
      <SuperEventID>26</SuperEventID>
      <SubEventID>25</SubEventID>
      <Type>Coref</Type>
      <Uncertain>false</Uncertain>
    </HierarchyRelationInfo>
    <HierarchyRelationInfo>
      <SuperEventID>28</SuperEventID>
      <SubEventID>26</SubEventID>
      <Type>Coref</Type>
      <Uncertain>false</Uncertain>
    </HierarchyRelationInfo>
  </Relations>
</ArticleInfo>