<ArticleInfo>
  <Text>The body of a young man has been found in Cork city, in a yard off Douglas Street just after 11am today. The remains have not yet been identified. A post mortem is due to be carried out at Cork University Hospital later today. A search operation for 18-year-old student Caolan Mulrooney was being carried out in the area at the time of the discovery. The search operation for Mr Mulrooney has now been suspended. Irish Examiner reporter Eoin English said the discovery was made at a place known as Blue Anchor Lane at the Capwell Road end of Douglas Street, a narrow lane running perpendicular to Douglas Street. "The scene has been sealed off for a full forensic and technical examination of the scene," he said.</Text>
  <Events>
    <EventMentionInfo>
      <ID>1</ID>
      <AnchorText>found</AnchorText>
      <Type>Occurrence</Type>
      <Position>33</Position>
    </EventMentionInfo>
    <EventMentionInfo>
      <ID>2</ID>
      <AnchorText>operation</AnchorText>
      <Type>Occurrence</Type>
      <Position>236</Position>
    </EventMentionInfo>
    <EventMentionInfo>
      <ID>3</ID>
      <AnchorText>carried</AnchorText>
      <Type>I_Action</Type>
      <Position>297</Position>
    </EventMentionInfo>
    <EventMentionInfo>
      <ID>4</ID>
      <AnchorText>discovery</AnchorText>
      <Type>Occurrence</Type>
      <Position>340</Position>
    </EventMentionInfo>
    <EventMentionInfo>
      <ID>5</ID>
      <AnchorText>operation</AnchorText>
      <Type>Occurrence</Type>
      <Position>362</Position>
    </EventMentionInfo>
    <EventMentionInfo>
      <ID>6</ID>
      <AnchorText>suspended</AnchorText>
      <Type>I_Action</Type>
      <Position>402</Position>
    </EventMentionInfo>
    <EventMentionInfo>
      <ID>7</ID>
      <AnchorText>said</AnchorText>
      <Type>Reporting</Type>
      <Position>450</Position>
    </EventMentionInfo>
    <EventMentionInfo>
      <ID>8</ID>
      <AnchorText>discovery</AnchorText>
      <Type>Occurrence</Type>
      <Position>459</Position>
    </EventMentionInfo>
    <EventMentionInfo>
      <ID>9</ID>
      <AnchorText>made</AnchorText>
      <Type>I_Action</Type>
      <Position>473</Position>
    </EventMentionInfo>
    <EventMentionInfo>
      <ID>10</ID>
      <AnchorText>sealed</AnchorText>
      <Type>Occurrence</Type>
      <Position>633</Position>
    </EventMentionInfo>
    <EventMentionInfo>
      <ID>11</ID>
      <AnchorText>said</AnchorText>
      <Type>Reporting</Type>
      <Position>708</Position>
    </EventMentionInfo>
  </Events>
  <Relations>
    <HierarchyRelationInfo>
      <SuperEventID>1</SuperEventID>
      <SubEventID>4</SubEventID>
      <Type>Coref</Type>
      <Uncertain>false</Uncertain>
    </HierarchyRelationInfo>
    <HierarchyRelationInfo>
      <SuperEventID>2</SuperEventID>
      <SubEventID>5</SubEventID>
      <Type>Coref</Type>
      <Uncertain>false</Uncertain>
    </HierarchyRelationInfo>
    <HierarchyRelationInfo>
      <SuperEventID>2</SuperEventID>
      <SubEventID>4</SubEventID>
      <Type>SuperSub</Type>
      <Uncertain>false</Uncertain>
    </HierarchyRelationInfo>
    <HierarchyRelationInfo>
      <SuperEventID>8</SuperEventID>
      <SubEventID>4</SubEventID>
      <Type>Coref</Type>
      <Uncertain>false</Uncertain>
    </HierarchyRelationInfo>
  </Relations>
</ArticleInfo>