<ArticleInfo>
  <Text>Standard abd Poor's has raised Greece's credit rating. It is now no longer in default territory, but remains firmly in the junk category with a CCC rating. The upgrade was expected after Athens slashed its debt by about a third with a massive sovereign debt restructuring. But SandP is still warning that a deep recession, unpredictable elections and anti-austerity anger threaten Greece's efforts to put its finances back on track. "While the exchange has, in our view, alleviated near-term funding pressures, Greece's sovereign debt burden remains high," S&amp;;P said in a statement, adding that it expected the debt to stay as high as 160-170 percent of GDP in the next three years. S&amp;;P assigned Greece's rating a stable outlook, indicating it was not planning to change the rating again soon, but it warned that risks remained. "The ratings could be lowered if we believe that there is a likelihood of a distressed exchange on Greece's remaining stock of commercial debt," it said. Fitch assigned Greece a slightly higher B-rating in mid-March, becoming the first major rating agency to upgrade Athens' rating after the swap cut its debt by about 100 billion euros. Moody's is the only one of the three major rating agencies to have kept its Greek rating unchanged at the lowest level. It has said it would revise the rating "in due course" and that any upgrade would likely be small. </Text>
  <Events>
    <EventMentionInfo>
      <ID>1</ID>
      <AnchorText>raised</AnchorText>
      <Type>StateChange</Type>
      <Position>24</Position>
    </EventMentionInfo>
    <EventMentionInfo>
      <ID>2</ID>
      <AnchorText>upgrade</AnchorText>
      <Type>StateChange</Type>
      <Position>160</Position>
    </EventMentionInfo>
    <EventMentionInfo>
      <ID>3</ID>
      <AnchorText>slashed</AnchorText>
      <Type>Occurrence</Type>
      <Position>194</Position>
    </EventMentionInfo>
    <EventMentionInfo>
      <ID>4</ID>
      <AnchorText>restructuring</AnchorText>
      <Type>Occurrence</Type>
      <Position>258</Position>
    </EventMentionInfo>
    <EventMentionInfo>
      <ID>5</ID>
      <AnchorText>warning</AnchorText>
      <Type>Reporting</Type>
      <Position>292</Position>
    </EventMentionInfo>
    <EventMentionInfo>
      <ID>6</ID>
      <AnchorText>recession</AnchorText>
      <Type>Occurrence</Type>
      <Position>312</Position>
    </EventMentionInfo>
    <EventMentionInfo>
      <ID>7</ID>
      <AnchorText>elections</AnchorText>
      <Type>Occurrence</Type>
      <Position>337</Position>
    </EventMentionInfo>
    <EventMentionInfo>
      <ID>8</ID>
      <AnchorText>threaten</AnchorText>
      <Type>I_Action</Type>
      <Position>372</Position>
    </EventMentionInfo>
    <EventMentionInfo>
      <ID>9</ID>
      <AnchorText>efforts</AnchorText>
      <Type>I_Action</Type>
      <Position>390</Position>
    </EventMentionInfo>
    <EventMentionInfo>
      <ID>10</ID>
      <AnchorText>exchange</AnchorText>
      <Type>Occurrence</Type>
      <Position>444</Position>
    </EventMentionInfo>
    <EventMentionInfo>
      <ID>11</ID>
      <AnchorText>alleviated</AnchorText>
      <Type>I_Action</Type>
      <Position>471</Position>
    </EventMentionInfo>
    <EventMentionInfo>
      <ID>12</ID>
      <AnchorText>said</AnchorText>
      <Type>Reporting</Type>
      <Position>562</Position>
    </EventMentionInfo>
    <EventMentionInfo>
      <ID>13</ID>
      <AnchorText>adding</AnchorText>
      <Type>Reporting</Type>
      <Position>583</Position>
    </EventMentionInfo>
    <EventMentionInfo>
      <ID>14</ID>
      <AnchorText>assigned</AnchorText>
      <Type>Occurrence</Type>
      <Position>688</Position>
    </EventMentionInfo>
    <EventMentionInfo>
      <ID>15</ID>
      <AnchorText>indicating</AnchorText>
      <Type>Occurrence</Type>
      <Position>731</Position>
    </EventMentionInfo>
    <EventMentionInfo>
      <ID>16</ID>
      <AnchorText>warned</AnchorText>
      <Type>Reporting</Type>
      <Position>802</Position>
    </EventMentionInfo>
    <EventMentionInfo>
      <ID>17</ID>
      <AnchorText>said</AnchorText>
      <Type>Reporting</Type>
      <Position>978</Position>
    </EventMentionInfo>
    <EventMentionInfo>
      <ID>18</ID>
      <AnchorText>assigned</AnchorText>
      <Type>Occurrence</Type>
      <Position>990</Position>
    </EventMentionInfo>
    <EventMentionInfo>
      <ID>19</ID>
      <AnchorText>becoming</AnchorText>
      <Type>StateChange</Type>
      <Position>1047</Position>
    </EventMentionInfo>
    <EventMentionInfo>
      <ID>20</ID>
      <AnchorText>upgrade</AnchorText>
      <Type>StateChange</Type>
      <Position>1089</Position>
    </EventMentionInfo>
    <EventMentionInfo>
      <ID>21</ID>
      <AnchorText>swap</AnchorText>
      <Type>I_Action</Type>
      <Position>1122</Position>
    </EventMentionInfo>
    <EventMentionInfo>
      <ID>22</ID>
      <AnchorText>cut</AnchorText>
      <Type>Occurrence</Type>
      <Position>1127</Position>
    </EventMentionInfo>
    <EventMentionInfo>
      <ID>23</ID>
      <AnchorText>said</AnchorText>
      <Type>Reporting</Type>
      <Position>1295</Position>
    </EventMentionInfo>
  </Events>
  <Relations>
    <HierarchyRelationInfo>
      <SuperEventID>1</SuperEventID>
      <SubEventID>2</SubEventID>
      <Type>Coref</Type>
      <Uncertain>false</Uncertain>
      <Transitive>false</Transitive>
    </HierarchyRelationInfo>
    <HierarchyRelationInfo>
      <SuperEventID>4</SuperEventID>
      <SubEventID>3</SubEventID>
      <Type>SuperSub</Type>
      <Uncertain>false</Uncertain>
      <Transitive>false</Transitive>
    </HierarchyRelationInfo>
    <HierarchyRelationInfo>
      <SuperEventID>6</SuperEventID>
      <SubEventID>7</SubEventID>
      <Type>SuperSub</Type>
      <Uncertain>false</Uncertain>
      <Transitive>false</Transitive>
    </HierarchyRelationInfo>
    <HierarchyRelationInfo>
      <SuperEventID>18</SuperEventID>
      <SubEventID>20</SubEventID>
      <Type>Coref</Type>
      <Uncertain>false</Uncertain>
      <Transitive>false</Transitive>
    </HierarchyRelationInfo>
    <HierarchyRelationInfo>
      <SuperEventID>22</SuperEventID>
      <SubEventID>3</SubEventID>
      <Type>Coref</Type>
      <Uncertain>false</Uncertain>
      <Transitive>false</Transitive>
    </HierarchyRelationInfo>
    <HierarchyRelationInfo>
      <SuperEventID>6</SuperEventID>
      <SubEventID>4</SubEventID>
      <Type>SuperSub</Type>
      <Uncertain>false</Uncertain>
      <Transitive>false</Transitive>
      <Comment>Maja, </Comment>
    </HierarchyRelationInfo>
    <HierarchyRelationInfo>
      <SuperEventID>10</SuperEventID>
      <SubEventID>3</SubEventID>
      <Type>Coref</Type>
      <Uncertain>false</Uncertain>
      <Transitive>false</Transitive>
      <Comment>Suncana, </Comment>
    </HierarchyRelationInfo>
    <HierarchyRelationInfo>
      <SuperEventID>22</SuperEventID>
      <SubEventID>10</SubEventID>
      <Type>Coref</Type>
      <Uncertain>false</Uncertain>
      <Transitive>false</Transitive>
      <Comment>Suncana, </Comment>
    </HierarchyRelationInfo>
  </Relations>
</ArticleInfo>