<ArticleInfo>
  <Text>Fabrice Muamba will attend the Barclays Premier League match between Bolton and Tottenham at the Reebok Stadium. It will mark the first time the Wanderers midfielder has attended a game since he suffered a cardiac arrest in an FA Cup tie between Bolton and Spurs at White Hart Lane on March 17. Bolton manager Owen Coyle said: "We are absolutely delighted that we will be able to welcome Fabrice and his family back to the Reebok, and we are all looking forward to seeing him." He added: "It's fitting that the match is between these two clubs and that Fabrice is able to come along. "I know Fabrice is very keen to show his appreciation to both sets of fans for their support." The 24-year-old, whose heart stopped beating for 78 minutes following his collapse, spent a month at the London Chest Hospital before being discharged on April 16. The speed of Muamba's recovery amazed medical professionals. He started talking two days after his collapse and began walking just over a fortnight later, although it is not yet known if he will play professional football again. Since his discharge the midfielder has continued his rehabilitation at home and on Saturday the former England Under-21 midfielder took to his Twitter account for the first time since the incident. In his message he thanked people for their "prayers, love and support'' and wished his team-mates well ahead of their match at Sunderland, which they drew 2-2.</Text>
  <Events>
    <EventMentionInfo>
      <ID>1</ID>
      <AnchorText>suffered</AnchorText>
      <Type>I_Action</Type>
      <Position>195</Position>
    </EventMentionInfo>
    <EventMentionInfo>
      <ID>2</ID>
      <AnchorText>arrest</AnchorText>
      <Type>Occurrence</Type>
      <Position>214</Position>
    </EventMentionInfo>
    <EventMentionInfo>
      <ID>3</ID>
      <AnchorText>tie</AnchorText>
      <Type>Occurrence</Type>
      <Position>234</Position>
    </EventMentionInfo>
    <EventMentionInfo>
      <ID>4</ID>
      <AnchorText>said</AnchorText>
      <Type>Reporting</Type>
      <Position>321</Position>
    </EventMentionInfo>
    <EventMentionInfo>
      <ID>5</ID>
      <AnchorText>added</AnchorText>
      <Type>Reporting</Type>
      <Position>481</Position>
    </EventMentionInfo>
    <EventMentionInfo>
      <ID>6</ID>
      <AnchorText>beating</AnchorText>
      <Type>Occurrence</Type>
      <Position>716</Position>
    </EventMentionInfo>
    <EventMentionInfo>
      <ID>7</ID>
      <AnchorText>collapse</AnchorText>
      <Type>Occurrence</Type>
      <Position>753</Position>
    </EventMentionInfo>
    <EventMentionInfo>
      <ID>8</ID>
      <AnchorText>spent</AnchorText>
      <Type>Occurrence</Type>
      <Position>763</Position>
    </EventMentionInfo>
    <EventMentionInfo>
      <ID>9</ID>
      <AnchorText>discharged</AnchorText>
      <Type>Occurrence</Type>
      <Position>819</Position>
    </EventMentionInfo>
    <EventMentionInfo>
      <ID>10</ID>
      <AnchorText>recovery</AnchorText>
      <Type>Occurrence</Type>
      <Position>865</Position>
    </EventMentionInfo>
    <EventMentionInfo>
      <ID>11</ID>
      <AnchorText>amazed</AnchorText>
      <Type>StateChange</Type>
      <Position>874</Position>
    </EventMentionInfo>
    <EventMentionInfo>
      <ID>12</ID>
      <AnchorText>talking</AnchorText>
      <Type>Occurrence</Type>
      <Position>915</Position>
    </EventMentionInfo>
    <EventMentionInfo>
      <ID>13</ID>
      <AnchorText>collapse</AnchorText>
      <Type>Occurrence</Type>
      <Position>942</Position>
    </EventMentionInfo>
    <EventMentionInfo>
      <ID>14</ID>
      <AnchorText>walking</AnchorText>
      <Type>Occurrence</Type>
      <Position>961</Position>
    </EventMentionInfo>
    <EventMentionInfo>
      <ID>15</ID>
      <AnchorText>discharge</AnchorText>
      <Type>Occurrence</Type>
      <Position>1082</Position>
    </EventMentionInfo>
    <EventMentionInfo>
      <ID>16</ID>
      <AnchorText>rehabilitation</AnchorText>
      <Type>Occurrence</Type>
      <Position>1125</Position>
    </EventMentionInfo>
    <EventMentionInfo>
      <ID>17</ID>
      <AnchorText>took</AnchorText>
      <Type>Occurrence</Type>
      <Position>1203</Position>
    </EventMentionInfo>
    <EventMentionInfo>
      <ID>18</ID>
      <AnchorText>incident</AnchorText>
      <Type>Occurrence</Type>
      <Position>1260</Position>
    </EventMentionInfo>
    <EventMentionInfo>
      <ID>19</ID>
      <AnchorText>thanked</AnchorText>
      <Type>Reporting</Type>
      <Position>1288</Position>
    </EventMentionInfo>
    <EventMentionInfo>
      <ID>20</ID>
      <AnchorText>wished</AnchorText>
      <Type>Reporting</Type>
      <Position>1346</Position>
    </EventMentionInfo>
    <EventMentionInfo>
      <ID>21</ID>
      <AnchorText>drew</AnchorText>
      <Type>Occurrence</Type>
      <Position>1420</Position>
    </EventMentionInfo>
  </Events>
  <Relations>
    <HierarchyRelationInfo>
      <SuperEventID>3</SuperEventID>
      <SubEventID>2</SubEventID>
      <Type>SuperSub</Type>
      <Uncertain>false</Uncertain>
      <Transitive>false</Transitive>
    </HierarchyRelationInfo>
    <HierarchyRelationInfo>
      <SuperEventID>8</SuperEventID>
      <SubEventID>9</SubEventID>
      <Type>SuperSub</Type>
      <Uncertain>false</Uncertain>
      <Transitive>false</Transitive>
    </HierarchyRelationInfo>
    <HierarchyRelationInfo>
      <SuperEventID>10</SuperEventID>
      <SubEventID>11</SubEventID>
      <Type>SuperSub</Type>
      <Uncertain>false</Uncertain>
      <Transitive>false</Transitive>
    </HierarchyRelationInfo>
    <HierarchyRelationInfo>
      <SuperEventID>13</SuperEventID>
      <SubEventID>2</SubEventID>
      <Type>Coref</Type>
      <Uncertain>false</Uncertain>
      <Transitive>false</Transitive>
    </HierarchyRelationInfo>
    <HierarchyRelationInfo>
      <SuperEventID>10</SuperEventID>
      <SubEventID>12</SubEventID>
      <Type>SuperSub</Type>
      <Uncertain>false</Uncertain>
      <Transitive>false</Transitive>
    </HierarchyRelationInfo>
    <HierarchyRelationInfo>
      <SuperEventID>10</SuperEventID>
      <SubEventID>14</SubEventID>
      <Type>SuperSub</Type>
      <Uncertain>false</Uncertain>
      <Transitive>false</Transitive>
    </HierarchyRelationInfo>
    <HierarchyRelationInfo>
      <SuperEventID>9</SuperEventID>
      <SubEventID>15</SubEventID>
      <Type>Coref</Type>
      <Uncertain>false</Uncertain>
      <Transitive>false</Transitive>
    </HierarchyRelationInfo>
    <HierarchyRelationInfo>
      <SuperEventID>18</SuperEventID>
      <SubEventID>2</SubEventID>
      <Type>Coref</Type>
      <Uncertain>false</Uncertain>
      <Transitive>false</Transitive>
    </HierarchyRelationInfo>
    <HierarchyRelationInfo>
      <SuperEventID>18</SuperEventID>
      <SubEventID>13</SubEventID>
      <Type>Coref</Type>
      <Uncertain>false</Uncertain>
      <Transitive>false</Transitive>
    </HierarchyRelationInfo>
    <HierarchyRelationInfo>
      <SuperEventID>16</SuperEventID>
      <SubEventID>10</SubEventID>
      <Type>SuperSub</Type>
      <Uncertain>false</Uncertain>
      <Transitive>false</Transitive>
      <Comment>Suncana, </Comment>
    </HierarchyRelationInfo>
    <HierarchyRelationInfo>
      <SuperEventID>7</SuperEventID>
      <SubEventID>2</SubEventID>
      <Type>Coref</Type>
      <Uncertain>false</Uncertain>
      <Transitive>false</Transitive>
      <Comment>Suncana, </Comment>
    </HierarchyRelationInfo>
  </Relations>
</ArticleInfo>