<ArticleInfo>
  <Text>Police in Mogadishu arrested a man who triggered explosion after being allowed back to his vehicle Somali police appeared to make a deadly error when they returned a suspected suicide car bomber they had arrested to his vehicle, where he then detonated a blast that killed four people, officials and witnesses have said. Ali Muse, the head of the city's ambulance service, said the blast killed three civilians, while shopkeeper Abdiqadir Abdulahi said he saw one dead policeman as well. Al-Shabab militants have stepped up a campaign of roadside bombs and suicide car bomb attacks in Mogadishu in recent weeks. The militants were almost entirely pushed out of the Somali capital earlier this year in an offensive by African Union forces. The latest blast, which happened on Tuesday near the former Egyptian embassy, sent a plume of smoke over the city and the remains of the car burned long after the explosion. A policeman, Abdi Hassan, said the would-be bomber was intercepted hours before the blast and arrested. But Hassan said police returned the attacker to his bomb-laden vehicle under orders to disarm the explosives. Instead, he was able to trigger the bomb. </Text>
  <Events>
    <EventMentionInfo>
      <ID>1</ID>
      <AnchorText>arrested</AnchorText>
      <Type>Occurrence</Type>
      <Position>20</Position>
    </EventMentionInfo>
    <EventMentionInfo>
      <ID>2</ID>
      <AnchorText>triggered</AnchorText>
      <Type>I_Action</Type>
      <Position>39</Position>
    </EventMentionInfo>
    <EventMentionInfo>
      <ID>3</ID>
      <AnchorText>explosion</AnchorText>
      <Type>Occurrence</Type>
      <Position>49</Position>
    </EventMentionInfo>
    <EventMentionInfo>
      <ID>4</ID>
      <AnchorText>allowed</AnchorText>
      <Type>I_Action</Type>
      <Position>71</Position>
    </EventMentionInfo>
    <EventMentionInfo>
      <ID>5</ID>
      <AnchorText>back</AnchorText>
      <Type>Occurrence</Type>
      <Position>79</Position>
    </EventMentionInfo>
    <EventMentionInfo>
      <ID>6</ID>
      <AnchorText>make</AnchorText>
      <Type>Occurrence</Type>
      <Position>125</Position>
    </EventMentionInfo>
    <EventMentionInfo>
      <ID>7</ID>
      <AnchorText>returned</AnchorText>
      <Type>Occurrence</Type>
      <Position>155</Position>
    </EventMentionInfo>
    <EventMentionInfo>
      <ID>8</ID>
      <AnchorText>arrested</AnchorText>
      <Type>Occurrence</Type>
      <Position>204</Position>
    </EventMentionInfo>
    <EventMentionInfo>
      <ID>9</ID>
      <AnchorText>detonated</AnchorText>
      <Type>I_Action</Type>
      <Position>243</Position>
    </EventMentionInfo>
    <EventMentionInfo>
      <ID>10</ID>
      <AnchorText>blast</AnchorText>
      <Type>Occurrence</Type>
      <Position>255</Position>
    </EventMentionInfo>
    <EventMentionInfo>
      <ID>11</ID>
      <AnchorText>killed</AnchorText>
      <Type>Occurrence</Type>
      <Position>266</Position>
    </EventMentionInfo>
    <EventMentionInfo>
      <ID>12</ID>
      <AnchorText>said</AnchorText>
      <Type>Reporting</Type>
      <Position>315</Position>
    </EventMentionInfo>
    <EventMentionInfo>
      <ID>13</ID>
      <AnchorText>said</AnchorText>
      <Type>Reporting</Type>
      <Position>373</Position>
    </EventMentionInfo>
    <EventMentionInfo>
      <ID>14</ID>
      <AnchorText>blast</AnchorText>
      <Type>Occurrence</Type>
      <Position>382</Position>
    </EventMentionInfo>
    <EventMentionInfo>
      <ID>15</ID>
      <AnchorText>killed</AnchorText>
      <Type>Occurrence</Type>
      <Position>388</Position>
    </EventMentionInfo>
    <EventMentionInfo>
      <ID>16</ID>
      <AnchorText>said</AnchorText>
      <Type>Reporting</Type>
      <Position>448</Position>
    </EventMentionInfo>
    <EventMentionInfo>
      <ID>17</ID>
      <AnchorText>saw</AnchorText>
      <Type>Perception</Type>
      <Position>456</Position>
    </EventMentionInfo>
    <EventMentionInfo>
      <ID>18</ID>
      <AnchorText>stepped</AnchorText>
      <Type>I_Action</Type>
      <Position>513</Position>
    </EventMentionInfo>
    <EventMentionInfo>
      <ID>19</ID>
      <AnchorText>campaign</AnchorText>
      <Type>I_Action</Type>
      <Position>526</Position>
    </EventMentionInfo>
    <EventMentionInfo>
      <ID>20</ID>
      <AnchorText>bombs</AnchorText>
      <Type>HalfGeneric</Type>
      <Position>547</Position>
    </EventMentionInfo>
    <EventMentionInfo>
      <ID>21</ID>
      <AnchorText>attacks</AnchorText>
      <Type>HalfGeneric</Type>
      <Position>574</Position>
    </EventMentionInfo>
    <EventMentionInfo>
      <ID>22</ID>
      <AnchorText>pushed</AnchorText>
      <Type>Occurrence</Type>
      <Position>647</Position>
    </EventMentionInfo>
    <EventMentionInfo>
      <ID>23</ID>
      <AnchorText>offensive</AnchorText>
      <Type>Occurrence</Type>
      <Position>704</Position>
    </EventMentionInfo>
    <EventMentionInfo>
      <ID>24</ID>
      <AnchorText>blast</AnchorText>
      <Type>Occurrence</Type>
      <Position>750</Position>
    </EventMentionInfo>
    <EventMentionInfo>
      <ID>25</ID>
      <AnchorText>happened</AnchorText>
      <Type>Occurrence</Type>
      <Position>763</Position>
    </EventMentionInfo>
    <EventMentionInfo>
      <ID>26</ID>
      <AnchorText>sent</AnchorText>
      <Type>Occurrence</Type>
      <Position>817</Position>
    </EventMentionInfo>
    <EventMentionInfo>
      <ID>27</ID>
      <AnchorText>burned</AnchorText>
      <Type>Occurrence</Type>
      <Position>880</Position>
    </EventMentionInfo>
    <EventMentionInfo>
      <ID>28</ID>
      <AnchorText>explosion</AnchorText>
      <Type>Occurrence</Type>
      <Position>902</Position>
    </EventMentionInfo>
    <EventMentionInfo>
      <ID>29</ID>
      <AnchorText>said</AnchorText>
      <Type>Reporting</Type>
      <Position>939</Position>
    </EventMentionInfo>
    <EventMentionInfo>
      <ID>30</ID>
      <AnchorText>intercepted</AnchorText>
      <Type>Occurrence</Type>
      <Position>968</Position>
    </EventMentionInfo>
    <EventMentionInfo>
      <ID>31</ID>
      <AnchorText>blast</AnchorText>
      <Type>Occurrence</Type>
      <Position>997</Position>
    </EventMentionInfo>
    <EventMentionInfo>
      <ID>32</ID>
      <AnchorText>arrested</AnchorText>
      <Type>Occurrence</Type>
      <Position>1007</Position>
    </EventMentionInfo>
    <EventMentionInfo>
      <ID>33</ID>
      <AnchorText>said</AnchorText>
      <Type>Reporting</Type>
      <Position>1028</Position>
    </EventMentionInfo>
    <EventMentionInfo>
      <ID>34</ID>
      <AnchorText>returned</AnchorText>
      <Type>Occurrence</Type>
      <Position>1040</Position>
    </EventMentionInfo>
    <EventMentionInfo>
      <ID>35</ID>
      <AnchorText>orders</AnchorText>
      <Type>I_Action</Type>
      <Position>1094</Position>
    </EventMentionInfo>
    <EventMentionInfo>
      <ID>36</ID>
      <AnchorText>trigger</AnchorText>
      <Type>Occurrence</Type>
      <Position>1151</Position>
    </EventMentionInfo>
  </Events>
  <Relations>
    <HierarchyRelationInfo>
      <SuperEventID>7</SuperEventID>
      <SubEventID>5</SubEventID>
      <Type>Coref</Type>
      <Uncertain>false</Uncertain>
    </HierarchyRelationInfo>
    <HierarchyRelationInfo>
      <SuperEventID>10</SuperEventID>
      <SubEventID>3</SubEventID>
      <Type>Coref</Type>
      <Uncertain>false</Uncertain>
    </HierarchyRelationInfo>
    <HierarchyRelationInfo>
      <SuperEventID>10</SuperEventID>
      <SubEventID>11</SubEventID>
      <Type>SuperSub</Type>
      <Uncertain>false</Uncertain>
    </HierarchyRelationInfo>
    <HierarchyRelationInfo>
      <SuperEventID>14</SuperEventID>
      <SubEventID>10</SubEventID>
      <Type>Coref</Type>
      <Uncertain>false</Uncertain>
    </HierarchyRelationInfo>
    <HierarchyRelationInfo>
      <SuperEventID>15</SuperEventID>
      <SubEventID>11</SubEventID>
      <Type>Coref</Type>
      <Uncertain>false</Uncertain>
    </HierarchyRelationInfo>
    <HierarchyRelationInfo>
      <SuperEventID>21</SuperEventID>
      <SubEventID>10</SubEventID>
      <Type>SuperSub</Type>
      <Uncertain>false</Uncertain>
    </HierarchyRelationInfo>
    <HierarchyRelationInfo>
      <SuperEventID>23</SuperEventID>
      <SubEventID>22</SubEventID>
      <Type>SuperSub</Type>
      <Uncertain>false</Uncertain>
    </HierarchyRelationInfo>
    <HierarchyRelationInfo>
      <SuperEventID>21</SuperEventID>
      <SubEventID>24</SubEventID>
      <Type>SuperSub</Type>
      <Uncertain>false</Uncertain>
    </HierarchyRelationInfo>
    <HierarchyRelationInfo>
      <SuperEventID>24</SuperEventID>
      <SubEventID>10</SubEventID>
      <Type>Coref</Type>
      <Uncertain>false</Uncertain>
    </HierarchyRelationInfo>
    <HierarchyRelationInfo>
      <SuperEventID>24</SuperEventID>
      <SubEventID>26</SubEventID>
      <Type>SuperSub</Type>
      <Uncertain>false</Uncertain>
    </HierarchyRelationInfo>
    <HierarchyRelationInfo>
      <SuperEventID>28</SuperEventID>
      <SubEventID>24</SubEventID>
      <Type>Coref</Type>
      <Uncertain>false</Uncertain>
    </HierarchyRelationInfo>
    <HierarchyRelationInfo>
      <SuperEventID>31</SuperEventID>
      <SubEventID>28</SubEventID>
      <Type>Coref</Type>
      <Uncertain>false</Uncertain>
    </HierarchyRelationInfo>
    <HierarchyRelationInfo>
      <SuperEventID>32</SuperEventID>
      <SubEventID>8</SubEventID>
      <Type>Coref</Type>
      <Uncertain>false</Uncertain>
    </HierarchyRelationInfo>
    <HierarchyRelationInfo>
      <SuperEventID>34</SuperEventID>
      <SubEventID>7</SubEventID>
      <Type>Coref</Type>
      <Uncertain>false</Uncertain>
    </HierarchyRelationInfo>
    <HierarchyRelationInfo>
      <SuperEventID>31</SuperEventID>
      <SubEventID>36</SubEventID>
      <Type>SuperSub</Type>
      <Uncertain>false</Uncertain>
    </HierarchyRelationInfo>
  </Relations>
</ArticleInfo>