<ArticleInfo>
  <Text>President Barack Obama on Thursday declared a new chapter in U.S. relations with Myanmar, easing an investment ban and naming the first U.S. ambassador to the former pariah state in 22 years to reward it for democratic reforms. Myanmar's reforms over the past year or so have seen it emerge from decades of authoritarian rule and diplomatic isolation, although it remains dominated by its military. Obama pointed to the parliamentary election of opposition figure Aung San Suu Kyi as a prominent example of progress in the Asian nation also known as Burma. After meeting Myanmar's Foreign Minister, Wunna Maung Lwin, Secretary of State Hillary Rodham Clinton said that the U.S. was suspending sanctions on American investment across all sectors of the Myanmar economy and export of financial services. She described it as the most significant action Washington has taken so far to reward Myanmar for its reforms. "Today we say to American businesses, invest in Burma, and do it responsibly," she told a joint news conference after talks with the foreign minister at the State Department. She said U.S. companies would be expected to conduct due diligence to avoid any problems, including human rights abuses. Despite the easing of restrictions, U.S. companies would still be barred from doing business with firms associated with the country's powerful military, and the White House announced it was keeping its framework of hard-hitting sanctions in place for now, saying Myanmar's democratic reforms are still "nascent." The move was welcomed by two Republican senators influential on Myanmar policy, John McCain and Mitch McConnell, who both met with Wunna Maung Lwin Thursday. They also welcomed the nomination of Derek Mitchell, who will become the first U.S. ambassador to the country since 1990. Clinton urged his quick confirmation by the Senate. The U.S. is currently represented by a lower-level diplomat. Myanmar will also send a full ambassador to Washington, a post to be taken by its current permanent representative to the United Nations in New York, Than Swe. Human rights groups and exiled Myanmar activists criticized the announcement on the easing on economic controls. The U.S. Coalition for Burma said the Obama administration was prematurely rewarding Myanmar while its military was escalating violence against the Kachin ethnic minority in the north of the country. The fighting over the past year has displaced tens of thousands of villagers. Clinton voiced continued concern over detention of political prisoners. Western governments say hundreds of such detainees are still held despite a series of amnesties granted by Myanmar's President Thein Sein over the past year. The Obama administration had announced after democracy leader Suu Kyi's election in April that it planned to ease a ban on American investment that has been in place since 1997. That fueled intense debate in Washington on how and at what pace the U.S. should ease policies that have long punished Myanmar country for rights abuses and suppression of democracy. U.S. businesses and some lawmakers have been pushing to lift economic sanctions and point to the European Union's recent suspension of its restrictions, which could now leave American corporations at a competitive disadvantage - not least in the potentially lucrative oil, gas and mining sectors. Suu Kyi, who spent 15 of the previous 22 years under house arrest before her release in late 2010, this week gave cautious backing to the suspension of economic sanctions but warned that the reforms in Myanmar were still reversible. Human Rights Watch is demanding the imposition of binding rules on corporate responsibility for U.S. companies working in Myanmar and revision of a blacklist of sanctioned Myanmar entities - which U.S. officials say is underway. Many of them, both individuals and companies, are linked to the military, and U.S. firms will still be barred from working with those entities. A senior administration official said the U.S. government would develop a mechanism to ensure transparency and oversight in American business dealings in Myanmar, but the standards would not be legally binding. The official, who was briefing reporters on condition of anonymity to provide details of the new U.S. policies, also cautioned that Myanmar was not currently a very welcoming place for foreign businesses, because of the human rights situation, corruption and the rudimentary legal and regulatory environment. </Text>
  <Events>
    <EventMentionInfo>
      <ID>1</ID>
      <AnchorText>declared</AnchorText>
      <Type>Reporting</Type>
      <Position>35</Position>
    </EventMentionInfo>
    <EventMentionInfo>
      <ID>2</ID>
      <AnchorText>easing</AnchorText>
      <Type>StateChange</Type>
      <Position>90</Position>
    </EventMentionInfo>
    <EventMentionInfo>
      <ID>3</ID>
      <AnchorText>ban</AnchorText>
      <Type>Occurrence</Type>
      <Position>111</Position>
    </EventMentionInfo>
    <EventMentionInfo>
      <ID>4</ID>
      <AnchorText>naming</AnchorText>
      <Type>Occurrence</Type>
      <Position>119</Position>
    </EventMentionInfo>
    <EventMentionInfo>
      <ID>5</ID>
      <AnchorText>reforms</AnchorText>
      <Type>HalfGeneric</Type>
      <Position>219</Position>
    </EventMentionInfo>
    <EventMentionInfo>
      <ID>6</ID>
      <AnchorText>reforms</AnchorText>
      <Type>HalfGeneric</Type>
      <Position>238</Position>
    </EventMentionInfo>
    <EventMentionInfo>
      <ID>7</ID>
      <AnchorText>emerge</AnchorText>
      <Type>StateChange</Type>
      <Position>284</Position>
    </EventMentionInfo>
    <EventMentionInfo>
      <ID>8</ID>
      <AnchorText>pointed</AnchorText>
      <Type>I_Action</Type>
      <Position>405</Position>
    </EventMentionInfo>
    <EventMentionInfo>
      <ID>9</ID>
      <AnchorText>election</AnchorText>
      <Type>Occurrence</Type>
      <Position>434</Position>
    </EventMentionInfo>
    <EventMentionInfo>
      <ID>10</ID>
      <AnchorText>meeting</AnchorText>
      <Type>Occurrence</Type>
      <Position>563</Position>
    </EventMentionInfo>
    <EventMentionInfo>
      <ID>11</ID>
      <AnchorText>said</AnchorText>
      <Type>Reporting</Type>
      <Position>659</Position>
    </EventMentionInfo>
    <EventMentionInfo>
      <ID>12</ID>
      <AnchorText>suspending</AnchorText>
      <Type>I_Action</Type>
      <Position>682</Position>
    </EventMentionInfo>
    <EventMentionInfo>
      <ID>13</ID>
      <AnchorText>described</AnchorText>
      <Type>Reporting</Type>
      <Position>806</Position>
    </EventMentionInfo>
    <EventMentionInfo>
      <ID>14</ID>
      <AnchorText>action</AnchorText>
      <Type>Occurrence</Type>
      <Position>843</Position>
    </EventMentionInfo>
    <EventMentionInfo>
      <ID>15</ID>
      <AnchorText>taken</AnchorText>
      <Type>I_Action</Type>
      <Position>865</Position>
    </EventMentionInfo>
    <EventMentionInfo>
      <ID>16</ID>
      <AnchorText>reforms</AnchorText>
      <Type>HalfGeneric</Type>
      <Position>904</Position>
    </EventMentionInfo>
    <EventMentionInfo>
      <ID>17</ID>
      <AnchorText>say</AnchorText>
      <Type>Reporting</Type>
      <Position>923</Position>
    </EventMentionInfo>
    <EventMentionInfo>
      <ID>18</ID>
      <AnchorText>told</AnchorText>
      <Type>Reporting</Type>
      <Position>996</Position>
    </EventMentionInfo>
    <EventMentionInfo>
      <ID>19</ID>
      <AnchorText>conference</AnchorText>
      <Type>Occurrence</Type>
      <Position>1014</Position>
    </EventMentionInfo>
    <EventMentionInfo>
      <ID>20</ID>
      <AnchorText>talks</AnchorText>
      <Type>Occurrence</Type>
      <Position>1031</Position>
    </EventMentionInfo>
    <EventMentionInfo>
      <ID>21</ID>
      <AnchorText>said</AnchorText>
      <Type>Reporting</Type>
      <Position>1092</Position>
    </EventMentionInfo>
    <EventMentionInfo>
      <ID>22</ID>
      <AnchorText>easing</AnchorText>
      <Type>StateChange</Type>
      <Position>1221</Position>
    </EventMentionInfo>
    <EventMentionInfo>
      <ID>23</ID>
      <AnchorText>announced</AnchorText>
      <Type>Reporting</Type>
      <Position>1382</Position>
    </EventMentionInfo>
    <EventMentionInfo>
      <ID>24</ID>
      <AnchorText>saying</AnchorText>
      <Type>Reporting</Type>
      <Position>1465</Position>
    </EventMentionInfo>
    <EventMentionInfo>
      <ID>25</ID>
      <AnchorText>reforms</AnchorText>
      <Type>HalfGeneric</Type>
      <Position>1493</Position>
    </EventMentionInfo>
    <EventMentionInfo>
      <ID>26</ID>
      <AnchorText>move</AnchorText>
      <Type>Occurrence</Type>
      <Position>1526</Position>
    </EventMentionInfo>
    <EventMentionInfo>
      <ID>27</ID>
      <AnchorText>welcomed</AnchorText>
      <Type>I_Action</Type>
      <Position>1535</Position>
    </EventMentionInfo>
    <EventMentionInfo>
      <ID>28</ID>
      <AnchorText>met</AnchorText>
      <Type>Occurrence</Type>
      <Position>1644</Position>
    </EventMentionInfo>
    <EventMentionInfo>
      <ID>29</ID>
      <AnchorText>welcomed</AnchorText>
      <Type>I_Action</Type>
      <Position>1690</Position>
    </EventMentionInfo>
    <EventMentionInfo>
      <ID>30</ID>
      <AnchorText>nomination</AnchorText>
      <Type>Occurrence</Type>
      <Position>1703</Position>
    </EventMentionInfo>
    <EventMentionInfo>
      <ID>31</ID>
      <AnchorText>urged</AnchorText>
      <Type>I_Action</Type>
      <Position>1810</Position>
    </EventMentionInfo>
    <EventMentionInfo>
      <ID>32</ID>
      <AnchorText>confirmation</AnchorText>
      <Type>Reporting</Type>
      <Position>1826</Position>
    </EventMentionInfo>
    <EventMentionInfo>
      <ID>33</ID>
      <AnchorText>criticized</AnchorText>
      <Type>I_Action</Type>
      <Position>2124</Position>
    </EventMentionInfo>
    <EventMentionInfo>
      <ID>34</ID>
      <AnchorText>announcement</AnchorText>
      <Type>I_Action</Type>
      <Position>2139</Position>
    </EventMentionInfo>
    <EventMentionInfo>
      <ID>35</ID>
      <AnchorText>said</AnchorText>
      <Type>Reporting</Type>
      <Position>2217</Position>
    </EventMentionInfo>
    <EventMentionInfo>
      <ID>36</ID>
      <AnchorText>rewarding</AnchorText>
      <Type>Occurrence</Type>
      <Position>2263</Position>
    </EventMentionInfo>
    <EventMentionInfo>
      <ID>37</ID>
      <AnchorText>escalating</AnchorText>
      <Type>I_Action</Type>
      <Position>2304</Position>
    </EventMentionInfo>
    <EventMentionInfo>
      <ID>38</ID>
      <AnchorText>violence</AnchorText>
      <Type>HalfGeneric</Type>
      <Position>2315</Position>
    </EventMentionInfo>
    <EventMentionInfo>
      <ID>39</ID>
      <AnchorText>fighting</AnchorText>
      <Type>HalfGeneric</Type>
      <Position>2392</Position>
    </EventMentionInfo>
    <EventMentionInfo>
      <ID>40</ID>
      <AnchorText>displaced</AnchorText>
      <Type>HalfGeneric</Type>
      <Position>2424</Position>
    </EventMentionInfo>
    <EventMentionInfo>
      <ID>41</ID>
      <AnchorText>voiced</AnchorText>
      <Type>Reporting</Type>
      <Position>2474</Position>
    </EventMentionInfo>
    <EventMentionInfo>
      <ID>42</ID>
      <AnchorText>detention</AnchorText>
      <Type>HalfGeneric</Type>
      <Position>2504</Position>
    </EventMentionInfo>
    <EventMentionInfo>
      <ID>43</ID>
      <AnchorText>say</AnchorText>
      <Type>Reporting</Type>
      <Position>2558</Position>
    </EventMentionInfo>
    <EventMentionInfo>
      <ID>44</ID>
      <AnchorText>series</AnchorText>
      <Type>I_Action</Type>
      <Position>2614</Position>
    </EventMentionInfo>
    <EventMentionInfo>
      <ID>45</ID>
      <AnchorText>amnesties</AnchorText>
      <Type>HalfGeneric</Type>
      <Position>2624</Position>
    </EventMentionInfo>
    <EventMentionInfo>
      <ID>46</ID>
      <AnchorText>granted</AnchorText>
      <Type>I_Action</Type>
      <Position>2634</Position>
    </EventMentionInfo>
    <EventMentionInfo>
      <ID>47</ID>
      <AnchorText>announced</AnchorText>
      <Type>Reporting</Type>
      <Position>2725</Position>
    </EventMentionInfo>
    <EventMentionInfo>
      <ID>48</ID>
      <AnchorText>election</AnchorText>
      <Type>Occurrence</Type>
      <Position>2768</Position>
    </EventMentionInfo>
    <EventMentionInfo>
      <ID>49</ID>
      <AnchorText>planned</AnchorText>
      <Type>I_Action</Type>
      <Position>2794</Position>
    </EventMentionInfo>
    <EventMentionInfo>
      <ID>50</ID>
      <AnchorText>fueled</AnchorText>
      <Type>I_Action</Type>
      <Position>2879</Position>
    </EventMentionInfo>
    <EventMentionInfo>
      <ID>51</ID>
      <AnchorText>debate</AnchorText>
      <Type>Occurrence</Type>
      <Position>2894</Position>
    </EventMentionInfo>
    <EventMentionInfo>
      <ID>52</ID>
      <AnchorText>punished</AnchorText>
      <Type>HalfGeneric</Type>
      <Position>2984</Position>
    </EventMentionInfo>
    <EventMentionInfo>
      <ID>53</ID>
      <AnchorText>pushing</AnchorText>
      <Type>I_Action</Type>
      <Position>3102</Position>
    </EventMentionInfo>
    <EventMentionInfo>
      <ID>54</ID>
      <AnchorText>suspension</AnchorText>
      <Type>Occurrence</Type>
      <Position>3178</Position>
    </EventMentionInfo>
    <EventMentionInfo>
      <ID>55</ID>
      <AnchorText>spent</AnchorText>
      <Type>I_Action</Type>
      <Position>3367</Position>
    </EventMentionInfo>
    <EventMentionInfo>
      <ID>56</ID>
      <AnchorText>arrest</AnchorText>
      <Type>Occurrence</Type>
      <Position>3413</Position>
    </EventMentionInfo>
    <EventMentionInfo>
      <ID>57</ID>
      <AnchorText>release</AnchorText>
      <Type>Occurrence</Type>
      <Position>3431</Position>
    </EventMentionInfo>
    <EventMentionInfo>
      <ID>58</ID>
      <AnchorText>gave</AnchorText>
      <Type>I_Action</Type>
      <Position>3463</Position>
    </EventMentionInfo>
    <EventMentionInfo>
      <ID>59</ID>
      <AnchorText>backing</AnchorText>
      <Type>I_Action</Type>
      <Position>3477</Position>
    </EventMentionInfo>
    <EventMentionInfo>
      <ID>60</ID>
      <AnchorText>suspension</AnchorText>
      <Type>Occurrence</Type>
      <Position>3492</Position>
    </EventMentionInfo>
    <EventMentionInfo>
      <ID>61</ID>
      <AnchorText>warned</AnchorText>
      <Type>Reporting</Type>
      <Position>3529</Position>
    </EventMentionInfo>
    <EventMentionInfo>
      <ID>62</ID>
      <AnchorText>reforms</AnchorText>
      <Type>HalfGeneric</Type>
      <Position>3545</Position>
    </EventMentionInfo>
    <EventMentionInfo>
      <ID>63</ID>
      <AnchorText>demanding</AnchorText>
      <Type>I_Action</Type>
      <Position>3609</Position>
    </EventMentionInfo>
    <EventMentionInfo>
      <ID>64</ID>
      <AnchorText>sanctioned</AnchorText>
      <Type>Occurrence</Type>
      <Position>3748</Position>
    </EventMentionInfo>
    <EventMentionInfo>
      <ID>65</ID>
      <AnchorText>say</AnchorText>
      <Type>Reporting</Type>
      <Position>3799</Position>
    </EventMentionInfo>
    <EventMentionInfo>
      <ID>66</ID>
      <AnchorText>said</AnchorText>
      <Type>Reporting</Type>
      <Position>3993</Position>
    </EventMentionInfo>
    <EventMentionInfo>
      <ID>67</ID>
      <AnchorText>briefing</AnchorText>
      <Type>Reporting</Type>
      <Position>4193</Position>
    </EventMentionInfo>
    <EventMentionInfo>
      <ID>68</ID>
      <AnchorText>provide</AnchorText>
      <Type>Reporting</Type>
      <Position>4241</Position>
    </EventMentionInfo>
    <EventMentionInfo>
      <ID>69</ID>
      <AnchorText>cautioned</AnchorText>
      <Type>Reporting</Type>
      <Position>4288</Position>
    </EventMentionInfo>
  </Events>
  <Relations>
    <HierarchyRelationInfo>
      <SuperEventID>6</SuperEventID>
      <SubEventID>5</SubEventID>
      <Type>Coref</Type>
      <Uncertain>false</Uncertain>
    </HierarchyRelationInfo>
    <HierarchyRelationInfo>
      <SuperEventID>6</SuperEventID>
      <SubEventID>7</SubEventID>
      <Type>SuperSub</Type>
      <Uncertain>false</Uncertain>
    </HierarchyRelationInfo>
    <HierarchyRelationInfo>
      <SuperEventID>6</SuperEventID>
      <SubEventID>9</SubEventID>
      <Type>SuperSub</Type>
      <Uncertain>false</Uncertain>
    </HierarchyRelationInfo>
    <HierarchyRelationInfo>
      <SuperEventID>14</SuperEventID>
      <SubEventID>2</SubEventID>
      <Type>Coref</Type>
      <Uncertain>false</Uncertain>
    </HierarchyRelationInfo>
    <HierarchyRelationInfo>
      <SuperEventID>16</SuperEventID>
      <SubEventID>6</SubEventID>
      <Type>Coref</Type>
      <Uncertain>false</Uncertain>
    </HierarchyRelationInfo>
    <HierarchyRelationInfo>
      <SuperEventID>22</SuperEventID>
      <SubEventID>2</SubEventID>
      <Type>Coref</Type>
      <Uncertain>false</Uncertain>
    </HierarchyRelationInfo>
    <HierarchyRelationInfo>
      <SuperEventID>25</SuperEventID>
      <SubEventID>16</SubEventID>
      <Type>Coref</Type>
      <Uncertain>false</Uncertain>
    </HierarchyRelationInfo>
    <HierarchyRelationInfo>
      <SuperEventID>26</SuperEventID>
      <SubEventID>22</SubEventID>
      <Type>Coref</Type>
      <Uncertain>false</Uncertain>
    </HierarchyRelationInfo>
    <HierarchyRelationInfo>
      <SuperEventID>20</SuperEventID>
      <SubEventID>10</SubEventID>
      <Type>SuperSub</Type>
      <Uncertain>false</Uncertain>
    </HierarchyRelationInfo>
    <HierarchyRelationInfo>
      <SuperEventID>20</SuperEventID>
      <SubEventID>28</SubEventID>
      <Type>SuperSub</Type>
      <Uncertain>false</Uncertain>
    </HierarchyRelationInfo>
    <HierarchyRelationInfo>
      <SuperEventID>4</SuperEventID>
      <SubEventID>30</SubEventID>
      <Type>Coref</Type>
      <Uncertain>false</Uncertain>
    </HierarchyRelationInfo>
    <HierarchyRelationInfo>
      <SuperEventID>36</SuperEventID>
      <SubEventID>30</SubEventID>
      <Type>SuperSub</Type>
      <Uncertain>false</Uncertain>
    </HierarchyRelationInfo>
    <HierarchyRelationInfo>
      <SuperEventID>36</SuperEventID>
      <SubEventID>22</SubEventID>
      <Type>SuperSub</Type>
      <Uncertain>false</Uncertain>
    </HierarchyRelationInfo>
    <HierarchyRelationInfo>
      <SuperEventID>38</SuperEventID>
      <SubEventID>39</SubEventID>
      <Type>SuperSub</Type>
      <Uncertain>false</Uncertain>
    </HierarchyRelationInfo>
    <HierarchyRelationInfo>
      <SuperEventID>39</SuperEventID>
      <SubEventID>40</SubEventID>
      <Type>SuperSub</Type>
      <Uncertain>false</Uncertain>
    </HierarchyRelationInfo>
    <HierarchyRelationInfo>
      <SuperEventID>48</SuperEventID>
      <SubEventID>9</SubEventID>
      <Type>Coref</Type>
      <Uncertain>false</Uncertain>
    </HierarchyRelationInfo>
    <HierarchyRelationInfo>
      <SuperEventID>56</SuperEventID>
      <SubEventID>57</SubEventID>
      <Type>SuperSub</Type>
      <Uncertain>false</Uncertain>
    </HierarchyRelationInfo>
    <HierarchyRelationInfo>
      <SuperEventID>60</SuperEventID>
      <SubEventID>26</SubEventID>
      <Type>Coref</Type>
      <Uncertain>false</Uncertain>
    </HierarchyRelationInfo>
    <HierarchyRelationInfo>
      <SuperEventID>62</SuperEventID>
      <SubEventID>25</SubEventID>
      <Type>Coref</Type>
      <Uncertain>false</Uncertain>
    </HierarchyRelationInfo>
  </Relations>
</ArticleInfo>