<ArticleInfo>
  <Text>The United States said Monday it does not intend to relax the sanctions against Iran, despite the fact that the latest round of talks over Iranian nuclear works which were held in Istanbul have been considered a "first positive step". The United States renewed its call to Tehran, asking it to take concrete steps to address concerns surrounding its disputed nuclear program. "As we have already said, we want to see Iran offering concrete proposals and move forward, and if realized, then we could consider gesture measures. Nevertheless, we consider the talks in Istanbul as a very first positive step, "said the spokesman of U.S. State Department Mark Toner during a press conference. Despite these positive beginnings, the spokesman denied that the U.S. has the intention of relaxing its sanctions against Iran. "The sanctions remain in place for now. Nobody has mentioned cancellation of sanctions," he said. The United States hopes that the talks in Istanbul will be the beginning of a "sustainable process", and it is already preparing for a second meeting to be held next month in Baghdad, Iraq, said Toner. Iran and the five members of the Security Council of the UN (United States, France, Russia, China, Great Britain) plus Germany, which form the P5 +1, completed a series of talks Saturday on Iran's nuclear program in Istanbul, Turkey. Both sides described the talks as positive and agreed to meet again in Baghdad on May 23. Mr. Toner noted that the U.S. had made it clear that its ultimate goal was to see Iran "take concrete steps to address unequivocally the concerns of the international community over its nuclear program." Referring to international sanctions against Iran, Mr. Toner said he believed that Iran had "every reason to engage constructively in this dialogue, and come to the negotiating table with concrete proposals ". Despite Tehran's insistence on the peaceful aspect of its nuclear program, European countries and the U.S. suspect Iran is trying to develop nuclear weapons, and threatened to use force to prevent Tehran from becoming a nuclear power. While acknowledging that the negotiating process would take some time, Mr. Toner has stressed the urgency of solving the Iranian nuclear crisis through peaceful negotiations.</Text>
  <Events>
    <EventMentionInfo>
      <ID>1</ID>
      <AnchorText>said</AnchorText>
      <Type>Reporting</Type>
      <Position>18</Position>
    </EventMentionInfo>
    <EventMentionInfo>
      <ID>2</ID>
      <AnchorText>talks</AnchorText>
      <Type>Occurrence</Type>
      <Position>128</Position>
    </EventMentionInfo>
    <EventMentionInfo>
      <ID>3</ID>
      <AnchorText>held</AnchorText>
      <Type>I_Action</Type>
      <Position>172</Position>
    </EventMentionInfo>
    <EventMentionInfo>
      <ID>4</ID>
      <AnchorText>renewed</AnchorText>
      <Type>I_Action</Type>
      <Position>253</Position>
    </EventMentionInfo>
    <EventMentionInfo>
      <ID>5</ID>
      <AnchorText>call</AnchorText>
      <Type>Occurrence</Type>
      <Position>265</Position>
    </EventMentionInfo>
    <EventMentionInfo>
      <ID>6</ID>
      <AnchorText>asking</AnchorText>
      <Type>I_Action</Type>
      <Position>281</Position>
    </EventMentionInfo>
    <EventMentionInfo>
      <ID>7</ID>
      <AnchorText>said</AnchorText>
      <Type>Reporting</Type>
      <Position>396</Position>
    </EventMentionInfo>
    <EventMentionInfo>
      <ID>8</ID>
      <AnchorText>talks</AnchorText>
      <Type>Occurrence</Type>
      <Position>556</Position>
    </EventMentionInfo>
    <EventMentionInfo>
      <ID>9</ID>
      <AnchorText>said</AnchorText>
      <Type>Reporting</Type>
      <Position>606</Position>
    </EventMentionInfo>
    <EventMentionInfo>
      <ID>10</ID>
      <AnchorText>conference</AnchorText>
      <Type>Occurrence</Type>
      <Position>676</Position>
    </EventMentionInfo>
    <EventMentionInfo>
      <ID>11</ID>
      <AnchorText>denied</AnchorText>
      <Type>I_Action</Type>
      <Position>737</Position>
    </EventMentionInfo>
    <EventMentionInfo>
      <ID>12</ID>
      <AnchorText>said</AnchorText>
      <Type>Reporting</Type>
      <Position>908</Position>
    </EventMentionInfo>
    <EventMentionInfo>
      <ID>13</ID>
      <AnchorText>talks</AnchorText>
      <Type>Occurrence</Type>
      <Position>947</Position>
    </EventMentionInfo>
    <EventMentionInfo>
      <ID>14</ID>
      <AnchorText>preparing</AnchorText>
      <Type>I_Action</Type>
      <Position>1033</Position>
    </EventMentionInfo>
    <EventMentionInfo>
      <ID>15</ID>
      <AnchorText>said</AnchorText>
      <Type>Reporting</Type>
      <Position>1104</Position>
    </EventMentionInfo>
    <EventMentionInfo>
      <ID>16</ID>
      <AnchorText>completed</AnchorText>
      <Type>I_Action</Type>
      <Position>1266</Position>
    </EventMentionInfo>
    <EventMentionInfo>
      <ID>17</ID>
      <AnchorText>talks</AnchorText>
      <Type>HalfGeneric</Type>
      <Position>1288</Position>
    </EventMentionInfo>
    <EventMentionInfo>
      <ID>18</ID>
      <AnchorText>described</AnchorText>
      <Type>I_Action</Type>
      <Position>1361</Position>
    </EventMentionInfo>
    <EventMentionInfo>
      <ID>19</ID>
      <AnchorText>talks</AnchorText>
      <Type>Occurrence</Type>
      <Position>1375</Position>
    </EventMentionInfo>
    <EventMentionInfo>
      <ID>20</ID>
      <AnchorText>agreed</AnchorText>
      <Type>I_Action</Type>
      <Position>1397</Position>
    </EventMentionInfo>
    <EventMentionInfo>
      <ID>21</ID>
      <AnchorText>noted</AnchorText>
      <Type>Reporting</Type>
      <Position>1450</Position>
    </EventMentionInfo>
    <EventMentionInfo>
      <ID>22</ID>
      <AnchorText>made</AnchorText>
      <Type>Occurrence</Type>
      <Position>1474</Position>
    </EventMentionInfo>
    <EventMentionInfo>
      <ID>23</ID>
      <AnchorText>said</AnchorText>
      <Type>Reporting</Type>
      <Position>1705</Position>
    </EventMentionInfo>
    <EventMentionInfo>
      <ID>24</ID>
      <AnchorText>dialogue</AnchorText>
      <Type>Occurrence</Type>
      <Position>1783</Position>
    </EventMentionInfo>
    <EventMentionInfo>
      <ID>25</ID>
      <AnchorText>insistence</AnchorText>
      <Type>Reporting</Type>
      <Position>1871</Position>
    </EventMentionInfo>
    <EventMentionInfo>
      <ID>26</ID>
      <AnchorText>threatened</AnchorText>
      <Type>I_Action</Type>
      <Position>2016</Position>
    </EventMentionInfo>
    <EventMentionInfo>
      <ID>27</ID>
      <AnchorText>acknowledging</AnchorText>
      <Type>Occurrence</Type>
      <Position>2095</Position>
    </EventMentionInfo>
    <EventMentionInfo>
      <ID>28</ID>
      <AnchorText>stressed</AnchorText>
      <Type>Reporting</Type>
      <Position>2174</Position>
    </EventMentionInfo>
    <EventMentionInfo>
      <ID>29</ID>
      <AnchorText>crisis</AnchorText>
      <Type>Occurrence</Type>
      <Position>2226</Position>
    </EventMentionInfo>
  </Events>
  <Relations>
    <HierarchyRelationInfo>
      <SuperEventID>2</SuperEventID>
      <SubEventID>5</SubEventID>
      <Type>SuperSub</Type>
      <Uncertain>false</Uncertain>
      <Transitive>false</Transitive>
    </HierarchyRelationInfo>
    <HierarchyRelationInfo>
      <SuperEventID>2</SuperEventID>
      <SubEventID>8</SubEventID>
      <Type>Coref</Type>
      <Uncertain>false</Uncertain>
      <Transitive>false</Transitive>
    </HierarchyRelationInfo>
    <HierarchyRelationInfo>
      <SuperEventID>8</SuperEventID>
      <SubEventID>13</SubEventID>
      <Type>Coref</Type>
      <Uncertain>false</Uncertain>
      <Transitive>false</Transitive>
    </HierarchyRelationInfo>
    <HierarchyRelationInfo>
      <SuperEventID>13</SuperEventID>
      <SubEventID>17</SubEventID>
      <Type>Coref</Type>
      <Uncertain>false</Uncertain>
      <Transitive>false</Transitive>
    </HierarchyRelationInfo>
    <HierarchyRelationInfo>
      <SuperEventID>17</SuperEventID>
      <SubEventID>19</SubEventID>
      <Type>Coref</Type>
      <Uncertain>false</Uncertain>
      <Transitive>false</Transitive>
    </HierarchyRelationInfo>
    <HierarchyRelationInfo>
      <SuperEventID>19</SuperEventID>
      <SubEventID>22</SubEventID>
      <Type>SuperSub</Type>
      <Uncertain>false</Uncertain>
      <Transitive>false</Transitive>
    </HierarchyRelationInfo>
    <HierarchyRelationInfo>
      <SuperEventID>24</SuperEventID>
      <SubEventID>19</SubEventID>
      <Type>SuperSub</Type>
      <Uncertain>false</Uncertain>
      <Transitive>false</Transitive>
    </HierarchyRelationInfo>
    <HierarchyRelationInfo>
      <SuperEventID>10</SuperEventID>
      <SubEventID>27</SubEventID>
      <Type>SuperSub</Type>
      <Uncertain>false</Uncertain>
      <Transitive>false</Transitive>
    </HierarchyRelationInfo>
  </Relations>
</ArticleInfo>