<ArticleInfo>
  <Text>A team of international observers that came under fire in northern Syria was apparently stranded in the area overnight, and United Nations officials said Wednesday they hope to evacuate the group within hours. A roadside bomb struck the team's vehicles Tuesday during a mission in the northern town of Khan Sheikhoun, but none of the observers was wounded. The attack, which came minutes after witnesses said regime forces gunned down mourners at a funeral procession nearby, dealt a fresh blow to international envoy Kofi Annan's peace plan. Activists said the violence continued Wednesday with regime forces opening fire from the outskirts of Khan Sheikhoun. Rami Abdul-Rahman, who heads the Britain-based Syrian Observatory for Human Rights activist group, said the heavy machine-gun fire has so far prevented people from holding funerals for some of the 20 mourners who were killed at the funeral a day earlier. The U.N. said rebel forces had given the observers shelter in the town, which has witnessed anti-government protests since an uprising against President Bashar Assad's regime began in March last year. Maj. Gen. Robert Mood, the Norwegian head of the U.N. team, told reporters Wednesday that he had spoken with the observers in Khan Sheikhoun by telephone and that they "told us that they are happy and safe where they are." Ahmad Fawzi, Annan's spokesman, said in a statement that the mission will recover the six staff members later Wednesday. "The U.N. staff members are co-located with opposition elements... and are reportedly being treated well." Fawzi said the observers were caught up in the explosion as they met with the rebel Free Syrian Army. He said three vehicles were damaged. More than 200 U.N. observers have been deployed throughout Syria to monitor a cease-fire agreement that has been repeatedly violated by both sides since it took effect on April 12. Tuesday's attack was at least the second time the U.N. observers have been caught up in Syria's violence. Last week, a roadside bomb struck a Syrian military truck in the south of the country just seconds after Mood rode by in a convoy. It was not clear who was behind the blast and no one claimed responsibility. A video posted by activists online appeared to show the exact moment the U.N. vehicle was struck. The video shows two white vehicles clearly marked "U.N" with people milling around it, and two others parked a few meters (yards) behind. Slippers apparently left behind by the mourners running away from the shooting earlier are seen strewn about on the ground. The blast blew off the front of the first vehicle and sent up a plume of smoke as people screamed and frantically ran for cover. The four cars are then seen slowly driving away. It was not clear how close the observers were to the funeral shootings, but if confirmed, a regime attack on civilians directly in front of the observer mission could put pressure on them to describe publicly what they are seeing in Syria. They report back to the U.N. but have not publicized their findings. Syria's state-run TV, meanwhile, reported Wednesday that authorities released 250 people who were involved in the uprising. Assad has issued several pardons releasing thousands of detainees since the crisis began. The Observatory also said Syrian forces opened fire at the Naziheen Palestinian refugee camp in the southern city of Daraa, killing four people. The pro-government TV station Ikhbariyah blamed members of "an armed terrorist group," saying they fired two rocket-propelled grenades at the camp, killing a 4-year-old girl and wounding 15 other people. The Syrian uprising began with mostly peaceful protests calling for change, but a relentless government crackdown led many in the opposition to take up arms. Some soldiers also have switched sides and joined forces with the rebels. The U.N. estimates the conflict has killed more than 9,000 people. </Text>
  <Events>
    <EventMentionInfo>
      <ID>1</ID>
      <AnchorText>came</AnchorText>
      <Type>I_Action</Type>
      <Position>39</Position>
    </EventMentionInfo>
    <EventMentionInfo>
      <ID>2</ID>
      <AnchorText>fire</AnchorText>
      <Type>Occurrence</Type>
      <Position>50</Position>
    </EventMentionInfo>
    <EventMentionInfo>
      <ID>3</ID>
      <AnchorText>stranded</AnchorText>
      <Type>Occurrence</Type>
      <Position>88</Position>
    </EventMentionInfo>
    <EventMentionInfo>
      <ID>4</ID>
      <AnchorText>said</AnchorText>
      <Type>Reporting</Type>
      <Position>149</Position>
    </EventMentionInfo>
    <EventMentionInfo>
      <ID>5</ID>
      <AnchorText>struck</AnchorText>
      <Type>Occurrence</Type>
      <Position>226</Position>
    </EventMentionInfo>
    <EventMentionInfo>
      <ID>6</ID>
      <AnchorText>mission</AnchorText>
      <Type>Occurrence</Type>
      <Position>270</Position>
    </EventMentionInfo>
    <EventMentionInfo>
      <ID>7</ID>
      <AnchorText>attack</AnchorText>
      <Type>Occurrence</Type>
      <Position>361</Position>
    </EventMentionInfo>
    <EventMentionInfo>
      <ID>8</ID>
      <AnchorText>came</AnchorText>
      <Type>I_Action</Type>
      <Position>375</Position>
    </EventMentionInfo>
    <EventMentionInfo>
      <ID>9</ID>
      <AnchorText>said</AnchorText>
      <Type>Reporting</Type>
      <Position>404</Position>
    </EventMentionInfo>
    <EventMentionInfo>
      <ID>10</ID>
      <AnchorText>gunned</AnchorText>
      <Type>Occurrence</Type>
      <Position>423</Position>
    </EventMentionInfo>
    <EventMentionInfo>
      <ID>11</ID>
      <AnchorText>procession</AnchorText>
      <Type>Occurrence</Type>
      <Position>457</Position>
    </EventMentionInfo>
    <EventMentionInfo>
      <ID>12</ID>
      <AnchorText>dealt</AnchorText>
      <Type>I_Action</Type>
      <Position>476</Position>
    </EventMentionInfo>
    <EventMentionInfo>
      <ID>13</ID>
      <AnchorText>blow</AnchorText>
      <Type>Occurrence</Type>
      <Position>490</Position>
    </EventMentionInfo>
    <EventMentionInfo>
      <ID>14</ID>
      <AnchorText>said</AnchorText>
      <Type>Reporting</Type>
      <Position>553</Position>
    </EventMentionInfo>
    <EventMentionInfo>
      <ID>15</ID>
      <AnchorText>opening</AnchorText>
      <Type>I_Action</Type>
      <Position>610</Position>
    </EventMentionInfo>
    <EventMentionInfo>
      <ID>16</ID>
      <AnchorText>fire</AnchorText>
      <Type>Occurrence</Type>
      <Position>618</Position>
    </EventMentionInfo>
    <EventMentionInfo>
      <ID>17</ID>
      <AnchorText>said</AnchorText>
      <Type>Reporting</Type>
      <Position>760</Position>
    </EventMentionInfo>
    <EventMentionInfo>
      <ID>18</ID>
      <AnchorText>fire</AnchorText>
      <Type>Occurrence</Type>
      <Position>787</Position>
    </EventMentionInfo>
    <EventMentionInfo>
      <ID>19</ID>
      <AnchorText>prevented</AnchorText>
      <Type>I_Action</Type>
      <Position>803</Position>
    </EventMentionInfo>
    <EventMentionInfo>
      <ID>20</ID>
      <AnchorText>killed</AnchorText>
      <Type>Occurrence</Type>
      <Position>879</Position>
    </EventMentionInfo>
    <EventMentionInfo>
      <ID>21</ID>
      <AnchorText>funeral</AnchorText>
      <Type>Occurrence</Type>
      <Position>893</Position>
    </EventMentionInfo>
    <EventMentionInfo>
      <ID>22</ID>
      <AnchorText>said</AnchorText>
      <Type>Reporting</Type>
      <Position>925</Position>
    </EventMentionInfo>
    <EventMentionInfo>
      <ID>23</ID>
      <AnchorText>given</AnchorText>
      <Type>Occurrence</Type>
      <Position>947</Position>
    </EventMentionInfo>
    <EventMentionInfo>
      <ID>24</ID>
      <AnchorText>witnessed</AnchorText>
      <Type>I_Action</Type>
      <Position>998</Position>
    </EventMentionInfo>
    <EventMentionInfo>
      <ID>25</ID>
      <AnchorText>protests</AnchorText>
      <Type>HalfGeneric</Type>
      <Position>1024</Position>
    </EventMentionInfo>
    <EventMentionInfo>
      <ID>26</ID>
      <AnchorText>uprising</AnchorText>
      <Type>Occurrence</Type>
      <Position>1042</Position>
    </EventMentionInfo>
    <EventMentionInfo>
      <ID>27</ID>
      <AnchorText>began</AnchorText>
      <Type>I_Action</Type>
      <Position>1091</Position>
    </EventMentionInfo>
    <EventMentionInfo>
      <ID>28</ID>
      <AnchorText>told</AnchorText>
      <Type>Reporting</Type>
      <Position>1177</Position>
    </EventMentionInfo>
    <EventMentionInfo>
      <ID>29</ID>
      <AnchorText>spoken</AnchorText>
      <Type>Occurrence</Type>
      <Position>1214</Position>
    </EventMentionInfo>
    <EventMentionInfo>
      <ID>30</ID>
      <AnchorText>told</AnchorText>
      <Type>Reporting</Type>
      <Position>1286</Position>
    </EventMentionInfo>
    <EventMentionInfo>
      <ID>31</ID>
      <AnchorText>said</AnchorText>
      <Type>Reporting</Type>
      <Position>1372</Position>
    </EventMentionInfo>
    <EventMentionInfo>
      <ID>32</ID>
      <AnchorText>statement</AnchorText>
      <Type>Occurrence</Type>
      <Position>1382</Position>
    </EventMentionInfo>
    <EventMentionInfo>
      <ID>33</ID>
      <AnchorText>said</AnchorText>
      <Type>Reporting</Type>
      <Position>1574</Position>
    </EventMentionInfo>
    <EventMentionInfo>
      <ID>34</ID>
      <AnchorText>caught</AnchorText>
      <Type>I_Action</Type>
      <Position>1598</Position>
    </EventMentionInfo>
    <EventMentionInfo>
      <ID>35</ID>
      <AnchorText>explosion</AnchorText>
      <Type>Occurrence</Type>
      <Position>1615</Position>
    </EventMentionInfo>
    <EventMentionInfo>
      <ID>36</ID>
      <AnchorText>met</AnchorText>
      <Type>Occurrence</Type>
      <Position>1633</Position>
    </EventMentionInfo>
    <EventMentionInfo>
      <ID>37</ID>
      <AnchorText>said</AnchorText>
      <Type>Reporting</Type>
      <Position>1673</Position>
    </EventMentionInfo>
    <EventMentionInfo>
      <ID>38</ID>
      <AnchorText>damaged</AnchorText>
      <Type>Occurrence</Type>
      <Position>1698</Position>
    </EventMentionInfo>
    <EventMentionInfo>
      <ID>39</ID>
      <AnchorText>deployed</AnchorText>
      <Type>I_Action</Type>
      <Position>1746</Position>
    </EventMentionInfo>
    <EventMentionInfo>
      <ID>40</ID>
      <AnchorText>agreement</AnchorText>
      <Type>Occurrence</Type>
      <Position>1796</Position>
    </EventMentionInfo>
    <EventMentionInfo>
      <ID>41</ID>
      <AnchorText>violated</AnchorText>
      <Type>HalfGeneric</Type>
      <Position>1831</Position>
    </EventMentionInfo>
    <EventMentionInfo>
      <ID>42</ID>
      <AnchorText>took</AnchorText>
      <Type>Occurrence</Type>
      <Position>1863</Position>
    </EventMentionInfo>
    <EventMentionInfo>
      <ID>43</ID>
      <AnchorText>attack</AnchorText>
      <Type>Occurrence</Type>
      <Position>1898</Position>
    </EventMentionInfo>
    <EventMentionInfo>
      <ID>44</ID>
      <AnchorText>caught</AnchorText>
      <Type>Occurrence</Type>
      <Position>1963</Position>
    </EventMentionInfo>
    <EventMentionInfo>
      <ID>45</ID>
      <AnchorText>struck</AnchorText>
      <Type>Occurrence</Type>
      <Position>2021</Position>
    </EventMentionInfo>
    <EventMentionInfo>
      <ID>46</ID>
      <AnchorText>rode</AnchorText>
      <Type>Occurrence</Type>
      <Position>2104</Position>
    </EventMentionInfo>
    <EventMentionInfo>
      <ID>47</ID>
      <AnchorText>blast</AnchorText>
      <Type>Occurrence</Type>
      <Position>2161</Position>
    </EventMentionInfo>
    <EventMentionInfo>
      <ID>48</ID>
      <AnchorText>posted</AnchorText>
      <Type>Occurrence</Type>
      <Position>2210</Position>
    </EventMentionInfo>
    <EventMentionInfo>
      <ID>49</ID>
      <AnchorText>struck</AnchorText>
      <Type>Occurrence</Type>
      <Position>2292</Position>
    </EventMentionInfo>
    <EventMentionInfo>
      <ID>50</ID>
      <AnchorText>milling</AnchorText>
      <Type>Occurrence</Type>
      <Position>2368</Position>
    </EventMentionInfo>
    <EventMentionInfo>
      <ID>51</ID>
      <AnchorText>left</AnchorText>
      <Type>Occurrence</Type>
      <Position>2458</Position>
    </EventMentionInfo>
    <EventMentionInfo>
      <ID>52</ID>
      <AnchorText>running</AnchorText>
      <Type>I_Action</Type>
      <Position>2486</Position>
    </EventMentionInfo>
    <EventMentionInfo>
      <ID>53</ID>
      <AnchorText>shooting</AnchorText>
      <Type>Occurrence</Type>
      <Position>2508</Position>
    </EventMentionInfo>
    <EventMentionInfo>
      <ID>54</ID>
      <AnchorText>blast</AnchorText>
      <Type>Occurrence</Type>
      <Position>2566</Position>
    </EventMentionInfo>
    <EventMentionInfo>
      <ID>55</ID>
      <AnchorText>blew</AnchorText>
      <Type>I_Action</Type>
      <Position>2572</Position>
    </EventMentionInfo>
    <EventMentionInfo>
      <ID>56</ID>
      <AnchorText>sent</AnchorText>
      <Type>Occurrence</Type>
      <Position>2616</Position>
    </EventMentionInfo>
    <EventMentionInfo>
      <ID>57</ID>
      <AnchorText>screamed</AnchorText>
      <Type>Occurrence</Type>
      <Position>2651</Position>
    </EventMentionInfo>
    <EventMentionInfo>
      <ID>58</ID>
      <AnchorText>ran</AnchorText>
      <Type>Occurrence</Type>
      <Position>2676</Position>
    </EventMentionInfo>
    <EventMentionInfo>
      <ID>59</ID>
      <AnchorText>driving</AnchorText>
      <Type>Occurrence</Type>
      <Position>2726</Position>
    </EventMentionInfo>
    <EventMentionInfo>
      <ID>60</ID>
      <AnchorText>shootings</AnchorText>
      <Type>Occurrence</Type>
      <Position>2801</Position>
    </EventMentionInfo>
    <EventMentionInfo>
      <ID>61</ID>
      <AnchorText>reported</AnchorText>
      <Type>Reporting</Type>
      <Position>3082</Position>
    </EventMentionInfo>
    <EventMentionInfo>
      <ID>62</ID>
      <AnchorText>released</AnchorText>
      <Type>Occurrence</Type>
      <Position>3118</Position>
    </EventMentionInfo>
    <EventMentionInfo>
      <ID>63</ID>
      <AnchorText>uprising</AnchorText>
      <Type>Occurrence</Type>
      <Position>3163</Position>
    </EventMentionInfo>
    <EventMentionInfo>
      <ID>64</ID>
      <AnchorText>issued</AnchorText>
      <Type>I_Action</Type>
      <Position>3183</Position>
    </EventMentionInfo>
    <EventMentionInfo>
      <ID>65</ID>
      <AnchorText>pardons</AnchorText>
      <Type>HalfGeneric</Type>
      <Position>3198</Position>
    </EventMentionInfo>
    <EventMentionInfo>
      <ID>66</ID>
      <AnchorText>releasing</AnchorText>
      <Type>Occurrence</Type>
      <Position>3206</Position>
    </EventMentionInfo>
    <EventMentionInfo>
      <ID>67</ID>
      <AnchorText>crisis</AnchorText>
      <Type>Occurrence</Type>
      <Position>3249</Position>
    </EventMentionInfo>
    <EventMentionInfo>
      <ID>68</ID>
      <AnchorText>began</AnchorText>
      <Type>Occurrence</Type>
      <Position>3256</Position>
    </EventMentionInfo>
    <EventMentionInfo>
      <ID>69</ID>
      <AnchorText>said</AnchorText>
      <Type>Reporting</Type>
      <Position>3284</Position>
    </EventMentionInfo>
    <EventMentionInfo>
      <ID>70</ID>
      <AnchorText>opened</AnchorText>
      <Type>I_Action</Type>
      <Position>3303</Position>
    </EventMentionInfo>
    <EventMentionInfo>
      <ID>71</ID>
      <AnchorText>fire</AnchorText>
      <Type>Occurrence</Type>
      <Position>3310</Position>
    </EventMentionInfo>
    <EventMentionInfo>
      <ID>72</ID>
      <AnchorText>killing</AnchorText>
      <Type>Occurrence</Type>
      <Position>3387</Position>
    </EventMentionInfo>
    <EventMentionInfo>
      <ID>73</ID>
      <AnchorText>blamed</AnchorText>
      <Type>Occurrence</Type>
      <Position>3449</Position>
    </EventMentionInfo>
    <EventMentionInfo>
      <ID>74</ID>
      <AnchorText>saying</AnchorText>
      <Type>Reporting</Type>
      <Position>3495</Position>
    </EventMentionInfo>
    <EventMentionInfo>
      <ID>75</ID>
      <AnchorText>fired</AnchorText>
      <Type>Occurrence</Type>
      <Position>3507</Position>
    </EventMentionInfo>
    <EventMentionInfo>
      <ID>76</ID>
      <AnchorText>killing</AnchorText>
      <Type>Occurrence</Type>
      <Position>3556</Position>
    </EventMentionInfo>
    <EventMentionInfo>
      <ID>77</ID>
      <AnchorText>wounding</AnchorText>
      <Type>Occurrence</Type>
      <Position>3586</Position>
    </EventMentionInfo>
    <EventMentionInfo>
      <ID>78</ID>
      <AnchorText>uprising</AnchorText>
      <Type>Occurrence</Type>
      <Position>3623</Position>
    </EventMentionInfo>
    <EventMentionInfo>
      <ID>79</ID>
      <AnchorText>began</AnchorText>
      <Type>I_Action</Type>
      <Position>3632</Position>
    </EventMentionInfo>
    <EventMentionInfo>
      <ID>80</ID>
      <AnchorText>protests</AnchorText>
      <Type>HalfGeneric</Type>
      <Position>3659</Position>
    </EventMentionInfo>
    <EventMentionInfo>
      <ID>81</ID>
      <AnchorText>calling</AnchorText>
      <Type>I_Action</Type>
      <Position>3668</Position>
    </EventMentionInfo>
    <EventMentionInfo>
      <ID>82</ID>
      <AnchorText>crackdown</AnchorText>
      <Type>Occurrence</Type>
      <Position>3716</Position>
    </EventMentionInfo>
    <EventMentionInfo>
      <ID>83</ID>
      <AnchorText>led</AnchorText>
      <Type>I_Action</Type>
      <Position>3726</Position>
    </EventMentionInfo>
    <EventMentionInfo>
      <ID>84</ID>
      <AnchorText>take</AnchorText>
      <Type>Occurrence</Type>
      <Position>3756</Position>
    </EventMentionInfo>
    <EventMentionInfo>
      <ID>85</ID>
      <AnchorText>switched</AnchorText>
      <Type>Occurrence</Type>
      <Position>3794</Position>
    </EventMentionInfo>
    <EventMentionInfo>
      <ID>86</ID>
      <AnchorText>joined</AnchorText>
      <Type>Occurrence</Type>
      <Position>3813</Position>
    </EventMentionInfo>
    <EventMentionInfo>
      <ID>87</ID>
      <AnchorText>conflict</AnchorText>
      <Type>Occurrence</Type>
      <Position>3867</Position>
    </EventMentionInfo>
    <EventMentionInfo>
      <ID>88</ID>
      <AnchorText>killed</AnchorText>
      <Type>Occurrence</Type>
      <Position>3880</Position>
    </EventMentionInfo>
  </Events>
  <Relations>
    <HierarchyRelationInfo>
      <SuperEventID>7</SuperEventID>
      <SubEventID>5</SubEventID>
      <Type>SuperSub</Type>
      <Uncertain>false</Uncertain>
    </HierarchyRelationInfo>
    <HierarchyRelationInfo>
      <SuperEventID>6</SuperEventID>
      <SubEventID>7</SubEventID>
      <Type>SuperSub</Type>
      <Uncertain>false</Uncertain>
    </HierarchyRelationInfo>
    <HierarchyRelationInfo>
      <SuperEventID>11</SuperEventID>
      <SubEventID>10</SubEventID>
      <Type>SuperSub</Type>
      <Uncertain>false</Uncertain>
    </HierarchyRelationInfo>
    <HierarchyRelationInfo>
      <SuperEventID>7</SuperEventID>
      <SubEventID>13</SubEventID>
      <Type>SuperSub</Type>
      <Uncertain>false</Uncertain>
    </HierarchyRelationInfo>
    <HierarchyRelationInfo>
      <SuperEventID>2</SuperEventID>
      <SubEventID>5</SubEventID>
      <Type>Coref</Type>
      <Uncertain>false</Uncertain>
    </HierarchyRelationInfo>
    <HierarchyRelationInfo>
      <SuperEventID>6</SuperEventID>
      <SubEventID>3</SubEventID>
      <Type>SuperSub</Type>
      <Uncertain>false</Uncertain>
    </HierarchyRelationInfo>
    <HierarchyRelationInfo>
      <SuperEventID>21</SuperEventID>
      <SubEventID>11</SubEventID>
      <Type>SuperSub</Type>
      <Uncertain>false</Uncertain>
    </HierarchyRelationInfo>
    <HierarchyRelationInfo>
      <SuperEventID>20</SuperEventID>
      <SubEventID>10</SubEventID>
      <Type>Coref</Type>
      <Uncertain>false</Uncertain>
    </HierarchyRelationInfo>
    <HierarchyRelationInfo>
      <SuperEventID>18</SuperEventID>
      <SubEventID>16</SubEventID>
      <Type>Coref</Type>
      <Uncertain>false</Uncertain>
    </HierarchyRelationInfo>
    <HierarchyRelationInfo>
      <SuperEventID>3</SuperEventID>
      <SubEventID>23</SubEventID>
      <Type>SuperSub</Type>
      <Uncertain>false</Uncertain>
    </HierarchyRelationInfo>
    <HierarchyRelationInfo>
      <SuperEventID>26</SuperEventID>
      <SubEventID>25</SubEventID>
      <Type>SuperSub</Type>
      <Uncertain>false</Uncertain>
    </HierarchyRelationInfo>
    <HierarchyRelationInfo>
      <SuperEventID>26</SuperEventID>
      <SubEventID>6</SubEventID>
      <Type>SuperSub</Type>
      <Uncertain>false</Uncertain>
    </HierarchyRelationInfo>
    <HierarchyRelationInfo>
      <SuperEventID>26</SuperEventID>
      <SubEventID>29</SubEventID>
      <Type>SuperSub</Type>
      <Uncertain>false</Uncertain>
    </HierarchyRelationInfo>
    <HierarchyRelationInfo>
      <SuperEventID>26</SuperEventID>
      <SubEventID>32</SubEventID>
      <Type>SuperSub</Type>
      <Uncertain>false</Uncertain>
    </HierarchyRelationInfo>
    <HierarchyRelationInfo>
      <SuperEventID>35</SuperEventID>
      <SubEventID>5</SubEventID>
      <Type>Coref</Type>
      <Uncertain>false</Uncertain>
    </HierarchyRelationInfo>
    <HierarchyRelationInfo>
      <SuperEventID>35</SuperEventID>
      <SubEventID>38</SubEventID>
      <Type>SuperSub</Type>
      <Uncertain>false</Uncertain>
    </HierarchyRelationInfo>
    <HierarchyRelationInfo>
      <SuperEventID>6</SuperEventID>
      <SubEventID>36</SubEventID>
      <Type>SuperSub</Type>
      <Uncertain>false</Uncertain>
    </HierarchyRelationInfo>
    <HierarchyRelationInfo>
      <SuperEventID>40</SuperEventID>
      <SubEventID>42</SubEventID>
      <Type>SuperSub</Type>
      <Uncertain>false</Uncertain>
    </HierarchyRelationInfo>
    <HierarchyRelationInfo>
      <SuperEventID>40</SuperEventID>
      <SubEventID>41</SubEventID>
      <Type>SuperSub</Type>
      <Uncertain>false</Uncertain>
    </HierarchyRelationInfo>
    <HierarchyRelationInfo>
      <SuperEventID>43</SuperEventID>
      <SubEventID>7</SubEventID>
      <Type>Coref</Type>
      <Uncertain>false</Uncertain>
    </HierarchyRelationInfo>
    <HierarchyRelationInfo>
      <SuperEventID>41</SuperEventID>
      <SubEventID>43</SubEventID>
      <Type>SuperSub</Type>
      <Uncertain>false</Uncertain>
    </HierarchyRelationInfo>
    <HierarchyRelationInfo>
      <SuperEventID>43</SuperEventID>
      <SubEventID>44</SubEventID>
      <Type>SuperSub</Type>
      <Uncertain>false</Uncertain>
    </HierarchyRelationInfo>
    <HierarchyRelationInfo>
      <SuperEventID>41</SuperEventID>
      <SubEventID>45</SubEventID>
      <Type>SuperSub</Type>
      <Uncertain>false</Uncertain>
    </HierarchyRelationInfo>
    <HierarchyRelationInfo>
      <SuperEventID>47</SuperEventID>
      <SubEventID>45</SubEventID>
      <Type>Coref</Type>
      <Uncertain>false</Uncertain>
    </HierarchyRelationInfo>
    <HierarchyRelationInfo>
      <SuperEventID>49</SuperEventID>
      <SubEventID>35</SubEventID>
      <Type>Coref</Type>
      <Uncertain>false</Uncertain>
    </HierarchyRelationInfo>
    <HierarchyRelationInfo>
      <SuperEventID>6</SuperEventID>
      <SubEventID>50</SubEventID>
      <Type>SuperSub</Type>
      <Uncertain>false</Uncertain>
    </HierarchyRelationInfo>
    <HierarchyRelationInfo>
      <SuperEventID>53</SuperEventID>
      <SubEventID>51</SubEventID>
      <Type>SuperSub</Type>
      <Uncertain>false</Uncertain>
    </HierarchyRelationInfo>
    <HierarchyRelationInfo>
      <SuperEventID>51</SuperEventID>
      <SubEventID>10</SubEventID>
      <Type>Coref</Type>
      <Uncertain>false</Uncertain>
    </HierarchyRelationInfo>
    <HierarchyRelationInfo>
      <SuperEventID>54</SuperEventID>
      <SubEventID>49</SubEventID>
      <Type>Coref</Type>
      <Uncertain>false</Uncertain>
    </HierarchyRelationInfo>
    <HierarchyRelationInfo>
      <SuperEventID>54</SuperEventID>
      <SubEventID>56</SubEventID>
      <Type>SuperSub</Type>
      <Uncertain>false</Uncertain>
    </HierarchyRelationInfo>
    <HierarchyRelationInfo>
      <SuperEventID>43</SuperEventID>
      <SubEventID>57</SubEventID>
      <Type>SuperSub</Type>
      <Uncertain>false</Uncertain>
    </HierarchyRelationInfo>
    <HierarchyRelationInfo>
      <SuperEventID>43</SuperEventID>
      <SubEventID>58</SubEventID>
      <Type>SuperSub</Type>
      <Uncertain>false</Uncertain>
    </HierarchyRelationInfo>
    <HierarchyRelationInfo>
      <SuperEventID>60</SuperEventID>
      <SubEventID>53</SubEventID>
      <Type>Coref</Type>
      <Uncertain>false</Uncertain>
    </HierarchyRelationInfo>
    <HierarchyRelationInfo>
      <SuperEventID>43</SuperEventID>
      <SubEventID>59</SubEventID>
      <Type>SuperSub</Type>
      <Uncertain>false</Uncertain>
    </HierarchyRelationInfo>
    <HierarchyRelationInfo>
      <SuperEventID>63</SuperEventID>
      <SubEventID>26</SubEventID>
      <Type>Coref</Type>
      <Uncertain>false</Uncertain>
    </HierarchyRelationInfo>
    <HierarchyRelationInfo>
      <SuperEventID>67</SuperEventID>
      <SubEventID>63</SubEventID>
      <Type>Coref</Type>
      <Uncertain>false</Uncertain>
    </HierarchyRelationInfo>
    <HierarchyRelationInfo>
      <SuperEventID>67</SuperEventID>
      <SubEventID>68</SubEventID>
      <Type>SuperSub</Type>
      <Uncertain>false</Uncertain>
    </HierarchyRelationInfo>
    <HierarchyRelationInfo>
      <SuperEventID>65</SuperEventID>
      <SubEventID>62</SubEventID>
      <Type>SuperSub</Type>
      <Uncertain>false</Uncertain>
    </HierarchyRelationInfo>
    <HierarchyRelationInfo>
      <SuperEventID>63</SuperEventID>
      <SubEventID>65</SubEventID>
      <Type>SuperSub</Type>
      <Uncertain>false</Uncertain>
    </HierarchyRelationInfo>
    <HierarchyRelationInfo>
      <SuperEventID>71</SuperEventID>
      <SubEventID>72</SubEventID>
      <Type>SuperSub</Type>
      <Uncertain>false</Uncertain>
    </HierarchyRelationInfo>
    <HierarchyRelationInfo>
      <SuperEventID>75</SuperEventID>
      <SubEventID>76</SubEventID>
      <Type>SuperSub</Type>
      <Uncertain>false</Uncertain>
    </HierarchyRelationInfo>
    <HierarchyRelationInfo>
      <SuperEventID>75</SuperEventID>
      <SubEventID>77</SubEventID>
      <Type>SuperSub</Type>
      <Uncertain>false</Uncertain>
    </HierarchyRelationInfo>
    <HierarchyRelationInfo>
      <SuperEventID>78</SuperEventID>
      <SubEventID>63</SubEventID>
      <Type>Coref</Type>
      <Uncertain>false</Uncertain>
    </HierarchyRelationInfo>
    <HierarchyRelationInfo>
      <SuperEventID>78</SuperEventID>
      <SubEventID>82</SubEventID>
      <Type>SuperSub</Type>
      <Uncertain>false</Uncertain>
    </HierarchyRelationInfo>
    <HierarchyRelationInfo>
      <SuperEventID>85</SuperEventID>
      <SubEventID>86</SubEventID>
      <Type>Coref</Type>
      <Uncertain>false</Uncertain>
    </HierarchyRelationInfo>
    <HierarchyRelationInfo>
      <SuperEventID>78</SuperEventID>
      <SubEventID>85</SubEventID>
      <Type>SuperSub</Type>
      <Uncertain>false</Uncertain>
    </HierarchyRelationInfo>
    <HierarchyRelationInfo>
      <SuperEventID>87</SuperEventID>
      <SubEventID>78</SubEventID>
      <Type>Coref</Type>
      <Uncertain>false</Uncertain>
    </HierarchyRelationInfo>
    <HierarchyRelationInfo>
      <SuperEventID>87</SuperEventID>
      <SubEventID>88</SubEventID>
      <Type>SuperSub</Type>
      <Uncertain>false</Uncertain>
    </HierarchyRelationInfo>
    <HierarchyRelationInfo>
      <SuperEventID>25</SuperEventID>
      <SubEventID>80</SubEventID>
      <Type>SuperSub</Type>
      <Uncertain>false</Uncertain>
    </HierarchyRelationInfo>
    <HierarchyRelationInfo>
      <SuperEventID>82</SuperEventID>
      <SubEventID>84</SubEventID>
      <Type>SuperSub</Type>
      <Uncertain>false</Uncertain>
    </HierarchyRelationInfo>
    <HierarchyRelationInfo>
      <SuperEventID>41</SuperEventID>
      <SubEventID>71</SubEventID>
      <Type>SuperSub</Type>
      <Uncertain>false</Uncertain>
    </HierarchyRelationInfo>
  </Relations>
</ArticleInfo>