<ArticleInfo>
  <Text>QPR captain Joey Barton has accepted a charge of violent conduct against Manchester City's Sergio Aguero but denied the same charge for his confrontation with Vincent Kompany. The 29-year-old's future at QPR is in doubt after he elbowed Carlos Tevez, kicked Aguero and appeared to headbutt Kompany during Rangers' 3-2 defeat at the Etihad Stadium on Sunday. Barton was given extra time to respond to the charges levelled against him and the Football Association revealed on Wednesday evening that he has accepted only one of the violent conduct charges. "Joey Barton has accepted an FA charge against him for violent conduct against Manchester City's Sergio Aguero," the FA statement read. "The Queens Park Rangers player has denied a second charge of alleged violent conduct against Manchester City's Vincent Kompany." It continued: "The player has requested a personal hearing, the date of which has yet to be set. "Both charges against Barton are in relation to Sunday's match against Manchester City at the Etihad Stadium. "Following the player's dismissal in the 54th minute of the fixture, there followed two incidents involving Aguero and Kompany. "As Barton had already been dismissed, both of these incidents fell outside of the jurisdiction of the referee."</Text>
  <Events>
    <EventMentionInfo>
      <ID>1</ID>
      <AnchorText>accepted</AnchorText>
      <Type>Occurrence</Type>
      <Position>28</Position>
    </EventMentionInfo>
    <EventMentionInfo>
      <ID>2</ID>
      <AnchorText>denied</AnchorText>
      <Type>Occurrence</Type>
      <Position>109</Position>
    </EventMentionInfo>
    <EventMentionInfo>
      <ID>3</ID>
      <AnchorText>confrontation</AnchorText>
      <Type>Occurrence</Type>
      <Position>140</Position>
    </EventMentionInfo>
    <EventMentionInfo>
      <ID>4</ID>
      <AnchorText>elbowed</AnchorText>
      <Type>Occurrence</Type>
      <Position>229</Position>
    </EventMentionInfo>
    <EventMentionInfo>
      <ID>5</ID>
      <AnchorText>kicked</AnchorText>
      <Type>Occurrence</Type>
      <Position>251</Position>
    </EventMentionInfo>
    <EventMentionInfo>
      <ID>6</ID>
      <AnchorText>appeared</AnchorText>
      <Type>I_Action</Type>
      <Position>269</Position>
    </EventMentionInfo>
    <EventMentionInfo>
      <ID>7</ID>
      <AnchorText>headbutt</AnchorText>
      <Type>Occurrence</Type>
      <Position>281</Position>
    </EventMentionInfo>
    <EventMentionInfo>
      <ID>8</ID>
      <AnchorText>defeat</AnchorText>
      <Type>Occurrence</Type>
      <Position>318</Position>
    </EventMentionInfo>
    <EventMentionInfo>
      <ID>9</ID>
      <AnchorText>given</AnchorText>
      <Type>I_Action</Type>
      <Position>369</Position>
    </EventMentionInfo>
    <EventMentionInfo>
      <ID>10</ID>
      <AnchorText>respond</AnchorText>
      <Type>Occurrence</Type>
      <Position>389</Position>
    </EventMentionInfo>
    <EventMentionInfo>
      <ID>11</ID>
      <AnchorText>levelled</AnchorText>
      <Type>Occurrence</Type>
      <Position>412</Position>
    </EventMentionInfo>
    <EventMentionInfo>
      <ID>12</ID>
      <AnchorText>revealed</AnchorText>
      <Type>Occurrence</Type>
      <Position>462</Position>
    </EventMentionInfo>
    <EventMentionInfo>
      <ID>13</ID>
      <AnchorText>accepted</AnchorText>
      <Type>Occurrence</Type>
      <Position>504</Position>
    </EventMentionInfo>
    <EventMentionInfo>
      <ID>14</ID>
      <AnchorText>accepted</AnchorText>
      <Type>Occurrence</Type>
      <Position>571</Position>
    </EventMentionInfo>
    <EventMentionInfo>
      <ID>15</ID>
      <AnchorText>read</AnchorText>
      <Type>Reporting</Type>
      <Position>684</Position>
    </EventMentionInfo>
    <EventMentionInfo>
      <ID>16</ID>
      <AnchorText>denied</AnchorText>
      <Type>Occurrence</Type>
      <Position>726</Position>
    </EventMentionInfo>
    <EventMentionInfo>
      <ID>17</ID>
      <AnchorText>requested</AnchorText>
      <Type>I_Action</Type>
      <Position>850</Position>
    </EventMentionInfo>
    <EventMentionInfo>
      <ID>18</ID>
      <AnchorText>match</AnchorText>
      <Type>Occurrence</Type>
      <Position>974</Position>
    </EventMentionInfo>
    <EventMentionInfo>
      <ID>19</ID>
      <AnchorText>dismissal</AnchorText>
      <Type>Occurrence</Type>
      <Position>1051</Position>
    </EventMentionInfo>
    <EventMentionInfo>
      <ID>20</ID>
      <AnchorText>fixture</AnchorText>
      <Type>Occurrence</Type>
      <Position>1087</Position>
    </EventMentionInfo>
    <EventMentionInfo>
      <ID>21</ID>
      <AnchorText>followed</AnchorText>
      <Type>I_Action</Type>
      <Position>1102</Position>
    </EventMentionInfo>
    <EventMentionInfo>
      <ID>22</ID>
      <AnchorText>incidents</AnchorText>
      <Type>Occurrence</Type>
      <Position>1115</Position>
    </EventMentionInfo>
    <EventMentionInfo>
      <ID>23</ID>
      <AnchorText>dismissed</AnchorText>
      <Type>Occurrence</Type>
      <Position>1183</Position>
    </EventMentionInfo>
    <EventMentionInfo>
      <ID>24</ID>
      <AnchorText>incidents</AnchorText>
      <Type>Occurrence</Type>
      <Position>1208</Position>
    </EventMentionInfo>
    <EventMentionInfo>
      <ID>25</ID>
      <AnchorText>fell</AnchorText>
      <Type>Occurrence</Type>
      <Position>1218</Position>
    </EventMentionInfo>
  </Events>
  <Relations>
    <HierarchyRelationInfo>
      <SuperEventID>10</SuperEventID>
      <SubEventID>1</SubEventID>
      <Type>SuperSub</Type>
      <Uncertain>false</Uncertain>
    </HierarchyRelationInfo>
    <HierarchyRelationInfo>
      <SuperEventID>10</SuperEventID>
      <SubEventID>2</SubEventID>
      <Type>SuperSub</Type>
      <Uncertain>false</Uncertain>
    </HierarchyRelationInfo>
    <HierarchyRelationInfo>
      <SuperEventID>13</SuperEventID>
      <SubEventID>1</SubEventID>
      <Type>Coref</Type>
      <Uncertain>false</Uncertain>
    </HierarchyRelationInfo>
    <HierarchyRelationInfo>
      <SuperEventID>14</SuperEventID>
      <SubEventID>13</SubEventID>
      <Type>Coref</Type>
      <Uncertain>false</Uncertain>
    </HierarchyRelationInfo>
    <HierarchyRelationInfo>
      <SuperEventID>8</SuperEventID>
      <SubEventID>4</SubEventID>
      <Type>SuperSub</Type>
      <Uncertain>false</Uncertain>
    </HierarchyRelationInfo>
    <HierarchyRelationInfo>
      <SuperEventID>16</SuperEventID>
      <SubEventID>2</SubEventID>
      <Type>Coref</Type>
      <Uncertain>false</Uncertain>
    </HierarchyRelationInfo>
    <HierarchyRelationInfo>
      <SuperEventID>18</SuperEventID>
      <SubEventID>8</SubEventID>
      <Type>Coref</Type>
      <Uncertain>false</Uncertain>
    </HierarchyRelationInfo>
    <HierarchyRelationInfo>
      <SuperEventID>18</SuperEventID>
      <SubEventID>19</SubEventID>
      <Type>SuperSub</Type>
      <Uncertain>false</Uncertain>
    </HierarchyRelationInfo>
    <HierarchyRelationInfo>
      <SuperEventID>20</SuperEventID>
      <SubEventID>18</SubEventID>
      <Type>Coref</Type>
      <Uncertain>false</Uncertain>
    </HierarchyRelationInfo>
    <HierarchyRelationInfo>
      <SuperEventID>20</SuperEventID>
      <SubEventID>22</SubEventID>
      <Type>SuperSub</Type>
      <Uncertain>false</Uncertain>
    </HierarchyRelationInfo>
    <HierarchyRelationInfo>
      <SuperEventID>22</SuperEventID>
      <SubEventID>5</SubEventID>
      <Type>SuperSub</Type>
      <Uncertain>false</Uncertain>
    </HierarchyRelationInfo>
    <HierarchyRelationInfo>
      <SuperEventID>3</SuperEventID>
      <SubEventID>7</SubEventID>
      <Type>SuperSub</Type>
      <Uncertain>false</Uncertain>
    </HierarchyRelationInfo>
    <HierarchyRelationInfo>
      <SuperEventID>22</SuperEventID>
      <SubEventID>3</SubEventID>
      <Type>SuperSub</Type>
      <Uncertain>false</Uncertain>
    </HierarchyRelationInfo>
    <HierarchyRelationInfo>
      <SuperEventID>20</SuperEventID>
      <SubEventID>23</SubEventID>
      <Type>SuperSub</Type>
      <Uncertain>false</Uncertain>
    </HierarchyRelationInfo>
    <HierarchyRelationInfo>
      <SuperEventID>24</SuperEventID>
      <SubEventID>22</SubEventID>
      <Type>Coref</Type>
      <Uncertain>false</Uncertain>
    </HierarchyRelationInfo>
    <HierarchyRelationInfo>
      <SuperEventID>20</SuperEventID>
      <SubEventID>25</SubEventID>
      <Type>SuperSub</Type>
      <Uncertain>false</Uncertain>
    </HierarchyRelationInfo>
  </Relations>
</ArticleInfo>