<ArticleInfo>
  <Text>Rhys Owen Jones, 21, and Keri Mules, 20, appeared before magistrates in Brisbane today and pleaded guilty to trespassing, stealing and keeping a protected animal, Australia's Department of Justice said. The two friends from south Wales were arrested after breaking into Sea World on Queensland's Gold Coast during an alcohol-fuelled escapade on April 14. They also swam with dolphins and let off a fire extinguisher in a shark enclosure, according to AAP news agency. Jones, reported to be a former British Royal Marine and Mules, reported to be a bricklayer, were in Australia on a working holiday visa when the incident took place. They snuck into the animal park along with Australian James Vasilj, 18, after drinking 1.5 litres of vodka between them at a beach party, AAP said. The two Welshmen then snatched a fairy penguin called Dirk from an aquarium before waking up with the flightless bird in their apartment the following day. The friends' lawyer Bill Potts told Southport Magistrates' court they meant no harm to the animal and tried to care for it by feeding it and putting it in the shower when they woke up with hangovers. Jones and Mules took photo and video footage of the animal before releasing it into a canal, but were arrested after a friend saw updates they had posted about their antics on Facebook and reported them to police. The seven-year-old bird was later spotted by a member of the public, rescued unharmed and returned to Sea World before it was reunited with girlfriend Peaches. Mr Potts told magistrate Brian Kucks that the tourists' actions were immature and stupid, but there was no malice involved, according to reports. The court also heard how the Britons had written a letter of apology to Sea World and the Australian public and deeply regretted their actions. Mr Kucks accepted an appeal not to record convictions against the pair and fined them 1000 Australian dollars each. AAP quoted him saying: "You could have found yourselves in a morgue if you'd gone into the wrong enclosure. Perhaps next time you are at a party you will consider drinking a little less vodka." Following the hearing Mr Potts told reporters: "The boys understand they did something stupid. They are just pleased that in the end no penguin was harmed." Vasilj, who is facing a single charge of trespassing, had his case adjourned to June 27. </Text>
  <Events>
    <EventMentionInfo>
      <ID>1</ID>
      <AnchorText>appeared</AnchorText>
      <Type>Occurrence</Type>
      <Position>41</Position>
    </EventMentionInfo>
    <EventMentionInfo>
      <ID>2</ID>
      <AnchorText>pleaded</AnchorText>
      <Type>Occurrence</Type>
      <Position>91</Position>
    </EventMentionInfo>
    <EventMentionInfo>
      <ID>3</ID>
      <AnchorText>trespassing</AnchorText>
      <Type>Occurrence</Type>
      <Position>109</Position>
    </EventMentionInfo>
    <EventMentionInfo>
      <ID>4</ID>
      <AnchorText>stealing</AnchorText>
      <Type>Occurrence</Type>
      <Position>122</Position>
    </EventMentionInfo>
    <EventMentionInfo>
      <ID>5</ID>
      <AnchorText>keeping</AnchorText>
      <Type>Occurrence</Type>
      <Position>135</Position>
    </EventMentionInfo>
    <EventMentionInfo>
      <ID>6</ID>
      <AnchorText>said</AnchorText>
      <Type>Reporting</Type>
      <Position>197</Position>
    </EventMentionInfo>
    <EventMentionInfo>
      <ID>7</ID>
      <AnchorText>arrested</AnchorText>
      <Type>Occurrence</Type>
      <Position>241</Position>
    </EventMentionInfo>
    <EventMentionInfo>
      <ID>8</ID>
      <AnchorText>breaking</AnchorText>
      <Type>Occurrence</Type>
      <Position>256</Position>
    </EventMentionInfo>
    <EventMentionInfo>
      <ID>9</ID>
      <AnchorText>escapade</AnchorText>
      <Type>Occurrence</Type>
      <Position>333</Position>
    </EventMentionInfo>
    <EventMentionInfo>
      <ID>10</ID>
      <AnchorText>swam</AnchorText>
      <Type>Occurrence</Type>
      <Position>365</Position>
    </EventMentionInfo>
    <EventMentionInfo>
      <ID>11</ID>
      <AnchorText>let</AnchorText>
      <Type>Occurrence</Type>
      <Position>388</Position>
    </EventMentionInfo>
    <EventMentionInfo>
      <ID>12</ID>
      <AnchorText>reported</AnchorText>
      <Type>Reporting</Type>
      <Position>475</Position>
    </EventMentionInfo>
    <EventMentionInfo>
      <ID>13</ID>
      <AnchorText>reported</AnchorText>
      <Type>Reporting</Type>
      <Position>531</Position>
    </EventMentionInfo>
    <EventMentionInfo>
      <ID>14</ID>
      <AnchorText>incident</AnchorText>
      <Type>Occurrence</Type>
      <Position>613</Position>
    </EventMentionInfo>
    <EventMentionInfo>
      <ID>15</ID>
      <AnchorText>snuck</AnchorText>
      <Type>Occurrence</Type>
      <Position>639</Position>
    </EventMentionInfo>
    <EventMentionInfo>
      <ID>16</ID>
      <AnchorText>party</AnchorText>
      <Type>Occurrence</Type>
      <Position>765</Position>
    </EventMentionInfo>
    <EventMentionInfo>
      <ID>17</ID>
      <AnchorText>said</AnchorText>
      <Type>Reporting</Type>
      <Position>776</Position>
    </EventMentionInfo>
    <EventMentionInfo>
      <ID>18</ID>
      <AnchorText>snatched</AnchorText>
      <Type>Occurrence</Type>
      <Position>804</Position>
    </EventMentionInfo>
    <EventMentionInfo>
      <ID>19</ID>
      <AnchorText>waking</AnchorText>
      <Type>Occurrence</Type>
      <Position>865</Position>
    </EventMentionInfo>
    <EventMentionInfo>
      <ID>20</ID>
      <AnchorText>told</AnchorText>
      <Type>Reporting</Type>
      <Position>969</Position>
    </EventMentionInfo>
    <EventMentionInfo>
      <ID>21</ID>
      <AnchorText>tried</AnchorText>
      <Type>I_Action</Type>
      <Position>1040</Position>
    </EventMentionInfo>
    <EventMentionInfo>
      <ID>22</ID>
      <AnchorText>feeding</AnchorText>
      <Type>Occurrence</Type>
      <Position>1064</Position>
    </EventMentionInfo>
    <EventMentionInfo>
      <ID>23</ID>
      <AnchorText>putting</AnchorText>
      <Type>Occurrence</Type>
      <Position>1079</Position>
    </EventMentionInfo>
    <EventMentionInfo>
      <ID>24</ID>
      <AnchorText>woke</AnchorText>
      <Type>Occurrence</Type>
      <Position>1114</Position>
    </EventMentionInfo>
    <EventMentionInfo>
      <ID>25</ID>
      <AnchorText>took</AnchorText>
      <Type>Occurrence</Type>
      <Position>1154</Position>
    </EventMentionInfo>
    <EventMentionInfo>
      <ID>26</ID>
      <AnchorText>releasing</AnchorText>
      <Type>Occurrence</Type>
      <Position>1204</Position>
    </EventMentionInfo>
    <EventMentionInfo>
      <ID>27</ID>
      <AnchorText>arrested</AnchorText>
      <Type>Occurrence</Type>
      <Position>1240</Position>
    </EventMentionInfo>
    <EventMentionInfo>
      <ID>28</ID>
      <AnchorText>saw</AnchorText>
      <Type>Perception</Type>
      <Position>1264</Position>
    </EventMentionInfo>
    <EventMentionInfo>
      <ID>29</ID>
      <AnchorText>posted</AnchorText>
      <Type>Reporting</Type>
      <Position>1285</Position>
    </EventMentionInfo>
    <EventMentionInfo>
      <ID>30</ID>
      <AnchorText>antics</AnchorText>
      <Type>Occurrence</Type>
      <Position>1304</Position>
    </EventMentionInfo>
    <EventMentionInfo>
      <ID>31</ID>
      <AnchorText>reported</AnchorText>
      <Type>Occurrence</Type>
      <Position>1327</Position>
    </EventMentionInfo>
    <EventMentionInfo>
      <ID>32</ID>
      <AnchorText>spotted</AnchorText>
      <Type>Perception</Type>
      <Position>1386</Position>
    </EventMentionInfo>
    <EventMentionInfo>
      <ID>33</ID>
      <AnchorText>rescued</AnchorText>
      <Type>Occurrence</Type>
      <Position>1421</Position>
    </EventMentionInfo>
    <EventMentionInfo>
      <ID>34</ID>
      <AnchorText>returned</AnchorText>
      <Type>Occurrence</Type>
      <Position>1442</Position>
    </EventMentionInfo>
    <EventMentionInfo>
      <ID>35</ID>
      <AnchorText>reunited</AnchorText>
      <Type>Occurrence</Type>
      <Position>1478</Position>
    </EventMentionInfo>
    <EventMentionInfo>
      <ID>36</ID>
      <AnchorText>told</AnchorText>
      <Type>Reporting</Type>
      <Position>1521</Position>
    </EventMentionInfo>
    <EventMentionInfo>
      <ID>37</ID>
      <AnchorText>actions</AnchorText>
      <Type>Occurrence</Type>
      <Position>1568</Position>
    </EventMentionInfo>
    <EventMentionInfo>
      <ID>38</ID>
      <AnchorText>reports</AnchorText>
      <Type>HalfGeneric</Type>
      <Position>1649</Position>
    </EventMentionInfo>
    <EventMentionInfo>
      <ID>39</ID>
      <AnchorText>heard</AnchorText>
      <Type>Perception</Type>
      <Position>1673</Position>
    </EventMentionInfo>
    <EventMentionInfo>
      <ID>40</ID>
      <AnchorText>written</AnchorText>
      <Type>Occurrence</Type>
      <Position>1699</Position>
    </EventMentionInfo>
    <EventMentionInfo>
      <ID>41</ID>
      <AnchorText>accepted</AnchorText>
      <Type>Occurrence</Type>
      <Position>1811</Position>
    </EventMentionInfo>
    <EventMentionInfo>
      <ID>42</ID>
      <AnchorText>appeal</AnchorText>
      <Type>Occurrence</Type>
      <Position>1823</Position>
    </EventMentionInfo>
    <EventMentionInfo>
      <ID>43</ID>
      <AnchorText>fined</AnchorText>
      <Type>Occurrence</Type>
      <Position>1877</Position>
    </EventMentionInfo>
    <EventMentionInfo>
      <ID>44</ID>
      <AnchorText>quoted</AnchorText>
      <Type>Reporting</Type>
      <Position>1922</Position>
    </EventMentionInfo>
    <EventMentionInfo>
      <ID>45</ID>
      <AnchorText>saying</AnchorText>
      <Type>Reporting</Type>
      <Position>1933</Position>
    </EventMentionInfo>
    <EventMentionInfo>
      <ID>46</ID>
      <AnchorText>hearing</AnchorText>
      <Type>Occurrence</Type>
      <Position>2126</Position>
    </EventMentionInfo>
    <EventMentionInfo>
      <ID>47</ID>
      <AnchorText>told</AnchorText>
      <Type>Reporting</Type>
      <Position>2143</Position>
    </EventMentionInfo>
    <EventMentionInfo>
      <ID>48</ID>
      <AnchorText>adjourned</AnchorText>
      <Type>Occurrence</Type>
      <Position>2336</Position>
    </EventMentionInfo>
  </Events>
  <Relations>
    <HierarchyRelationInfo>
      <SuperEventID>1</SuperEventID>
      <SubEventID>2</SubEventID>
      <Type>SuperSub</Type>
      <Uncertain>false</Uncertain>
      <Transitive>false</Transitive>
    </HierarchyRelationInfo>
    <HierarchyRelationInfo>
      <SuperEventID>9</SuperEventID>
      <SubEventID>8</SubEventID>
      <Type>SuperSub</Type>
      <Uncertain>false</Uncertain>
      <Transitive>false</Transitive>
    </HierarchyRelationInfo>
    <HierarchyRelationInfo>
      <SuperEventID>18</SuperEventID>
      <SubEventID>4</SubEventID>
      <Type>Coref</Type>
      <Uncertain>false</Uncertain>
      <Transitive>false</Transitive>
    </HierarchyRelationInfo>
    <HierarchyRelationInfo>
      <SuperEventID>19</SuperEventID>
      <SubEventID>24</SubEventID>
      <Type>Coref</Type>
      <Uncertain>false</Uncertain>
      <Transitive>false</Transitive>
    </HierarchyRelationInfo>
    <HierarchyRelationInfo>
      <SuperEventID>27</SuperEventID>
      <SubEventID>7</SubEventID>
      <Type>Coref</Type>
      <Uncertain>false</Uncertain>
      <Transitive>false</Transitive>
    </HierarchyRelationInfo>
    <HierarchyRelationInfo>
      <SuperEventID>37</SuperEventID>
      <SubEventID>30</SubEventID>
      <Type>Coref</Type>
      <Uncertain>false</Uncertain>
      <Transitive>false</Transitive>
    </HierarchyRelationInfo>
    <HierarchyRelationInfo>
      <SuperEventID>1</SuperEventID>
      <SubEventID>39</SubEventID>
      <Type>SuperSub</Type>
      <Uncertain>false</Uncertain>
      <Transitive>false</Transitive>
    </HierarchyRelationInfo>
    <HierarchyRelationInfo>
      <SuperEventID>1</SuperEventID>
      <SubEventID>41</SubEventID>
      <Type>SuperSub</Type>
      <Uncertain>false</Uncertain>
      <Transitive>false</Transitive>
    </HierarchyRelationInfo>
    <HierarchyRelationInfo>
      <SuperEventID>1</SuperEventID>
      <SubEventID>42</SubEventID>
      <Type>SuperSub</Type>
      <Uncertain>false</Uncertain>
      <Transitive>false</Transitive>
    </HierarchyRelationInfo>
    <HierarchyRelationInfo>
      <SuperEventID>1</SuperEventID>
      <SubEventID>43</SubEventID>
      <Type>SuperSub</Type>
      <Uncertain>false</Uncertain>
      <Transitive>false</Transitive>
    </HierarchyRelationInfo>
    <HierarchyRelationInfo>
      <SuperEventID>9</SuperEventID>
      <SubEventID>14</SubEventID>
      <Type>SuperSub</Type>
      <Uncertain>false</Uncertain>
      <Transitive>false</Transitive>
    </HierarchyRelationInfo>
    <HierarchyRelationInfo>
      <SuperEventID>14</SuperEventID>
      <SubEventID>10</SubEventID>
      <Type>SuperSub</Type>
      <Uncertain>false</Uncertain>
      <Transitive>false</Transitive>
    </HierarchyRelationInfo>
    <HierarchyRelationInfo>
      <SuperEventID>14</SuperEventID>
      <SubEventID>11</SubEventID>
      <Type>SuperSub</Type>
      <Uncertain>false</Uncertain>
      <Transitive>false</Transitive>
    </HierarchyRelationInfo>
    <HierarchyRelationInfo>
      <SuperEventID>14</SuperEventID>
      <SubEventID>4</SubEventID>
      <Type>SuperSub</Type>
      <Uncertain>false</Uncertain>
      <Transitive>false</Transitive>
    </HierarchyRelationInfo>
    <HierarchyRelationInfo>
      <SuperEventID>14</SuperEventID>
      <SubEventID>3</SubEventID>
      <Type>SuperSub</Type>
      <Uncertain>false</Uncertain>
      <Transitive>false</Transitive>
      <Comment>Suncana, </Comment>
    </HierarchyRelationInfo>
    <HierarchyRelationInfo>
      <SuperEventID>14</SuperEventID>
      <SubEventID>5</SubEventID>
      <Type>SuperSub</Type>
      <Uncertain>false</Uncertain>
      <Transitive>false</Transitive>
      <Comment>Suncana, </Comment>
    </HierarchyRelationInfo>
    <HierarchyRelationInfo>
      <SuperEventID>3</SuperEventID>
      <SubEventID>8</SubEventID>
      <Type>SuperSub</Type>
      <Uncertain>false</Uncertain>
      <Transitive>false</Transitive>
      <Comment>Suncana, </Comment>
    </HierarchyRelationInfo>
    <HierarchyRelationInfo>
      <SuperEventID>9</SuperEventID>
      <SubEventID>16</SubEventID>
      <Type>SuperSub</Type>
      <Uncertain>false</Uncertain>
      <Transitive>false</Transitive>
      <Comment>Suncana, </Comment>
    </HierarchyRelationInfo>
    <HierarchyRelationInfo>
      <SuperEventID>46</SuperEventID>
      <SubEventID>1</SubEventID>
      <Type>Coref</Type>
      <Uncertain>false</Uncertain>
      <Transitive>false</Transitive>
      <Comment>Suncana, </Comment>
    </HierarchyRelationInfo>
  </Relations>
</ArticleInfo>