<ArticleInfo>
  <Text>A suicide bomber sent back to his car to disarm the device by Somali police detonated it instead and killed four people.The blast was near the former Egyptian Embassy in Mogadishu.Officer Abdi Hassan said a would-be suicide car bomb was intercepted hours before the blast and the bomber arrested.But Hassan police returned him to his vehicle under orders that he disarm the explosives. Instead, he was able to trigger the bomb.Police commanders did not answer phone calls seeking comment after the blast. One police official said that supervisors told them no one was to talk to journalists about the explosion.Al-Shabab militants have stepped up a campaign of roadside bombs and suicide car bomb attacks in Mogadishu in recent weeks. The militants were almost entirely pushed out of the Somali capital earlier this year in an offensive by African Union forces. </Text>
  <Events>
    <EventMentionInfo>
      <ID>1</ID>
      <AnchorText>sent</AnchorText>
      <Type>I_Action</Type>
      <Position>17</Position>
    </EventMentionInfo>
    <EventMentionInfo>
      <ID>2</ID>
      <AnchorText>detonated</AnchorText>
      <Type>Occurrence</Type>
      <Position>76</Position>
    </EventMentionInfo>
    <EventMentionInfo>
      <ID>3</ID>
      <AnchorText>killed</AnchorText>
      <Type>Occurrence</Type>
      <Position>101</Position>
    </EventMentionInfo>
    <EventMentionInfo>
      <ID>4</ID>
      <AnchorText>blast</AnchorText>
      <Type>Occurrence</Type>
      <Position>124</Position>
    </EventMentionInfo>
    <EventMentionInfo>
      <ID>5</ID>
      <AnchorText>said</AnchorText>
      <Type>Reporting</Type>
      <Position>200</Position>
    </EventMentionInfo>
    <EventMentionInfo>
      <ID>6</ID>
      <AnchorText>intercepted</AnchorText>
      <Type>Occurrence</Type>
      <Position>237</Position>
    </EventMentionInfo>
    <EventMentionInfo>
      <ID>7</ID>
      <AnchorText>blast</AnchorText>
      <Type>Occurrence</Type>
      <Position>266</Position>
    </EventMentionInfo>
    <EventMentionInfo>
      <ID>8</ID>
      <AnchorText>arrested</AnchorText>
      <Type>Occurrence</Type>
      <Position>287</Position>
    </EventMentionInfo>
    <EventMentionInfo>
      <ID>9</ID>
      <AnchorText>returned</AnchorText>
      <Type>Occurrence</Type>
      <Position>314</Position>
    </EventMentionInfo>
    <EventMentionInfo>
      <ID>10</ID>
      <AnchorText>trigger</AnchorText>
      <Type>Occurrence</Type>
      <Position>410</Position>
    </EventMentionInfo>
    <EventMentionInfo>
      <ID>11</ID>
      <AnchorText>calls</AnchorText>
      <Type>Occurrence</Type>
      <Position>466</Position>
    </EventMentionInfo>
    <EventMentionInfo>
      <ID>12</ID>
      <AnchorText>blast</AnchorText>
      <Type>Occurrence</Type>
      <Position>498</Position>
    </EventMentionInfo>
    <EventMentionInfo>
      <ID>13</ID>
      <AnchorText>said</AnchorText>
      <Type>Reporting</Type>
      <Position>525</Position>
    </EventMentionInfo>
    <EventMentionInfo>
      <ID>14</ID>
      <AnchorText>told</AnchorText>
      <Type>Reporting</Type>
      <Position>547</Position>
    </EventMentionInfo>
    <EventMentionInfo>
      <ID>15</ID>
      <AnchorText>explosion</AnchorText>
      <Type>Occurrence</Type>
      <Position>601</Position>
    </EventMentionInfo>
    <EventMentionInfo>
      <ID>16</ID>
      <AnchorText>stepped</AnchorText>
      <Type>StateChange</Type>
      <Position>636</Position>
    </EventMentionInfo>
    <EventMentionInfo>
      <ID>17</ID>
      <AnchorText>attacks</AnchorText>
      <Type>HalfGeneric</Type>
      <Position>697</Position>
    </EventMentionInfo>
    <EventMentionInfo>
      <ID>18</ID>
      <AnchorText>pushed</AnchorText>
      <Type>Occurrence</Type>
      <Position>770</Position>
    </EventMentionInfo>
    <EventMentionInfo>
      <ID>19</ID>
      <AnchorText>offensive</AnchorText>
      <Type>Occurrence</Type>
      <Position>827</Position>
    </EventMentionInfo>
  </Events>
  <Relations>
    <HierarchyRelationInfo>
      <SuperEventID>2</SuperEventID>
      <SubEventID>4</SubEventID>
      <Type>Coref</Type>
      <Uncertain>false</Uncertain>
    </HierarchyRelationInfo>
    <HierarchyRelationInfo>
      <SuperEventID>4</SuperEventID>
      <SubEventID>3</SubEventID>
      <Type>SuperSub</Type>
      <Uncertain>false</Uncertain>
    </HierarchyRelationInfo>
    <HierarchyRelationInfo>
      <SuperEventID>7</SuperEventID>
      <SubEventID>4</SubEventID>
      <Type>Coref</Type>
      <Uncertain>false</Uncertain>
    </HierarchyRelationInfo>
    <HierarchyRelationInfo>
      <SuperEventID>10</SuperEventID>
      <SubEventID>7</SubEventID>
      <Type>Coref</Type>
      <Uncertain>false</Uncertain>
    </HierarchyRelationInfo>
    <HierarchyRelationInfo>
      <SuperEventID>12</SuperEventID>
      <SubEventID>10</SubEventID>
      <Type>Coref</Type>
      <Uncertain>false</Uncertain>
    </HierarchyRelationInfo>
    <HierarchyRelationInfo>
      <SuperEventID>15</SuperEventID>
      <SubEventID>12</SubEventID>
      <Type>Coref</Type>
      <Uncertain>false</Uncertain>
    </HierarchyRelationInfo>
    <HierarchyRelationInfo>
      <SuperEventID>19</SuperEventID>
      <SubEventID>18</SubEventID>
      <Type>SuperSub</Type>
      <Uncertain>false</Uncertain>
    </HierarchyRelationInfo>
    <HierarchyRelationInfo>
      <SuperEventID>17</SuperEventID>
      <SubEventID>16</SubEventID>
      <Type>SuperSub</Type>
      <Uncertain>false</Uncertain>
    </HierarchyRelationInfo>
    <HierarchyRelationInfo>
      <SuperEventID>17</SuperEventID>
      <SubEventID>15</SubEventID>
      <Type>SuperSub</Type>
      <Uncertain>false</Uncertain>
    </HierarchyRelationInfo>
  </Relations>
</ArticleInfo>