<ArticleInfo>
  <Text>Three climbers returning from the summit of Mount Everest have died and two others are missing, a Nepalese official said. Gyanendra Shrestha, of the Mountaineering Department, said a German, a Nepal-born Canadian and a Korean died on Saturday while descending from the 29,035ft (8,850m) summit. Mr Shrestha said the weather was favourable on Friday and Saturday morning but a wind storm swept the mountain later on Saturday. Mr Shrestha, stationed at Everest base camp, said he was waiting for details. German doctor Eberhard Schaaf, 61, is believed to have suffered high altitude cerebral oedema. The Nepalese-Canadian climber was Shriya Shah, while the Korean mountaineer's name has yet to be confirmed.</Text>
  <Events>
    <EventMentionInfo>
      <ID>1</ID>
      <AnchorText>returning</AnchorText>
      <Type>Occurrence</Type>
      <Position>15</Position>
    </EventMentionInfo>
    <EventMentionInfo>
      <ID>2</ID>
      <AnchorText>died</AnchorText>
      <Type>Occurrence</Type>
      <Position>63</Position>
    </EventMentionInfo>
    <EventMentionInfo>
      <ID>3</ID>
      <AnchorText>said</AnchorText>
      <Type>Reporting</Type>
      <Position>116</Position>
    </EventMentionInfo>
    <EventMentionInfo>
      <ID>4</ID>
      <AnchorText>said</AnchorText>
      <Type>Reporting</Type>
      <Position>176</Position>
    </EventMentionInfo>
    <EventMentionInfo>
      <ID>5</ID>
      <AnchorText>died</AnchorText>
      <Type>Occurrence</Type>
      <Position>226</Position>
    </EventMentionInfo>
    <EventMentionInfo>
      <ID>6</ID>
      <AnchorText>descending</AnchorText>
      <Type>Occurrence</Type>
      <Position>249</Position>
    </EventMentionInfo>
    <EventMentionInfo>
      <ID>7</ID>
      <AnchorText>said</AnchorText>
      <Type>Reporting</Type>
      <Position>307</Position>
    </EventMentionInfo>
    <EventMentionInfo>
      <ID>8</ID>
      <AnchorText>swept</AnchorText>
      <Type>Occurrence</Type>
      <Position>387</Position>
    </EventMentionInfo>
    <EventMentionInfo>
      <ID>9</ID>
      <AnchorText>said</AnchorText>
      <Type>Reporting</Type>
      <Position>470</Position>
    </EventMentionInfo>
    <EventMentionInfo>
      <ID>10</ID>
      <AnchorText>suffered</AnchorText>
      <Type>Occurrence</Type>
      <Position>558</Position>
    </EventMentionInfo>
  </Events>
  <Relations>
    <HierarchyRelationInfo>
      <SuperEventID>8</SuperEventID>
      <SubEventID>1</SubEventID>
      <Type>SuperSub</Type>
      <Uncertain>false</Uncertain>
    </HierarchyRelationInfo>
    <HierarchyRelationInfo>
      <SuperEventID>1</SuperEventID>
      <SubEventID>6</SubEventID>
      <Type>Coref</Type>
      <Uncertain>false</Uncertain>
    </HierarchyRelationInfo>
    <HierarchyRelationInfo>
      <SuperEventID>2</SuperEventID>
      <SubEventID>5</SubEventID>
      <Type>Coref</Type>
      <Uncertain>false</Uncertain>
    </HierarchyRelationInfo>
    <HierarchyRelationInfo>
      <SuperEventID>10</SuperEventID>
      <SubEventID>5</SubEventID>
      <Type>SuperSub</Type>
      <Uncertain>false</Uncertain>
    </HierarchyRelationInfo>
    <HierarchyRelationInfo>
      <SuperEventID>6</SuperEventID>
      <SubEventID>10</SubEventID>
      <Type>SuperSub</Type>
      <Uncertain>false</Uncertain>
    </HierarchyRelationInfo>
  </Relations>
</ArticleInfo>