<ArticleInfo>
  <Text>A rider has been killed at Northern Ireland's top motorcycle race, the North West 200. He was named as Mark Buckley, a 35-year-old competitor from Lough Lowland in Scotland. The married man died from his injuries in hospital after an incident near York Corner, outside Portstewart, Co Derry, said organisers. The motorcyclist had been taking part in the third race, the Superstock race, on Saturday afternoon. It was the last day of the international race series. Organisers have not fully established the cause of the crash yet, and are investigating the circumstances along with the Motorcycle Union of Ireland (MCUI). Mervyn Whyte, North West 200 event director, said everybody was devastated by Mr Buckley's death. "Our thoughts and prayers are with his wife Jayne and we extend our deepest sympathies to the entire family circle," he said. "There were no other riders involved in the incident." The annual event is reputed to be one of the fastest motorcycle road races in the world. A number of competitors have been killed during its more than 80-year history. Mr Buckley was a regular competitor at the North West 200 and was expecting to compete at the TT races in the Isle of man in June.</Text>
  <Events>
    <EventMentionInfo>
      <ID>1</ID>
      <AnchorText>killed</AnchorText>
      <Type>Occurrence</Type>
      <Position>17</Position>
    </EventMentionInfo>
    <EventMentionInfo>
      <ID>2</ID>
      <AnchorText>race</AnchorText>
      <Type>Occurrence</Type>
      <Position>61</Position>
    </EventMentionInfo>
    <EventMentionInfo>
      <ID>3</ID>
      <AnchorText>died</AnchorText>
      <Type>Occurrence</Type>
      <Position>190</Position>
    </EventMentionInfo>
    <EventMentionInfo>
      <ID>4</ID>
      <AnchorText>incident</AnchorText>
      <Type>Occurrence</Type>
      <Position>234</Position>
    </EventMentionInfo>
    <EventMentionInfo>
      <ID>5</ID>
      <AnchorText>said</AnchorText>
      <Type>Reporting</Type>
      <Position>292</Position>
    </EventMentionInfo>
    <EventMentionInfo>
      <ID>6</ID>
      <AnchorText>taking</AnchorText>
      <Type>Occurrence</Type>
      <Position>335</Position>
    </EventMentionInfo>
    <EventMentionInfo>
      <ID>7</ID>
      <AnchorText>race</AnchorText>
      <Type>Occurrence</Type>
      <Position>360</Position>
    </EventMentionInfo>
    <EventMentionInfo>
      <ID>8</ID>
      <AnchorText>race</AnchorText>
      <Type>Occurrence</Type>
      <Position>381</Position>
    </EventMentionInfo>
    <EventMentionInfo>
      <ID>9</ID>
      <AnchorText>series</AnchorText>
      <Type>Occurrence</Type>
      <Position>456</Position>
    </EventMentionInfo>
    <EventMentionInfo>
      <ID>10</ID>
      <AnchorText>crash</AnchorText>
      <Type>Occurrence</Type>
      <Position>519</Position>
    </EventMentionInfo>
    <EventMentionInfo>
      <ID>11</ID>
      <AnchorText>investigating</AnchorText>
      <Type>Occurrence</Type>
      <Position>538</Position>
    </EventMentionInfo>
    <EventMentionInfo>
      <ID>12</ID>
      <AnchorText>said</AnchorText>
      <Type>Reporting</Type>
      <Position>666</Position>
    </EventMentionInfo>
    <EventMentionInfo>
      <ID>13</ID>
      <AnchorText>devastated</AnchorText>
      <Type>StateChange</Type>
      <Position>685</Position>
    </EventMentionInfo>
    <EventMentionInfo>
      <ID>14</ID>
      <AnchorText>death</AnchorText>
      <Type>Occurrence</Type>
      <Position>712</Position>
    </EventMentionInfo>
    <EventMentionInfo>
      <ID>15</ID>
      <AnchorText>said</AnchorText>
      <Type>Reporting</Type>
      <Position>839</Position>
    </EventMentionInfo>
    <EventMentionInfo>
      <ID>16</ID>
      <AnchorText>incident</AnchorText>
      <Type>Occurrence</Type>
      <Position>889</Position>
    </EventMentionInfo>
    <EventMentionInfo>
      <ID>17</ID>
      <AnchorText>killed</AnchorText>
      <Type>HalfGeneric</Type>
      <Position>1023</Position>
    </EventMentionInfo>
  </Events>
  <Relations>
    <HierarchyRelationInfo>
      <SuperEventID>2</SuperEventID>
      <SubEventID>7</SubEventID>
      <Type>SuperSub</Type>
      <Uncertain>false</Uncertain>
    </HierarchyRelationInfo>
    <HierarchyRelationInfo>
      <SuperEventID>7</SuperEventID>
      <SubEventID>8</SubEventID>
      <Type>Coref</Type>
      <Uncertain>false</Uncertain>
    </HierarchyRelationInfo>
    <HierarchyRelationInfo>
      <SuperEventID>7</SuperEventID>
      <SubEventID>6</SubEventID>
      <Type>SuperSub</Type>
      <Uncertain>false</Uncertain>
    </HierarchyRelationInfo>
    <HierarchyRelationInfo>
      <SuperEventID>6</SuperEventID>
      <SubEventID>4</SubEventID>
      <Type>SuperSub</Type>
      <Uncertain>false</Uncertain>
    </HierarchyRelationInfo>
    <HierarchyRelationInfo>
      <SuperEventID>4</SuperEventID>
      <SubEventID>1</SubEventID>
      <Type>SuperSub</Type>
      <Uncertain>true</Uncertain>
    </HierarchyRelationInfo>
    <HierarchyRelationInfo>
      <SuperEventID>1</SuperEventID>
      <SubEventID>3</SubEventID>
      <Type>Coref</Type>
      <Uncertain>true</Uncertain>
    </HierarchyRelationInfo>
    <HierarchyRelationInfo>
      <SuperEventID>9</SuperEventID>
      <SubEventID>2</SubEventID>
      <Type>SuperSub</Type>
      <Uncertain>false</Uncertain>
    </HierarchyRelationInfo>
    <HierarchyRelationInfo>
      <SuperEventID>4</SuperEventID>
      <SubEventID>10</SubEventID>
      <Type>Coref</Type>
      <Uncertain>false</Uncertain>
    </HierarchyRelationInfo>
    <HierarchyRelationInfo>
      <SuperEventID>14</SuperEventID>
      <SubEventID>3</SubEventID>
      <Type>Coref</Type>
      <Uncertain>false</Uncertain>
    </HierarchyRelationInfo>
    <HierarchyRelationInfo>
      <SuperEventID>16</SuperEventID>
      <SubEventID>10</SubEventID>
      <Type>Coref</Type>
      <Uncertain>false</Uncertain>
    </HierarchyRelationInfo>
  </Relations>
</ArticleInfo>