<ArticleInfo>
  <Text>The Vatican is investigating seven priests from the troubled Legion of Christ religious order for alleged sexual abuse of minors, according to the Associated Press news agency. All but one case involves alleged abuse dating from decades ago, the Legion said. Two other priests are also under investigation for alleged sacramental violations, believed to involve using spiritual direction to have inappropriate relations with women. It is the first time the Vatican is known to have taken action against Legion priests for alleged sexual assault following the scandal of the order's founder. The church had previously insisted the crimes of the late Reverend Marcial Maciel were his alone. He was long held up as a model by Pope John Paul II despite credible accusations - later proven - that he raped and molested his seminarians. The Legion of Christ order had over 900 priests worldwide and was praised for attracting both money and vocations to the priesthood. Documentation from Vatican archives, however, revealed that as early as the 1950s, the Vatican had evidence that Maciel was a drug addict and paedophile. Only in 2006 did the Vatican sanction Maciel to a lifetime of penance and prayer for his crimes. He died in 2008 and a year later the orthodox order confessed he had fathered three children with two different women and had abused his seminarians. In 2010 the Vatican took control of the Legion and started to implement a system of change. </Text>
  <Events>
    <EventMentionInfo>
      <ID>1</ID>
      <AnchorText>investigating</AnchorText>
      <Type>Occurrence</Type>
      <Position>15</Position>
    </EventMentionInfo>
    <EventMentionInfo>
      <ID>2</ID>
      <AnchorText>said</AnchorText>
      <Type>Reporting</Type>
      <Position>253</Position>
    </EventMentionInfo>
    <EventMentionInfo>
      <ID>3</ID>
      <AnchorText>investigation</AnchorText>
      <Type>Occurrence</Type>
      <Position>292</Position>
    </EventMentionInfo>
    <EventMentionInfo>
      <ID>4</ID>
      <AnchorText>taken</AnchorText>
      <Type>I_Action</Type>
      <Position>482</Position>
    </EventMentionInfo>
    <EventMentionInfo>
      <ID>5</ID>
      <AnchorText>action</AnchorText>
      <Type>Occurrence</Type>
      <Position>488</Position>
    </EventMentionInfo>
    <EventMentionInfo>
      <ID>6</ID>
      <AnchorText>scandal</AnchorText>
      <Type>Occurrence</Type>
      <Position>559</Position>
    </EventMentionInfo>
    <EventMentionInfo>
      <ID>7</ID>
      <AnchorText>insisted</AnchorText>
      <Type>Reporting</Type>
      <Position>617</Position>
    </EventMentionInfo>
    <EventMentionInfo>
      <ID>8</ID>
      <AnchorText>crimes</AnchorText>
      <Type>Occurrence</Type>
      <Position>630</Position>
    </EventMentionInfo>
    <EventMentionInfo>
      <ID>9</ID>
      <AnchorText>accusations</AnchorText>
      <Type>HalfGeneric</Type>
      <Position>758</Position>
    </EventMentionInfo>
    <EventMentionInfo>
      <ID>10</ID>
      <AnchorText>proven</AnchorText>
      <Type>I_Action</Type>
      <Position>778</Position>
    </EventMentionInfo>
    <EventMentionInfo>
      <ID>11</ID>
      <AnchorText>raped</AnchorText>
      <Type>Occurrence</Type>
      <Position>795</Position>
    </EventMentionInfo>
    <EventMentionInfo>
      <ID>12</ID>
      <AnchorText>molested</AnchorText>
      <Type>Occurrence</Type>
      <Position>805</Position>
    </EventMentionInfo>
    <EventMentionInfo>
      <ID>13</ID>
      <AnchorText>praised</AnchorText>
      <Type>I_Action</Type>
      <Position>897</Position>
    </EventMentionInfo>
    <EventMentionInfo>
      <ID>14</ID>
      <AnchorText>attracting</AnchorText>
      <Type>Occurrence</Type>
      <Position>909</Position>
    </EventMentionInfo>
    <EventMentionInfo>
      <ID>15</ID>
      <AnchorText>revealed</AnchorText>
      <Type>Occurrence</Type>
      <Position>1010</Position>
    </EventMentionInfo>
    <EventMentionInfo>
      <ID>16</ID>
      <AnchorText>sanction</AnchorText>
      <Type>Occurrence</Type>
      <Position>1147</Position>
    </EventMentionInfo>
    <EventMentionInfo>
      <ID>17</ID>
      <AnchorText>crimes</AnchorText>
      <Type>HalfGeneric</Type>
      <Position>1207</Position>
    </EventMentionInfo>
    <EventMentionInfo>
      <ID>18</ID>
      <AnchorText>died</AnchorText>
      <Type>Occurrence</Type>
      <Position>1218</Position>
    </EventMentionInfo>
    <EventMentionInfo>
      <ID>19</ID>
      <AnchorText>confessed</AnchorText>
      <Type>I_Action</Type>
      <Position>1267</Position>
    </EventMentionInfo>
    <EventMentionInfo>
      <ID>20</ID>
      <AnchorText>fathered</AnchorText>
      <Type>Occurrence</Type>
      <Position>1284</Position>
    </EventMentionInfo>
    <EventMentionInfo>
      <ID>21</ID>
      <AnchorText>abused</AnchorText>
      <Type>Occurrence</Type>
      <Position>1341</Position>
    </EventMentionInfo>
    <EventMentionInfo>
      <ID>22</ID>
      <AnchorText>took</AnchorText>
      <Type>Occurrence</Type>
      <Position>1385</Position>
    </EventMentionInfo>
    <EventMentionInfo>
      <ID>23</ID>
      <AnchorText>started</AnchorText>
      <Type>I_Action</Type>
      <Position>1416</Position>
    </EventMentionInfo>
    <EventMentionInfo>
      <ID>24</ID>
      <AnchorText>implement</AnchorText>
      <Type>Occurrence</Type>
      <Position>1427</Position>
    </EventMentionInfo>
  </Events>
  <Relations>
    <HierarchyRelationInfo>
      <SuperEventID>5</SuperEventID>
      <SubEventID>1</SubEventID>
      <Type>SuperSub</Type>
      <Uncertain>false</Uncertain>
    </HierarchyRelationInfo>
    <HierarchyRelationInfo>
      <SuperEventID>5</SuperEventID>
      <SubEventID>3</SubEventID>
      <Type>SuperSub</Type>
      <Uncertain>false</Uncertain>
    </HierarchyRelationInfo>
    <HierarchyRelationInfo>
      <SuperEventID>6</SuperEventID>
      <SubEventID>8</SubEventID>
      <Type>SuperSub</Type>
      <Uncertain>false</Uncertain>
    </HierarchyRelationInfo>
    <HierarchyRelationInfo>
      <SuperEventID>8</SuperEventID>
      <SubEventID>11</SubEventID>
      <Type>SuperSub</Type>
      <Uncertain>false</Uncertain>
    </HierarchyRelationInfo>
    <HierarchyRelationInfo>
      <SuperEventID>8</SuperEventID>
      <SubEventID>12</SubEventID>
      <Type>SuperSub</Type>
      <Uncertain>false</Uncertain>
    </HierarchyRelationInfo>
    <HierarchyRelationInfo>
      <SuperEventID>6</SuperEventID>
      <SubEventID>9</SubEventID>
      <Type>SuperSub</Type>
      <Uncertain>false</Uncertain>
    </HierarchyRelationInfo>
    <HierarchyRelationInfo>
      <SuperEventID>6</SuperEventID>
      <SubEventID>16</SubEventID>
      <Type>SuperSub</Type>
      <Uncertain>false</Uncertain>
    </HierarchyRelationInfo>
    <HierarchyRelationInfo>
      <SuperEventID>8</SuperEventID>
      <SubEventID>17</SubEventID>
      <Type>Coref</Type>
      <Uncertain>false</Uncertain>
    </HierarchyRelationInfo>
    <HierarchyRelationInfo>
      <SuperEventID>17</SuperEventID>
      <SubEventID>21</SubEventID>
      <Type>SuperSub</Type>
      <Uncertain>false</Uncertain>
    </HierarchyRelationInfo>
    <HierarchyRelationInfo>
      <SuperEventID>17</SuperEventID>
      <SubEventID>20</SubEventID>
      <Type>SuperSub</Type>
      <Uncertain>false</Uncertain>
    </HierarchyRelationInfo>
  </Relations>
</ArticleInfo>