<ArticleInfo>
  <Text>Spain's Telefonica said first-quarter net profit halved after the value of its stake in Telecom Italia plunged following a capital increase and it cut prices in its recession-hit home country. Spain's economy, which sunk into a recession in the first three months of 2012, is not expected to grow again until the end of the year at the earliest. Net profit at the euro zone's largest telecoms company, which operates as o2 in Ireland, fell 54 per cent to E748 million, below the bottom end of analyst forecasts that ranged from E764 million to E1.2 billion. The bottom line was hit after Telefonica wrote down the value of its 10 per cent indirect stake in Telecom Italia to E337 million. Telefonica invested E2.3 billion when it bought the stake in 2008. Italy's biggest telecom player posted a net loss for 2011 after a goodwill writedown on its domestic business due to an economic downturn. Last week Telecom Italia shareholders agreed to refinance its investment vehicle's debt, meaning Telefonica must contribute E277 million to a capital increase and new bond issue. Telefonica's revenue was virtually flat at E15.5 billion as fast growth in Latin America, which accounts for almost half of group revenue, compensated for tough competition in the company's main European markets, where revenues slipped. Telefonica chairman Cesar Alierta said the results were in line with the company's targets and reiterated 2012 earnings and debt forecasts.</Text>
  <Events>
    <EventMentionInfo>
      <ID>1</ID>
      <AnchorText>said</AnchorText>
      <Type>Reporting</Type>
      <Position>19</Position>
    </EventMentionInfo>
    <EventMentionInfo>
      <ID>2</ID>
      <AnchorText>halved</AnchorText>
      <Type>StateChange</Type>
      <Position>49</Position>
    </EventMentionInfo>
    <EventMentionInfo>
      <ID>3</ID>
      <AnchorText>plunged</AnchorText>
      <Type>StateChange</Type>
      <Position>103</Position>
    </EventMentionInfo>
    <EventMentionInfo>
      <ID>4</ID>
      <AnchorText>increase</AnchorText>
      <Type>StateChange</Type>
      <Position>131</Position>
    </EventMentionInfo>
    <EventMentionInfo>
      <ID>5</ID>
      <AnchorText>cut</AnchorText>
      <Type>Occurrence</Type>
      <Position>147</Position>
    </EventMentionInfo>
    <EventMentionInfo>
      <ID>6</ID>
      <AnchorText>sunk</AnchorText>
      <Type>StateChange</Type>
      <Position>216</Position>
    </EventMentionInfo>
    <EventMentionInfo>
      <ID>7</ID>
      <AnchorText>recession</AnchorText>
      <Type>Occurrence</Type>
      <Position>228</Position>
    </EventMentionInfo>
    <EventMentionInfo>
      <ID>8</ID>
      <AnchorText>fell</AnchorText>
      <Type>StateChange</Type>
      <Position>435</Position>
    </EventMentionInfo>
    <EventMentionInfo>
      <ID>9</ID>
      <AnchorText>hit</AnchorText>
      <Type>Occurrence</Type>
      <Position>578</Position>
    </EventMentionInfo>
    <EventMentionInfo>
      <ID>10</ID>
      <AnchorText>wrote</AnchorText>
      <Type>Occurrence</Type>
      <Position>599</Position>
    </EventMentionInfo>
    <EventMentionInfo>
      <ID>11</ID>
      <AnchorText>invested</AnchorText>
      <Type>Occurrence</Type>
      <Position>700</Position>
    </EventMentionInfo>
    <EventMentionInfo>
      <ID>12</ID>
      <AnchorText>bought</AnchorText>
      <Type>Occurrence</Type>
      <Position>730</Position>
    </EventMentionInfo>
    <EventMentionInfo>
      <ID>13</ID>
      <AnchorText>posted</AnchorText>
      <Type>Reporting</Type>
      <Position>787</Position>
    </EventMentionInfo>
    <EventMentionInfo>
      <ID>14</ID>
      <AnchorText>loss</AnchorText>
      <Type>Occurrence</Type>
      <Position>800</Position>
    </EventMentionInfo>
    <EventMentionInfo>
      <ID>15</ID>
      <AnchorText>writedown</AnchorText>
      <Type>Occurrence</Type>
      <Position>831</Position>
    </EventMentionInfo>
    <EventMentionInfo>
      <ID>16</ID>
      <AnchorText>downturn</AnchorText>
      <Type>Occurrence</Type>
      <Position>885</Position>
    </EventMentionInfo>
    <EventMentionInfo>
      <ID>17</ID>
      <AnchorText>agreed</AnchorText>
      <Type>I_Action</Type>
      <Position>933</Position>
    </EventMentionInfo>
    <EventMentionInfo>
      <ID>18</ID>
      <AnchorText>growth</AnchorText>
      <Type>StateChange</Type>
      <Position>1139</Position>
    </EventMentionInfo>
    <EventMentionInfo>
      <ID>19</ID>
      <AnchorText>compensated</AnchorText>
      <Type>I_Action</Type>
      <Position>1213</Position>
    </EventMentionInfo>
    <EventMentionInfo>
      <ID>20</ID>
      <AnchorText>slipped</AnchorText>
      <Type>StateChange</Type>
      <Position>1302</Position>
    </EventMentionInfo>
    <EventMentionInfo>
      <ID>21</ID>
      <AnchorText>said</AnchorText>
      <Type>Reporting</Type>
      <Position>1345</Position>
    </EventMentionInfo>
  </Events>
  <Relations>
    <HierarchyRelationInfo>
      <SuperEventID>7</SuperEventID>
      <SubEventID>6</SubEventID>
      <Type>SuperSub</Type>
      <Uncertain>false</Uncertain>
    </HierarchyRelationInfo>
    <HierarchyRelationInfo>
      <SuperEventID>2</SuperEventID>
      <SubEventID>3</SubEventID>
      <Type>SuperSub</Type>
      <Uncertain>false</Uncertain>
    </HierarchyRelationInfo>
    <HierarchyRelationInfo>
      <SuperEventID>2</SuperEventID>
      <SubEventID>5</SubEventID>
      <Type>SuperSub</Type>
      <Uncertain>false</Uncertain>
    </HierarchyRelationInfo>
    <HierarchyRelationInfo>
      <SuperEventID>7</SuperEventID>
      <SubEventID>2</SubEventID>
      <Type>SuperSub</Type>
      <Uncertain>false</Uncertain>
    </HierarchyRelationInfo>
    <HierarchyRelationInfo>
      <SuperEventID>8</SuperEventID>
      <SubEventID>2</SubEventID>
      <Type>Coref</Type>
      <Uncertain>false</Uncertain>
    </HierarchyRelationInfo>
    <HierarchyRelationInfo>
      <SuperEventID>16</SuperEventID>
      <SubEventID>15</SubEventID>
      <Type>SuperSub</Type>
      <Uncertain>false</Uncertain>
    </HierarchyRelationInfo>
    <HierarchyRelationInfo>
      <SuperEventID>16</SuperEventID>
      <SubEventID>14</SubEventID>
      <Type>SuperSub</Type>
      <Uncertain>false</Uncertain>
    </HierarchyRelationInfo>
    <HierarchyRelationInfo>
      <SuperEventID>10</SuperEventID>
      <SubEventID>9</SubEventID>
      <Type>SuperSub</Type>
      <Uncertain>false</Uncertain>
    </HierarchyRelationInfo>
    <HierarchyRelationInfo>
      <SuperEventID>9</SuperEventID>
      <SubEventID>8</SubEventID>
      <Type>Coref</Type>
      <Uncertain>false</Uncertain>
    </HierarchyRelationInfo>
    <HierarchyRelationInfo>
      <SuperEventID>20</SuperEventID>
      <SubEventID>9</SubEventID>
      <Type>Coref</Type>
      <Uncertain>false</Uncertain>
    </HierarchyRelationInfo>
    <HierarchyRelationInfo>
      <SuperEventID>12</SuperEventID>
      <SubEventID>11</SubEventID>
      <Type>Coref</Type>
      <Uncertain>false</Uncertain>
    </HierarchyRelationInfo>
  </Relations>
</ArticleInfo>