<ArticleInfo>
  <Text>A teenager has admitted murdering twelve year old Michaela Davis in West Dublin last year. Jonathan Byrne also pleaded guilty to rape. The body of Michaela Davis was found on the bank of the Royal Canal near Clonsilla in August 2010. A post mortem found that she had been attacked, sexually abused and strangled. Byrne from Lohunda Downs in Clonsilla was remanded in custody for sentencing in December. At sentencing he will receive a mandatory life sentence and victim impact submissions will also be heard</Text>
  <Events>
    <EventMentionInfo>
      <ID>1</ID>
      <AnchorText>admitted</AnchorText>
      <Type>I_Action</Type>
      <Position>15</Position>
    </EventMentionInfo>
    <EventMentionInfo>
      <ID>2</ID>
      <AnchorText>murdering</AnchorText>
      <Type>Occurrence</Type>
      <Position>24</Position>
    </EventMentionInfo>
    <EventMentionInfo>
      <ID>3</ID>
      <AnchorText>pleaded</AnchorText>
      <Type>Reporting</Type>
      <Position>111</Position>
    </EventMentionInfo>
    <EventMentionInfo>
      <ID>4</ID>
      <AnchorText>rape</AnchorText>
      <Type>Occurrence</Type>
      <Position>129</Position>
    </EventMentionInfo>
    <EventMentionInfo>
      <ID>5</ID>
      <AnchorText>found</AnchorText>
      <Type>Occurrence</Type>
      <Position>166</Position>
    </EventMentionInfo>
    <EventMentionInfo>
      <ID>6</ID>
      <AnchorText>mortem</AnchorText>
      <Type>Occurrence</Type>
      <Position>241</Position>
    </EventMentionInfo>
    <EventMentionInfo>
      <ID>7</ID>
      <AnchorText>found</AnchorText>
      <Type>Perception</Type>
      <Position>248</Position>
    </EventMentionInfo>
    <EventMentionInfo>
      <ID>8</ID>
      <AnchorText>attacked</AnchorText>
      <Type>Occurrence</Type>
      <Position>272</Position>
    </EventMentionInfo>
    <EventMentionInfo>
      <ID>9</ID>
      <AnchorText>abused</AnchorText>
      <Type>Occurrence</Type>
      <Position>291</Position>
    </EventMentionInfo>
    <EventMentionInfo>
      <ID>10</ID>
      <AnchorText>strangled</AnchorText>
      <Type>Occurrence</Type>
      <Position>302</Position>
    </EventMentionInfo>
    <EventMentionInfo>
      <ID>11</ID>
      <AnchorText>remanded</AnchorText>
      <Type>I_Action</Type>
      <Position>355</Position>
    </EventMentionInfo>
  </Events>
  <Relations>
    <HierarchyRelationInfo>
      <SuperEventID>9</SuperEventID>
      <SubEventID>4</SubEventID>
      <Type>Coref</Type>
      <Uncertain>false</Uncertain>
      <Transitive>false</Transitive>
    </HierarchyRelationInfo>
    <HierarchyRelationInfo>
      <SuperEventID>10</SuperEventID>
      <SubEventID>2</SubEventID>
      <Type>Coref</Type>
      <Uncertain>false</Uncertain>
      <Transitive>false</Transitive>
    </HierarchyRelationInfo>
    <HierarchyRelationInfo>
      <SuperEventID>8</SuperEventID>
      <SubEventID>9</SubEventID>
      <Type>SuperSub</Type>
      <Uncertain>false</Uncertain>
      <Transitive>false</Transitive>
      <Comment>Suncana, </Comment>
    </HierarchyRelationInfo>
    <HierarchyRelationInfo>
      <SuperEventID>8</SuperEventID>
      <SubEventID>10</SubEventID>
      <Type>SuperSub</Type>
      <Uncertain>false</Uncertain>
      <Transitive>false</Transitive>
      <Comment>Suncana, </Comment>
    </HierarchyRelationInfo>
  </Relations>
</ArticleInfo>