<ArticleInfo>
  <Text>Ceremonies were scheduled from Pearl Harbor in Hawaii to Washington DC on the US East Coast to remember the 2,400 Americans who died on December 7, 1941 when Japan launched a devastating surprise offensive on the US Pacific Fleet. President Barack Obama called for the Stars and Stripes to be flown at half mast on federal buildings across the country, to mark National Pearl Harbor Remembrance Sunday. At exactly 7:55am (1745 GMT) on that fateful day, Japan awakened the American "sleeping giant," bombing the US Pacific Fleet anchored in Hawaii. In two hours some 20 ships were sunk or damaged and 164 planes destroyed. Of the 2,400 who died, nearly half were killed in a matter of seconds aboard the giant USS Arizona battleship, when a bomb detonated the ship's munitions depot, igniting a conflagration that burned for three days. Denouncing "a date which will live in infamy," president Franklin Roosevelt declared war on Japan, leading the United States into the Second World War at a time when many of his countrymen had hoped to avoid the conflict. Three days later, Germany declared war on the United States. The US entry was to change the course of the conflict. In Pearl Harbor on Wednesday, just west of Honolulu, a handful of USS Arizona survivors will join other military veterans to salute those who died in the attacks, an annual ceremony made more poignant by the 70th anniversary. In Washington, where a ceremony is scheduled at the US capital's World War II Memorial, Hawaiian-born Mr Obama paid tribute on Tuesday to "the more than 3,500 Americans killed or wounded during that deadly attack and... to the heroes whose courage ensured our nation would recover from this vicious blow. </Text>
  <Events>
    <EventMentionInfo>
      <ID>1</ID>
      <AnchorText>scheduled</AnchorText>
      <Type>I_Action</Type>
      <Position>16</Position>
    </EventMentionInfo>
    <EventMentionInfo>
      <ID>2</ID>
      <AnchorText>remember</AnchorText>
      <Type>Occurrence</Type>
      <Position>95</Position>
    </EventMentionInfo>
    <EventMentionInfo>
      <ID>3</ID>
      <AnchorText>died</AnchorText>
      <Type>Occurrence</Type>
      <Position>128</Position>
    </EventMentionInfo>
    <EventMentionInfo>
      <ID>4</ID>
      <AnchorText>launched</AnchorText>
      <Type>I_Action</Type>
      <Position>164</Position>
    </EventMentionInfo>
    <EventMentionInfo>
      <ID>5</ID>
      <AnchorText>offensive</AnchorText>
      <Type>Occurrence</Type>
      <Position>196</Position>
    </EventMentionInfo>
    <EventMentionInfo>
      <ID>6</ID>
      <AnchorText>called</AnchorText>
      <Type>I_Action</Type>
      <Position>254</Position>
    </EventMentionInfo>
    <EventMentionInfo>
      <ID>7</ID>
      <AnchorText>awakened</AnchorText>
      <Type>Occurrence</Type>
      <Position>459</Position>
    </EventMentionInfo>
    <EventMentionInfo>
      <ID>8</ID>
      <AnchorText>bombing</AnchorText>
      <Type>Occurrence</Type>
      <Position>499</Position>
    </EventMentionInfo>
    <EventMentionInfo>
      <ID>9</ID>
      <AnchorText>sunk</AnchorText>
      <Type>Occurrence</Type>
      <Position>580</Position>
    </EventMentionInfo>
    <EventMentionInfo>
      <ID>10</ID>
      <AnchorText>damaged</AnchorText>
      <Type>Occurrence</Type>
      <Position>588</Position>
    </EventMentionInfo>
    <EventMentionInfo>
      <ID>11</ID>
      <AnchorText>destroyed</AnchorText>
      <Type>Occurrence</Type>
      <Position>611</Position>
    </EventMentionInfo>
    <EventMentionInfo>
      <ID>12</ID>
      <AnchorText>died</AnchorText>
      <Type>Occurrence</Type>
      <Position>639</Position>
    </EventMentionInfo>
    <EventMentionInfo>
      <ID>13</ID>
      <AnchorText>killed</AnchorText>
      <Type>Occurrence</Type>
      <Position>662</Position>
    </EventMentionInfo>
    <EventMentionInfo>
      <ID>14</ID>
      <AnchorText>detonated</AnchorText>
      <Type>Occurrence</Type>
      <Position>745</Position>
    </EventMentionInfo>
    <EventMentionInfo>
      <ID>15</ID>
      <AnchorText>igniting</AnchorText>
      <Type>I_Action</Type>
      <Position>783</Position>
    </EventMentionInfo>
    <EventMentionInfo>
      <ID>16</ID>
      <AnchorText>conflagration</AnchorText>
      <Type>Occurrence</Type>
      <Position>794</Position>
    </EventMentionInfo>
    <EventMentionInfo>
      <ID>17</ID>
      <AnchorText>burned</AnchorText>
      <Type>Occurrence</Type>
      <Position>813</Position>
    </EventMentionInfo>
    <EventMentionInfo>
      <ID>18</ID>
      <AnchorText>Denouncing</AnchorText>
      <Type>Occurrence</Type>
      <Position>836</Position>
    </EventMentionInfo>
    <EventMentionInfo>
      <ID>19</ID>
      <AnchorText>declared</AnchorText>
      <Type>Occurrence</Type>
      <Position>912</Position>
    </EventMentionInfo>
    <EventMentionInfo>
      <ID>20</ID>
      <AnchorText>leading</AnchorText>
      <Type>Occurrence</Type>
      <Position>935</Position>
    </EventMentionInfo>
    <EventMentionInfo>
      <ID>21</ID>
      <AnchorText>War</AnchorText>
      <Type>Occurrence</Type>
      <Position>983</Position>
    </EventMentionInfo>
    <EventMentionInfo>
      <ID>22</ID>
      <AnchorText>conflict</AnchorText>
      <Type>Occurrence</Type>
      <Position>1048</Position>
    </EventMentionInfo>
    <EventMentionInfo>
      <ID>23</ID>
      <AnchorText>declared</AnchorText>
      <Type>Occurrence</Type>
      <Position>1084</Position>
    </EventMentionInfo>
    <EventMentionInfo>
      <ID>24</ID>
      <AnchorText>entry</AnchorText>
      <Type>Occurrence</Type>
      <Position>1126</Position>
    </EventMentionInfo>
    <EventMentionInfo>
      <ID>25</ID>
      <AnchorText>change</AnchorText>
      <Type>StateChange</Type>
      <Position>1139</Position>
    </EventMentionInfo>
    <EventMentionInfo>
      <ID>26</ID>
      <AnchorText>conflict</AnchorText>
      <Type>Occurrence</Type>
      <Position>1164</Position>
    </EventMentionInfo>
    <EventMentionInfo>
      <ID>27</ID>
      <AnchorText>died</AnchorText>
      <Type>Occurrence</Type>
      <Position>1316</Position>
    </EventMentionInfo>
    <EventMentionInfo>
      <ID>28</ID>
      <AnchorText>attacks</AnchorText>
      <Type>Occurrence</Type>
      <Position>1328</Position>
    </EventMentionInfo>
    <EventMentionInfo>
      <ID>29</ID>
      <AnchorText>scheduled</AnchorText>
      <Type>Occurrence</Type>
      <Position>1435</Position>
    </EventMentionInfo>
    <EventMentionInfo>
      <ID>30</ID>
      <AnchorText>paid</AnchorText>
      <Type>I_Action</Type>
      <Position>1511</Position>
    </EventMentionInfo>
    <EventMentionInfo>
      <ID>31</ID>
      <AnchorText>tribute</AnchorText>
      <Type>Occurrence</Type>
      <Position>1516</Position>
    </EventMentionInfo>
    <EventMentionInfo>
      <ID>32</ID>
      <AnchorText>killed</AnchorText>
      <Type>Occurrence</Type>
      <Position>1569</Position>
    </EventMentionInfo>
    <EventMentionInfo>
      <ID>33</ID>
      <AnchorText>wounded</AnchorText>
      <Type>Occurrence</Type>
      <Position>1579</Position>
    </EventMentionInfo>
    <EventMentionInfo>
      <ID>34</ID>
      <AnchorText>attack</AnchorText>
      <Type>Occurrence</Type>
      <Position>1606</Position>
    </EventMentionInfo>
    <EventMentionInfo>
      <ID>35</ID>
      <AnchorText>ensured</AnchorText>
      <Type>I_Action</Type>
      <Position>1648</Position>
    </EventMentionInfo>
    <EventMentionInfo>
      <ID>36</ID>
      <AnchorText>recover</AnchorText>
      <Type>Occurrence</Type>
      <Position>1673</Position>
    </EventMentionInfo>
    <EventMentionInfo>
      <ID>37</ID>
      <AnchorText>blow</AnchorText>
      <Type>Occurrence</Type>
      <Position>1699</Position>
    </EventMentionInfo>
  </Events>
  <Relations>
    <HierarchyRelationInfo>
      <SuperEventID>5</SuperEventID>
      <SubEventID>7</SubEventID>
      <Type>SuperSub</Type>
      <Uncertain>false</Uncertain>
    </HierarchyRelationInfo>
    <HierarchyRelationInfo>
      <SuperEventID>8</SuperEventID>
      <SubEventID>3</SubEventID>
      <Type>SuperSub</Type>
      <Uncertain>false</Uncertain>
    </HierarchyRelationInfo>
    <HierarchyRelationInfo>
      <SuperEventID>8</SuperEventID>
      <SubEventID>9</SubEventID>
      <Type>SuperSub</Type>
      <Uncertain>false</Uncertain>
    </HierarchyRelationInfo>
    <HierarchyRelationInfo>
      <SuperEventID>8</SuperEventID>
      <SubEventID>10</SubEventID>
      <Type>SuperSub</Type>
      <Uncertain>false</Uncertain>
    </HierarchyRelationInfo>
    <HierarchyRelationInfo>
      <SuperEventID>8</SuperEventID>
      <SubEventID>11</SubEventID>
      <Type>SuperSub</Type>
      <Uncertain>false</Uncertain>
    </HierarchyRelationInfo>
    <HierarchyRelationInfo>
      <SuperEventID>3</SuperEventID>
      <SubEventID>12</SubEventID>
      <Type>Coref</Type>
      <Uncertain>false</Uncertain>
    </HierarchyRelationInfo>
    <HierarchyRelationInfo>
      <SuperEventID>8</SuperEventID>
      <SubEventID>14</SubEventID>
      <Type>SuperSub</Type>
      <Uncertain>false</Uncertain>
    </HierarchyRelationInfo>
    <HierarchyRelationInfo>
      <SuperEventID>14</SuperEventID>
      <SubEventID>13</SubEventID>
      <Type>SuperSub</Type>
      <Uncertain>false</Uncertain>
    </HierarchyRelationInfo>
    <HierarchyRelationInfo>
      <SuperEventID>14</SuperEventID>
      <SubEventID>16</SubEventID>
      <Type>SuperSub</Type>
      <Uncertain>false</Uncertain>
    </HierarchyRelationInfo>
    <HierarchyRelationInfo>
      <SuperEventID>19</SuperEventID>
      <SubEventID>18</SubEventID>
      <Type>SuperSub</Type>
      <Uncertain>false</Uncertain>
    </HierarchyRelationInfo>
    <HierarchyRelationInfo>
      <SuperEventID>22</SuperEventID>
      <SubEventID>21</SubEventID>
      <Type>Coref</Type>
      <Uncertain>false</Uncertain>
    </HierarchyRelationInfo>
    <HierarchyRelationInfo>
      <SuperEventID>22</SuperEventID>
      <SubEventID>23</SubEventID>
      <Type>SuperSub</Type>
      <Uncertain>false</Uncertain>
    </HierarchyRelationInfo>
    <HierarchyRelationInfo>
      <SuperEventID>20</SuperEventID>
      <SubEventID>24</SubEventID>
      <Type>Coref</Type>
      <Uncertain>false</Uncertain>
    </HierarchyRelationInfo>
    <HierarchyRelationInfo>
      <SuperEventID>22</SuperEventID>
      <SubEventID>24</SubEventID>
      <Type>SuperSub</Type>
      <Uncertain>false</Uncertain>
    </HierarchyRelationInfo>
    <HierarchyRelationInfo>
      <SuperEventID>22</SuperEventID>
      <SubEventID>25</SubEventID>
      <Type>SuperSub</Type>
      <Uncertain>false</Uncertain>
    </HierarchyRelationInfo>
    <HierarchyRelationInfo>
      <SuperEventID>22</SuperEventID>
      <SubEventID>26</SubEventID>
      <Type>Coref</Type>
      <Uncertain>false</Uncertain>
    </HierarchyRelationInfo>
    <HierarchyRelationInfo>
      <SuperEventID>27</SuperEventID>
      <SubEventID>12</SubEventID>
      <Type>Coref</Type>
      <Uncertain>false</Uncertain>
    </HierarchyRelationInfo>
    <HierarchyRelationInfo>
      <SuperEventID>28</SuperEventID>
      <SubEventID>5</SubEventID>
      <Type>Coref</Type>
      <Uncertain>false</Uncertain>
    </HierarchyRelationInfo>
    <HierarchyRelationInfo>
      <SuperEventID>2</SuperEventID>
      <SubEventID>31</SubEventID>
      <Type>SuperSub</Type>
      <Uncertain>false</Uncertain>
    </HierarchyRelationInfo>
    <HierarchyRelationInfo>
      <SuperEventID>34</SuperEventID>
      <SubEventID>32</SubEventID>
      <Type>SuperSub</Type>
      <Uncertain>false</Uncertain>
    </HierarchyRelationInfo>
    <HierarchyRelationInfo>
      <SuperEventID>34</SuperEventID>
      <SubEventID>33</SubEventID>
      <Type>SuperSub</Type>
      <Uncertain>false</Uncertain>
    </HierarchyRelationInfo>
    <HierarchyRelationInfo>
      <SuperEventID>5</SuperEventID>
      <SubEventID>8</SubEventID>
      <Type>Coref</Type>
      <Uncertain>false</Uncertain>
    </HierarchyRelationInfo>
    <HierarchyRelationInfo>
      <SuperEventID>34</SuperEventID>
      <SubEventID>28</SubEventID>
      <Type>Coref</Type>
      <Uncertain>false</Uncertain>
    </HierarchyRelationInfo>
    <HierarchyRelationInfo>
      <SuperEventID>37</SuperEventID>
      <SubEventID>34</SubEventID>
      <Type>Coref</Type>
      <Uncertain>false</Uncertain>
    </HierarchyRelationInfo>
  </Relations>
</ArticleInfo>