<ArticleInfo>
  <Text>Dozens of bodies were dumped in the streets of a Syrian city at the heart of the country's nine-month-old uprising, a grim sign that sectarian bloodshed is escalating. The discovery in the streets of Homs came as the United States stepped up pressure on the regime of President Bashar Assad to end its crackdown on the anti-government protests. US Secretary of State Hillary Clinton met in Geneva with Syrian opposition figures and Washington said it was sending its ambassador back to Damascus. Up to 50 people were killed in Homs on Monday, but details about what happened in Syria's third-largest city only came to light today with reports of retaliatory attacks pitting members of the Alawite sect against Sunnis. The sectarian violence is a dire development in Syria, and one that opposition members say plays directly into the regime's hands. Since the uprising began, Mr Assad portrayed himself as the lone force who can ward off the radicalism and sectarianism that have bedevilled neighbours in Iraq and Lebanon. Opposition figures have accused Mr Assad's minority Alawite regime of trying to stir up trouble with the Sunni majority to blunt enthusiasm for the uprising. "It was an insane escalation," activist Mohamed Saleh said by telephone from Homs. "There were kidnappings and killings in a mad way. People are afraid to go out of their homes." Thirty-four of the dead were shot execution-style, their bodies dumped in a public square, according to Mr Saleh and others who monitor the violence, including the British-based Syrian Observatory for Human Rights. A Homs government official confirmed only that 43 bodies were found on Monday in Homs. With 4,000 people dead across Syria in the uprising, the conflict is no longer just a matter of government forces firing on peaceful protesters looking to topple Mr Assad's autocratic regime. The government also has been facing strong resistance from army defectors who have taken refuge in Homs. But sectarian overtones are building as well, because the uprising has unearthed long-simmering grievances that are now exploding into violence. The Arab League has piled on economic sanctions to try to end the violence, adding to measures already taken by the US, European Union, Turkey and others. </Text>
  <Events>
    <EventMentionInfo>
      <ID>1</ID>
      <AnchorText>dumped</AnchorText>
      <Type>Occurrence</Type>
      <Position>22</Position>
    </EventMentionInfo>
    <EventMentionInfo>
      <ID>2</ID>
      <AnchorText>uprising</AnchorText>
      <Type>Occurrence</Type>
      <Position>106</Position>
    </EventMentionInfo>
    <EventMentionInfo>
      <ID>3</ID>
      <AnchorText>bloodshed</AnchorText>
      <Type>Occurrence</Type>
      <Position>143</Position>
    </EventMentionInfo>
    <EventMentionInfo>
      <ID>4</ID>
      <AnchorText>escalating</AnchorText>
      <Type>StateChange</Type>
      <Position>156</Position>
    </EventMentionInfo>
    <EventMentionInfo>
      <ID>5</ID>
      <AnchorText>discovery</AnchorText>
      <Type>Occurrence</Type>
      <Position>172</Position>
    </EventMentionInfo>
    <EventMentionInfo>
      <ID>6</ID>
      <AnchorText>came</AnchorText>
      <Type>I_Action</Type>
      <Position>205</Position>
    </EventMentionInfo>
    <EventMentionInfo>
      <ID>7</ID>
      <AnchorText>stepped</AnchorText>
      <Type>I_Action</Type>
      <Position>231</Position>
    </EventMentionInfo>
    <EventMentionInfo>
      <ID>8</ID>
      <AnchorText>pressure</AnchorText>
      <Type>HalfGeneric</Type>
      <Position>242</Position>
    </EventMentionInfo>
    <EventMentionInfo>
      <ID>9</ID>
      <AnchorText>crackdown</AnchorText>
      <Type>Occurrence</Type>
      <Position>302</Position>
    </EventMentionInfo>
    <EventMentionInfo>
      <ID>10</ID>
      <AnchorText>protests</AnchorText>
      <Type>HalfGeneric</Type>
      <Position>335</Position>
    </EventMentionInfo>
    <EventMentionInfo>
      <ID>11</ID>
      <AnchorText>met</AnchorText>
      <Type>Occurrence</Type>
      <Position>383</Position>
    </EventMentionInfo>
    <EventMentionInfo>
      <ID>12</ID>
      <AnchorText>said</AnchorText>
      <Type>Reporting</Type>
      <Position>443</Position>
    </EventMentionInfo>
    <EventMentionInfo>
      <ID>13</ID>
      <AnchorText>killed</AnchorText>
      <Type>Occurrence</Type>
      <Position>517</Position>
    </EventMentionInfo>
    <EventMentionInfo>
      <ID>14</ID>
      <AnchorText>came</AnchorText>
      <Type>Occurrence</Type>
      <Position>610</Position>
    </EventMentionInfo>
    <EventMentionInfo>
      <ID>15</ID>
      <AnchorText>reports</AnchorText>
      <Type>HalfGeneric</Type>
      <Position>635</Position>
    </EventMentionInfo>
    <EventMentionInfo>
      <ID>16</ID>
      <AnchorText>attacks</AnchorText>
      <Type>HalfGeneric</Type>
      <Position>658</Position>
    </EventMentionInfo>
    <EventMentionInfo>
      <ID>17</ID>
      <AnchorText>say</AnchorText>
      <Type>Reporting</Type>
      <Position>805</Position>
    </EventMentionInfo>
    <EventMentionInfo>
      <ID>18</ID>
      <AnchorText>uprising</AnchorText>
      <Type>Occurrence</Type>
      <Position>859</Position>
    </EventMentionInfo>
    <EventMentionInfo>
      <ID>19</ID>
      <AnchorText>began</AnchorText>
      <Type>I_Action</Type>
      <Position>868</Position>
    </EventMentionInfo>
    <EventMentionInfo>
      <ID>20</ID>
      <AnchorText>portrayed</AnchorText>
      <Type>Occurrence</Type>
      <Position>884</Position>
    </EventMentionInfo>
    <EventMentionInfo>
      <ID>21</ID>
      <AnchorText>accused</AnchorText>
      <Type>I_Action</Type>
      <Position>1046</Position>
    </EventMentionInfo>
    <EventMentionInfo>
      <ID>22</ID>
      <AnchorText>uprising</AnchorText>
      <Type>Occurrence</Type>
      <Position>1170</Position>
    </EventMentionInfo>
    <EventMentionInfo>
      <ID>23</ID>
      <AnchorText>escalation</AnchorText>
      <Type>Occurrence</Type>
      <Position>1198</Position>
    </EventMentionInfo>
    <EventMentionInfo>
      <ID>24</ID>
      <AnchorText>said</AnchorText>
      <Type>Reporting</Type>
      <Position>1234</Position>
    </EventMentionInfo>
    <EventMentionInfo>
      <ID>25</ID>
      <AnchorText>kidnappings</AnchorText>
      <Type>HalfGeneric</Type>
      <Position>1275</Position>
    </EventMentionInfo>
    <EventMentionInfo>
      <ID>26</ID>
      <AnchorText>killings</AnchorText>
      <Type>HalfGeneric</Type>
      <Position>1291</Position>
    </EventMentionInfo>
    <EventMentionInfo>
      <ID>27</ID>
      <AnchorText>shot</AnchorText>
      <Type>Occurrence</Type>
      <Position>1388</Position>
    </EventMentionInfo>
    <EventMentionInfo>
      <ID>28</ID>
      <AnchorText>dumped</AnchorText>
      <Type>Occurrence</Type>
      <Position>1423</Position>
    </EventMentionInfo>
    <EventMentionInfo>
      <ID>29</ID>
      <AnchorText>confirmed</AnchorText>
      <Type>Reporting</Type>
      <Position>1601</Position>
    </EventMentionInfo>
    <EventMentionInfo>
      <ID>30</ID>
      <AnchorText>found</AnchorText>
      <Type>Occurrence</Type>
      <Position>1636</Position>
    </EventMentionInfo>
    <EventMentionInfo>
      <ID>31</ID>
      <AnchorText>uprising</AnchorText>
      <Type>Occurrence</Type>
      <Position>1704</Position>
    </EventMentionInfo>
    <EventMentionInfo>
      <ID>32</ID>
      <AnchorText>conflict</AnchorText>
      <Type>Occurrence</Type>
      <Position>1718</Position>
    </EventMentionInfo>
    <EventMentionInfo>
      <ID>33</ID>
      <AnchorText>taken</AnchorText>
      <Type>Occurrence</Type>
      <Position>1936</Position>
    </EventMentionInfo>
    <EventMentionInfo>
      <ID>34</ID>
      <AnchorText>building</AnchorText>
      <Type>Occurrence</Type>
      <Position>1986</Position>
    </EventMentionInfo>
    <EventMentionInfo>
      <ID>35</ID>
      <AnchorText>uprising</AnchorText>
      <Type>Occurrence</Type>
      <Position>2016</Position>
    </EventMentionInfo>
    <EventMentionInfo>
      <ID>36</ID>
      <AnchorText>unearthed</AnchorText>
      <Type>Occurrence</Type>
      <Position>2029</Position>
    </EventMentionInfo>
    <EventMentionInfo>
      <ID>37</ID>
      <AnchorText>exploding</AnchorText>
      <Type>StateChange</Type>
      <Position>2078</Position>
    </EventMentionInfo>
    <EventMentionInfo>
      <ID>38</ID>
      <AnchorText>piled</AnchorText>
      <Type>I_Action</Type>
      <Position>2123</Position>
    </EventMentionInfo>
    <EventMentionInfo>
      <ID>39</ID>
      <AnchorText>sanctions</AnchorText>
      <Type>HalfGeneric</Type>
      <Position>2141</Position>
    </EventMentionInfo>
    <EventMentionInfo>
      <ID>40</ID>
      <AnchorText>adding</AnchorText>
      <Type>I_Action</Type>
      <Position>2179</Position>
    </EventMentionInfo>
    <EventMentionInfo>
      <ID>41</ID>
      <AnchorText>measures</AnchorText>
      <Type>HalfGeneric</Type>
      <Position>2189</Position>
    </EventMentionInfo>
    <EventMentionInfo>
      <ID>42</ID>
      <AnchorText>taken</AnchorText>
      <Type>I_Action</Type>
      <Position>2206</Position>
    </EventMentionInfo>
  </Events>
  <Relations>
    <HierarchyRelationInfo>
      <SuperEventID>2</SuperEventID>
      <SubEventID>1</SubEventID>
      <Type>SuperSub</Type>
      <Uncertain>false</Uncertain>
    </HierarchyRelationInfo>
    <HierarchyRelationInfo>
      <SuperEventID>2</SuperEventID>
      <SubEventID>3</SubEventID>
      <Type>SuperSub</Type>
      <Uncertain>false</Uncertain>
    </HierarchyRelationInfo>
    <HierarchyRelationInfo>
      <SuperEventID>3</SuperEventID>
      <SubEventID>4</SubEventID>
      <Type>SuperSub</Type>
      <Uncertain>false</Uncertain>
    </HierarchyRelationInfo>
    <HierarchyRelationInfo>
      <SuperEventID>2</SuperEventID>
      <SubEventID>9</SubEventID>
      <Type>SuperSub</Type>
      <Uncertain>false</Uncertain>
    </HierarchyRelationInfo>
    <HierarchyRelationInfo>
      <SuperEventID>2</SuperEventID>
      <SubEventID>10</SubEventID>
      <Type>SuperSub</Type>
      <Uncertain>false</Uncertain>
    </HierarchyRelationInfo>
    <HierarchyRelationInfo>
      <SuperEventID>16</SuperEventID>
      <SubEventID>15</SubEventID>
      <Type>SuperSub</Type>
      <Uncertain>false</Uncertain>
    </HierarchyRelationInfo>
    <HierarchyRelationInfo>
      <SuperEventID>2</SuperEventID>
      <SubEventID>16</SubEventID>
      <Type>SuperSub</Type>
      <Uncertain>false</Uncertain>
    </HierarchyRelationInfo>
    <HierarchyRelationInfo>
      <SuperEventID>15</SuperEventID>
      <SubEventID>14</SubEventID>
      <Type>SuperSub</Type>
      <Uncertain>false</Uncertain>
    </HierarchyRelationInfo>
    <HierarchyRelationInfo>
      <SuperEventID>18</SuperEventID>
      <SubEventID>2</SubEventID>
      <Type>Coref</Type>
      <Uncertain>false</Uncertain>
    </HierarchyRelationInfo>
    <HierarchyRelationInfo>
      <SuperEventID>18</SuperEventID>
      <SubEventID>20</SubEventID>
      <Type>SuperSub</Type>
      <Uncertain>false</Uncertain>
    </HierarchyRelationInfo>
    <HierarchyRelationInfo>
      <SuperEventID>22</SuperEventID>
      <SubEventID>18</SubEventID>
      <Type>Coref</Type>
      <Uncertain>false</Uncertain>
    </HierarchyRelationInfo>
    <HierarchyRelationInfo>
      <SuperEventID>23</SuperEventID>
      <SubEventID>4</SubEventID>
      <Type>Coref</Type>
      <Uncertain>false</Uncertain>
    </HierarchyRelationInfo>
    <HierarchyRelationInfo>
      <SuperEventID>23</SuperEventID>
      <SubEventID>25</SubEventID>
      <Type>SuperSub</Type>
      <Uncertain>false</Uncertain>
    </HierarchyRelationInfo>
    <HierarchyRelationInfo>
      <SuperEventID>23</SuperEventID>
      <SubEventID>26</SubEventID>
      <Type>SuperSub</Type>
      <Uncertain>false</Uncertain>
    </HierarchyRelationInfo>
    <HierarchyRelationInfo>
      <SuperEventID>3</SuperEventID>
      <SubEventID>13</SubEventID>
      <Type>SuperSub</Type>
      <Uncertain>false</Uncertain>
    </HierarchyRelationInfo>
    <HierarchyRelationInfo>
      <SuperEventID>28</SuperEventID>
      <SubEventID>1</SubEventID>
      <Type>Coref</Type>
      <Uncertain>false</Uncertain>
    </HierarchyRelationInfo>
    <HierarchyRelationInfo>
      <SuperEventID>13</SuperEventID>
      <SubEventID>27</SubEventID>
      <Type>SuperSub</Type>
      <Uncertain>false</Uncertain>
    </HierarchyRelationInfo>
    <HierarchyRelationInfo>
      <SuperEventID>30</SuperEventID>
      <SubEventID>5</SubEventID>
      <Type>Coref</Type>
      <Uncertain>false</Uncertain>
    </HierarchyRelationInfo>
    <HierarchyRelationInfo>
      <SuperEventID>2</SuperEventID>
      <SubEventID>5</SubEventID>
      <Type>SuperSub</Type>
      <Uncertain>false</Uncertain>
    </HierarchyRelationInfo>
    <HierarchyRelationInfo>
      <SuperEventID>31</SuperEventID>
      <SubEventID>18</SubEventID>
      <Type>Coref</Type>
      <Uncertain>false</Uncertain>
    </HierarchyRelationInfo>
    <HierarchyRelationInfo>
      <SuperEventID>31</SuperEventID>
      <SubEventID>32</SubEventID>
      <Type>SuperSub</Type>
      <Uncertain>false</Uncertain>
    </HierarchyRelationInfo>
    <HierarchyRelationInfo>
      <SuperEventID>31</SuperEventID>
      <SubEventID>33</SubEventID>
      <Type>SuperSub</Type>
      <Uncertain>false</Uncertain>
    </HierarchyRelationInfo>
    <HierarchyRelationInfo>
      <SuperEventID>31</SuperEventID>
      <SubEventID>34</SubEventID>
      <Type>SuperSub</Type>
      <Uncertain>false</Uncertain>
    </HierarchyRelationInfo>
    <HierarchyRelationInfo>
      <SuperEventID>35</SuperEventID>
      <SubEventID>31</SubEventID>
      <Type>Coref</Type>
      <Uncertain>false</Uncertain>
    </HierarchyRelationInfo>
    <HierarchyRelationInfo>
      <SuperEventID>35</SuperEventID>
      <SubEventID>36</SubEventID>
      <Type>SuperSub</Type>
      <Uncertain>false</Uncertain>
    </HierarchyRelationInfo>
    <HierarchyRelationInfo>
      <SuperEventID>35</SuperEventID>
      <SubEventID>37</SubEventID>
      <Type>SuperSub</Type>
      <Uncertain>false</Uncertain>
    </HierarchyRelationInfo>
  </Relations>
</ArticleInfo>