<ArticleInfo>
  <Text>A typhoon-strength storm brought travel chaos to Japan on Tuesday, as violent winds and rain killed one man and left tens of thousands of people stranded. Gusts of up to 150 kilometers per hour have been recorded in western Japan, with coastal areas likely seeing even stronger winds, Japan's weather agency said. With the agency warning of possible tornadoes in the western half of Japan, airlines grounded over 550 flights and a number of train services were suspended. An 81-year-old man died in central Toyama Prefecture when the wind blew over a shed, trapping him underneath, police said. Forecasters said an expanding low pressure system in the Sea of Japan (East Sea) was forcing a cold front over the country, where it was bringing heavy rains and strong winds. "This is like the core of a typhoon, but it is staying for a long time, whereas a typhoon usually moves rather quickly," a spokesman for the Japan Meteorological Agency said. "Winds as strong as this are very rare," he said. The meteorological agency said on its website the strong winds would move northwards into Wednesday, producing waves up to 10 meters high. "In particular, ferocious winds are expected at sea (in the north) on the Sea of Japan side. Please be extremely wary of violent winds and high waves." The agency also warned heavy rain could trigger landslides and flooding. Japan Airlines canceled 230 domestic and seven Asia-bound flights, affecting 31,600 passengers. All Nippon Airways grounded 320 domestic flights, affecting 37,700 people. East Japan Railways, which operates a vast train network in the eastern and northern regions, including Tokyo, canceled some commuter lines and a number of long-distance services. The nation's main bullet train, linking Tokyo and Osaka, was experiencing delays after a brief suspension, but was running as of early evening. At least 97 people suffered injuries across the country, knocked over by sudden gusts or hit by flying debris, national broadcaster NHK said. A number of trucks were toppled by the winds, creating localised traffic jams in Toyama Prefecture. NHK also reported a recently-constructed 10,000-ton tanker, which was moored off Ehime prefecture, had run aground. Many companies sent employees home early. Canon told about 14,000 workers mostly in Tokyo and neighboring Kanagawa Prefecture to leave before the storm worsened. "Most of them use public transportation to commute. The rain isn't so strong yet (in Tokyo) but the storm is likely to intensify and could disrupt train and other services," said company spokesman Hirotomo Fujimori, adding the early finish was to allow staff to get home. </Text>
  <Events>
    <EventMentionInfo>
      <ID>1</ID>
      <AnchorText>storm</AnchorText>
      <Type>Occurrence</Type>
      <Position>19</Position>
    </EventMentionInfo>
    <EventMentionInfo>
      <ID>2</ID>
      <AnchorText>brought</AnchorText>
      <Type>I_Action</Type>
      <Position>25</Position>
    </EventMentionInfo>
    <EventMentionInfo>
      <ID>3</ID>
      <AnchorText>chaos</AnchorText>
      <Type>Occurrence</Type>
      <Position>40</Position>
    </EventMentionInfo>
    <EventMentionInfo>
      <ID>4</ID>
      <AnchorText>killed</AnchorText>
      <Type>Occurrence</Type>
      <Position>93</Position>
    </EventMentionInfo>
    <EventMentionInfo>
      <ID>5</ID>
      <AnchorText>Gusts</AnchorText>
      <Type>Occurrence</Type>
      <Position>155</Position>
    </EventMentionInfo>
    <EventMentionInfo>
      <ID>6</ID>
      <AnchorText>recorded</AnchorText>
      <Type>Occurrence</Type>
      <Position>204</Position>
    </EventMentionInfo>
    <EventMentionInfo>
      <ID>7</ID>
      <AnchorText>said</AnchorText>
      <Type>Reporting</Type>
      <Position>308</Position>
    </EventMentionInfo>
    <EventMentionInfo>
      <ID>8</ID>
      <AnchorText>warning</AnchorText>
      <Type>Occurrence</Type>
      <Position>330</Position>
    </EventMentionInfo>
    <EventMentionInfo>
      <ID>9</ID>
      <AnchorText>grounded</AnchorText>
      <Type>Occurrence</Type>
      <Position>399</Position>
    </EventMentionInfo>
    <EventMentionInfo>
      <ID>10</ID>
      <AnchorText>suspended</AnchorText>
      <Type>Occurrence</Type>
      <Position>461</Position>
    </EventMentionInfo>
    <EventMentionInfo>
      <ID>11</ID>
      <AnchorText>died</AnchorText>
      <Type>Occurrence</Type>
      <Position>491</Position>
    </EventMentionInfo>
    <EventMentionInfo>
      <ID>12</ID>
      <AnchorText>blew</AnchorText>
      <Type>Occurrence</Type>
      <Position>539</Position>
    </EventMentionInfo>
    <EventMentionInfo>
      <ID>13</ID>
      <AnchorText>trapping</AnchorText>
      <Type>Occurrence</Type>
      <Position>557</Position>
    </EventMentionInfo>
    <EventMentionInfo>
      <ID>14</ID>
      <AnchorText>said</AnchorText>
      <Type>Reporting</Type>
      <Position>589</Position>
    </EventMentionInfo>
    <EventMentionInfo>
      <ID>15</ID>
      <AnchorText>said</AnchorText>
      <Type>Reporting</Type>
      <Position>607</Position>
    </EventMentionInfo>
    <EventMentionInfo>
      <ID>16</ID>
      <AnchorText>expanding</AnchorText>
      <Type>StateChange</Type>
      <Position>615</Position>
    </EventMentionInfo>
    <EventMentionInfo>
      <ID>17</ID>
      <AnchorText>forcing</AnchorText>
      <Type>I_Action</Type>
      <Position>680</Position>
    </EventMentionInfo>
    <EventMentionInfo>
      <ID>18</ID>
      <AnchorText>bringing</AnchorText>
      <Type>I_Action</Type>
      <Position>732</Position>
    </EventMentionInfo>
    <EventMentionInfo>
      <ID>19</ID>
      <AnchorText>said</AnchorText>
      <Type>Reporting</Type>
      <Position>940</Position>
    </EventMentionInfo>
    <EventMentionInfo>
      <ID>20</ID>
      <AnchorText>said</AnchorText>
      <Type>Reporting</Type>
      <Position>990</Position>
    </EventMentionInfo>
    <EventMentionInfo>
      <ID>21</ID>
      <AnchorText>said</AnchorText>
      <Type>Reporting</Type>
      <Position>1022</Position>
    </EventMentionInfo>
    <EventMentionInfo>
      <ID>22</ID>
      <AnchorText>warned</AnchorText>
      <Type>Occurrence</Type>
      <Position>1303</Position>
    </EventMentionInfo>
    <EventMentionInfo>
      <ID>23</ID>
      <AnchorText>canceled</AnchorText>
      <Type>Occurrence</Type>
      <Position>1375</Position>
    </EventMentionInfo>
    <EventMentionInfo>
      <ID>24</ID>
      <AnchorText>grounded</AnchorText>
      <Type>Occurrence</Type>
      <Position>1475</Position>
    </EventMentionInfo>
    <EventMentionInfo>
      <ID>25</ID>
      <AnchorText>canceled</AnchorText>
      <Type>Occurrence</Type>
      <Position>1642</Position>
    </EventMentionInfo>
    <EventMentionInfo>
      <ID>26</ID>
      <AnchorText>delays</AnchorText>
      <Type>HalfGeneric</Type>
      <Position>1785</Position>
    </EventMentionInfo>
    <EventMentionInfo>
      <ID>27</ID>
      <AnchorText>suspension</AnchorText>
      <Type>Occurrence</Type>
      <Position>1806</Position>
    </EventMentionInfo>
    <EventMentionInfo>
      <ID>28</ID>
      <AnchorText>suffered</AnchorText>
      <Type>I_Action</Type>
      <Position>1874</Position>
    </EventMentionInfo>
    <EventMentionInfo>
      <ID>29</ID>
      <AnchorText>knocked</AnchorText>
      <Type>Occurrence</Type>
      <Position>1912</Position>
    </EventMentionInfo>
    <EventMentionInfo>
      <ID>30</ID>
      <AnchorText>hit</AnchorText>
      <Type>Occurrence</Type>
      <Position>1944</Position>
    </EventMentionInfo>
    <EventMentionInfo>
      <ID>31</ID>
      <AnchorText>said</AnchorText>
      <Type>Reporting</Type>
      <Position>1991</Position>
    </EventMentionInfo>
    <EventMentionInfo>
      <ID>32</ID>
      <AnchorText>toppled</AnchorText>
      <Type>Occurrence</Type>
      <Position>2021</Position>
    </EventMentionInfo>
    <EventMentionInfo>
      <ID>33</ID>
      <AnchorText>creating</AnchorText>
      <Type>I_Action</Type>
      <Position>2043</Position>
    </EventMentionInfo>
    <EventMentionInfo>
      <ID>34</ID>
      <AnchorText>jams</AnchorText>
      <Type>HalfGeneric</Type>
      <Position>2070</Position>
    </EventMentionInfo>
    <EventMentionInfo>
      <ID>35</ID>
      <AnchorText>reported</AnchorText>
      <Type>Reporting</Type>
      <Position>2106</Position>
    </EventMentionInfo>
    <EventMentionInfo>
      <ID>36</ID>
      <AnchorText>run</AnchorText>
      <Type>Occurrence</Type>
      <Position>2200</Position>
    </EventMentionInfo>
    <EventMentionInfo>
      <ID>37</ID>
      <AnchorText>sent</AnchorText>
      <Type>Occurrence</Type>
      <Position>2228</Position>
    </EventMentionInfo>
    <EventMentionInfo>
      <ID>38</ID>
      <AnchorText>told</AnchorText>
      <Type>I_Action</Type>
      <Position>2261</Position>
    </EventMentionInfo>
    <EventMentionInfo>
      <ID>39</ID>
      <AnchorText>storm</AnchorText>
      <Type>Occurrence</Type>
      <Position>2359</Position>
    </EventMentionInfo>
    <EventMentionInfo>
      <ID>40</ID>
      <AnchorText>storm</AnchorText>
      <Type>Occurrence</Type>
      <Position>2475</Position>
    </EventMentionInfo>
    <EventMentionInfo>
      <ID>41</ID>
      <AnchorText>said</AnchorText>
      <Type>Reporting</Type>
      <Position>2549</Position>
    </EventMentionInfo>
    <EventMentionInfo>
      <ID>42</ID>
      <AnchorText>adding</AnchorText>
      <Type>Reporting</Type>
      <Position>2591</Position>
    </EventMentionInfo>
    <EventMentionInfo>
      <ID>43</ID>
      <AnchorText>finish</AnchorText>
      <Type>I_Action</Type>
      <Position>2608</Position>
    </EventMentionInfo>
  </Events>
  <Relations>
    <HierarchyRelationInfo>
      <SuperEventID>8</SuperEventID>
      <SubEventID>22</SubEventID>
      <Type>SuperSub</Type>
      <Uncertain>false</Uncertain>
    </HierarchyRelationInfo>
    <HierarchyRelationInfo>
      <SuperEventID>9</SuperEventID>
      <SubEventID>23</SubEventID>
      <Type>SuperSub</Type>
      <Uncertain>false</Uncertain>
    </HierarchyRelationInfo>
    <HierarchyRelationInfo>
      <SuperEventID>9</SuperEventID>
      <SubEventID>24</SubEventID>
      <Type>SuperSub</Type>
      <Uncertain>false</Uncertain>
    </HierarchyRelationInfo>
    <HierarchyRelationInfo>
      <SuperEventID>10</SuperEventID>
      <SubEventID>25</SubEventID>
      <Type>SuperSub</Type>
      <Uncertain>false</Uncertain>
    </HierarchyRelationInfo>
    <HierarchyRelationInfo>
      <SuperEventID>10</SuperEventID>
      <SubEventID>27</SubEventID>
      <Type>SuperSub</Type>
      <Uncertain>false</Uncertain>
    </HierarchyRelationInfo>
    <HierarchyRelationInfo>
      <SuperEventID>1</SuperEventID>
      <SubEventID>3</SubEventID>
      <Type>SuperSub</Type>
      <Uncertain>false</Uncertain>
    </HierarchyRelationInfo>
    <HierarchyRelationInfo>
      <SuperEventID>3</SuperEventID>
      <SubEventID>9</SubEventID>
      <Type>SuperSub</Type>
      <Uncertain>false</Uncertain>
    </HierarchyRelationInfo>
    <HierarchyRelationInfo>
      <SuperEventID>9</SuperEventID>
      <SubEventID>10</SubEventID>
      <Type>SuperSub</Type>
      <Uncertain>false</Uncertain>
    </HierarchyRelationInfo>
    <HierarchyRelationInfo>
      <SuperEventID>1</SuperEventID>
      <SubEventID>5</SubEventID>
      <Type>SuperSub</Type>
      <Uncertain>false</Uncertain>
    </HierarchyRelationInfo>
    <HierarchyRelationInfo>
      <SuperEventID>5</SuperEventID>
      <SubEventID>6</SubEventID>
      <Type>SuperSub</Type>
      <Uncertain>false</Uncertain>
    </HierarchyRelationInfo>
    <HierarchyRelationInfo>
      <SuperEventID>13</SuperEventID>
      <SubEventID>11</SubEventID>
      <Type>SuperSub</Type>
      <Uncertain>false</Uncertain>
    </HierarchyRelationInfo>
    <HierarchyRelationInfo>
      <SuperEventID>11</SuperEventID>
      <SubEventID>4</SubEventID>
      <Type>Coref</Type>
      <Uncertain>false</Uncertain>
    </HierarchyRelationInfo>
    <HierarchyRelationInfo>
      <SuperEventID>5</SuperEventID>
      <SubEventID>12</SubEventID>
      <Type>SuperSub</Type>
      <Uncertain>false</Uncertain>
    </HierarchyRelationInfo>
    <HierarchyRelationInfo>
      <SuperEventID>12</SuperEventID>
      <SubEventID>13</SubEventID>
      <Type>SuperSub</Type>
      <Uncertain>false</Uncertain>
    </HierarchyRelationInfo>
    <HierarchyRelationInfo>
      <SuperEventID>1</SuperEventID>
      <SubEventID>16</SubEventID>
      <Type>SuperSub</Type>
      <Uncertain>false</Uncertain>
    </HierarchyRelationInfo>
    <HierarchyRelationInfo>
      <SuperEventID>1</SuperEventID>
      <SubEventID>8</SubEventID>
      <Type>SuperSub</Type>
      <Uncertain>false</Uncertain>
    </HierarchyRelationInfo>
    <HierarchyRelationInfo>
      <SuperEventID>3</SuperEventID>
      <SubEventID>26</SubEventID>
      <Type>SuperSub</Type>
      <Uncertain>false</Uncertain>
    </HierarchyRelationInfo>
    <HierarchyRelationInfo>
      <SuperEventID>1</SuperEventID>
      <SubEventID>29</SubEventID>
      <Type>SuperSub</Type>
      <Uncertain>false</Uncertain>
    </HierarchyRelationInfo>
    <HierarchyRelationInfo>
      <SuperEventID>1</SuperEventID>
      <SubEventID>30</SubEventID>
      <Type>SuperSub</Type>
      <Uncertain>false</Uncertain>
    </HierarchyRelationInfo>
    <HierarchyRelationInfo>
      <SuperEventID>5</SuperEventID>
      <SubEventID>32</SubEventID>
      <Type>SuperSub</Type>
      <Uncertain>false</Uncertain>
    </HierarchyRelationInfo>
    <HierarchyRelationInfo>
      <SuperEventID>3</SuperEventID>
      <SubEventID>34</SubEventID>
      <Type>SuperSub</Type>
      <Uncertain>false</Uncertain>
    </HierarchyRelationInfo>
    <HierarchyRelationInfo>
      <SuperEventID>39</SuperEventID>
      <SubEventID>36</SubEventID>
      <Type>SuperSub</Type>
      <Uncertain>false</Uncertain>
    </HierarchyRelationInfo>
    <HierarchyRelationInfo>
      <SuperEventID>39</SuperEventID>
      <SubEventID>37</SubEventID>
      <Type>SuperSub</Type>
      <Uncertain>false</Uncertain>
    </HierarchyRelationInfo>
    <HierarchyRelationInfo>
      <SuperEventID>39</SuperEventID>
      <SubEventID>40</SubEventID>
      <Type>Coref</Type>
      <Uncertain>false</Uncertain>
    </HierarchyRelationInfo>
    <HierarchyRelationInfo>
      <SuperEventID>39</SuperEventID>
      <SubEventID>1</SubEventID>
      <Type>Coref</Type>
      <Uncertain>false</Uncertain>
    </HierarchyRelationInfo>
  </Relations>
</ArticleInfo>