<ArticleInfo>
  <Text>Thousands of Palestinians marked on Tuesday the Prisoner's Day in solidarity with 1,500 Palestinian prisoners, who went on an open-ended hunger strike in Israeli jails, until the Israeli prison services meet the demands of improving their living conditions. Palestinian President Mahmoud Abbas addressed a written letter to mark the day, calling for implementing the Fourth Geneva Convention related to protecting civilians in times of war in the Palestinian territories, treating the Palestinian prisoners as prisoners of war and enabling them to gain their basic rights. The cabinet of the caretaker Palestinian government in the West Bank, which held its weekly meeting in Ramallah, called on the United Nations for immediate and serious intervention and pressure on Israel to release all the Palestinian prisoners in Israeli jails. Hundreds of Palestinians rallied or joined demonstrations held in several West Bank and Gaza Strip cities. They marked the Palestinian Prisoner's Day, the day when the first Palestinian prisoner was freed in a first ever prisoners' swap deal reached between Palestinians militants and Israel in 1974. Among the demonstrators, there was a group of children, who wore the uniform of the prisoners in Israeli jails while their hands and legs were tied by chains of iron. A former Jordanian prisoner who was released in a Hamas-Israel prisoners swap deal on Oct. 18 also attended the demonstration. The crowd waved Palestinian flags as well as flags of various Palestinian Islamic and national factions, carried pictures of the old prisoners and chanted slogans against Israel's policy against the prisoners. Civil Palestinian servants also went on a strike for several hours. Abdel Rahim Mallouh, a member of Palestine Liberation Organization (PLO), told a rally in Ramallah that the prisoners " are the address of the first central issue the Palestinian people stand around," calling for the immediate reconciliation and ending the division. Qadoura Fares of the Palestinian Prisoner's Club said that about 1,500 detainees started the strike Tuesday. He noted that the strikers represent all factions in all Israeli detention facilities and prisons. He added that more prisoners will join the strike if their demands were not met. Meanwhile, the cities of Nablus, Hebron and Jenin in the West Bank had witnessed similar demonstrations in solidarity with the Palestinian prisoners. Speakers in the rallies agreed to keep supporting the prisoners' issue and said that Israel must respond to their demands of improving their living conditions and free them. The rally in Hebron was distinctive with a significant participation of leaders from both Fatah Party and Islamic Hamas movement amid calls for keeping the unity of the prisoners' movement in Israeli jails, as not all the 4,700 prisoners went on the hunger strike. The prisoners were all supposed to join the hunger strike, but deep disputes between the two rival groups had led to a division among the prisoners. Most of the prisoners were waiting for the results of the negotiations with the Israeli prisons' services. The hunger striking prisoners are demanding the Israeli authorities to stop the administrative detention (a detention with no trial), end the policy of isolating prisoners in solitary sells, allowing prisoners families from Gaza to visit their sons in Israeli jails and improving their living conditions. Clashes broke out near the Israeli jail of Ofer near Ramallah between Palestinian demonstrators and Israeli soldiers. The soldiers dispersed the demonstrators with tear gas and rubber bullets after they threw stones at the them. Several Palestinians were injured, according to medics. Ahmed Bahar, Deputy Speaker of the Hamas-dominated parliament, called for a third popular uprising, or Intifada in the Palestinian territories and various Arab countries in support for the prisoners, adding "armed resistance is the only method to free prisoners." Speakers of various factions, mainly rival Fatah and Hamas also spoke to demonstrators in Gaza, who called for a broader Arab and international move to protect the prisoners and release them from the Israeli jails.</Text>
  <Events>
    <EventMentionInfo>
      <ID>1</ID>
      <AnchorText>marked</AnchorText>
      <Type>Occurrence</Type>
      <Position>26</Position>
    </EventMentionInfo>
    <EventMentionInfo>
      <ID>2</ID>
      <AnchorText>went</AnchorText>
      <Type>I_Action</Type>
      <Position>115</Position>
    </EventMentionInfo>
    <EventMentionInfo>
      <ID>3</ID>
      <AnchorText>strike</AnchorText>
      <Type>Occurrence</Type>
      <Position>144</Position>
    </EventMentionInfo>
    <EventMentionInfo>
      <ID>4</ID>
      <AnchorText>addressed</AnchorText>
      <Type>I_Action</Type>
      <Position>294</Position>
    </EventMentionInfo>
    <EventMentionInfo>
      <ID>5</ID>
      <AnchorText>mark</AnchorText>
      <Type>Occurrence</Type>
      <Position>324</Position>
    </EventMentionInfo>
    <EventMentionInfo>
      <ID>6</ID>
      <AnchorText>calling</AnchorText>
      <Type>I_Action</Type>
      <Position>338</Position>
    </EventMentionInfo>
    <EventMentionInfo>
      <ID>7</ID>
      <AnchorText>held</AnchorText>
      <Type>I_Action</Type>
      <Position>649</Position>
    </EventMentionInfo>
    <EventMentionInfo>
      <ID>8</ID>
      <AnchorText>meeting</AnchorText>
      <Type>Occurrence</Type>
      <Position>665</Position>
    </EventMentionInfo>
    <EventMentionInfo>
      <ID>9</ID>
      <AnchorText>called</AnchorText>
      <Type>I_Action</Type>
      <Position>686</Position>
    </EventMentionInfo>
    <EventMentionInfo>
      <ID>10</ID>
      <AnchorText>rallied</AnchorText>
      <Type>Occurrence</Type>
      <Position>861</Position>
    </EventMentionInfo>
    <EventMentionInfo>
      <ID>11</ID>
      <AnchorText>joined</AnchorText>
      <Type>I_Action</Type>
      <Position>872</Position>
    </EventMentionInfo>
    <EventMentionInfo>
      <ID>12</ID>
      <AnchorText>demonstrations</AnchorText>
      <Type>Occurrence</Type>
      <Position>879</Position>
    </EventMentionInfo>
    <EventMentionInfo>
      <ID>13</ID>
      <AnchorText>held</AnchorText>
      <Type>I_Action</Type>
      <Position>894</Position>
    </EventMentionInfo>
    <EventMentionInfo>
      <ID>14</ID>
      <AnchorText>marked</AnchorText>
      <Type>Occurrence</Type>
      <Position>948</Position>
    </EventMentionInfo>
    <EventMentionInfo>
      <ID>15</ID>
      <AnchorText>freed</AnchorText>
      <Type>Occurrence</Type>
      <Position>1035</Position>
    </EventMentionInfo>
    <EventMentionInfo>
      <ID>16</ID>
      <AnchorText>deal</AnchorText>
      <Type>Occurrence</Type>
      <Position>1073</Position>
    </EventMentionInfo>
    <EventMentionInfo>
      <ID>17</ID>
      <AnchorText>reached</AnchorText>
      <Type>I_Action</Type>
      <Position>1078</Position>
    </EventMentionInfo>
    <EventMentionInfo>
      <ID>18</ID>
      <AnchorText>released</AnchorText>
      <Type>Occurrence</Type>
      <Position>1340</Position>
    </EventMentionInfo>
    <EventMentionInfo>
      <ID>19</ID>
      <AnchorText>deal</AnchorText>
      <Type>Occurrence</Type>
      <Position>1382</Position>
    </EventMentionInfo>
    <EventMentionInfo>
      <ID>20</ID>
      <AnchorText>attended</AnchorText>
      <Type>I_Action</Type>
      <Position>1403</Position>
    </EventMentionInfo>
    <EventMentionInfo>
      <ID>21</ID>
      <AnchorText>demonstration</AnchorText>
      <Type>Occurrence</Type>
      <Position>1416</Position>
    </EventMentionInfo>
    <EventMentionInfo>
      <ID>22</ID>
      <AnchorText>waved</AnchorText>
      <Type>Occurrence</Type>
      <Position>1441</Position>
    </EventMentionInfo>
    <EventMentionInfo>
      <ID>23</ID>
      <AnchorText>carried</AnchorText>
      <Type>Occurrence</Type>
      <Position>1536</Position>
    </EventMentionInfo>
    <EventMentionInfo>
      <ID>24</ID>
      <AnchorText>chanted</AnchorText>
      <Type>Occurrence</Type>
      <Position>1578</Position>
    </EventMentionInfo>
    <EventMentionInfo>
      <ID>25</ID>
      <AnchorText>went</AnchorText>
      <Type>I_Action</Type>
      <Position>1673</Position>
    </EventMentionInfo>
    <EventMentionInfo>
      <ID>26</ID>
      <AnchorText>strike</AnchorText>
      <Type>Occurrence</Type>
      <Position>1683</Position>
    </EventMentionInfo>
    <EventMentionInfo>
      <ID>27</ID>
      <AnchorText>told</AnchorText>
      <Type>Reporting</Type>
      <Position>1783</Position>
    </EventMentionInfo>
    <EventMentionInfo>
      <ID>28</ID>
      <AnchorText>rally</AnchorText>
      <Type>Occurrence</Type>
      <Position>1790</Position>
    </EventMentionInfo>
    <EventMentionInfo>
      <ID>29</ID>
      <AnchorText>calling</AnchorText>
      <Type>I_Action</Type>
      <Position>1910</Position>
    </EventMentionInfo>
    <EventMentionInfo>
      <ID>30</ID>
      <AnchorText>said</AnchorText>
      <Type>Reporting</Type>
      <Position>2025</Position>
    </EventMentionInfo>
    <EventMentionInfo>
      <ID>31</ID>
      <AnchorText>started</AnchorText>
      <Type>I_Action</Type>
      <Position>2057</Position>
    </EventMentionInfo>
    <EventMentionInfo>
      <ID>32</ID>
      <AnchorText>strike</AnchorText>
      <Type>Occurrence</Type>
      <Position>2069</Position>
    </EventMentionInfo>
    <EventMentionInfo>
      <ID>33</ID>
      <AnchorText>noted</AnchorText>
      <Type>Reporting</Type>
      <Position>2088</Position>
    </EventMentionInfo>
    <EventMentionInfo>
      <ID>34</ID>
      <AnchorText>added</AnchorText>
      <Type>Reporting</Type>
      <Position>2187</Position>
    </EventMentionInfo>
    <EventMentionInfo>
      <ID>35</ID>
      <AnchorText>strike</AnchorText>
      <Type>Occurrence</Type>
      <Position>2227</Position>
    </EventMentionInfo>
    <EventMentionInfo>
      <ID>36</ID>
      <AnchorText>witnessed</AnchorText>
      <Type>I_Action</Type>
      <Position>2336</Position>
    </EventMentionInfo>
    <EventMentionInfo>
      <ID>37</ID>
      <AnchorText>demonstrations</AnchorText>
      <Type>HalfGeneric</Type>
      <Position>2354</Position>
    </EventMentionInfo>
    <EventMentionInfo>
      <ID>38</ID>
      <AnchorText>rallies</AnchorText>
      <Type>HalfGeneric</Type>
      <Position>2431</Position>
    </EventMentionInfo>
    <EventMentionInfo>
      <ID>39</ID>
      <AnchorText>agreed</AnchorText>
      <Type>I_Action</Type>
      <Position>2439</Position>
    </EventMentionInfo>
    <EventMentionInfo>
      <ID>40</ID>
      <AnchorText>said</AnchorText>
      <Type>Reporting</Type>
      <Position>2490</Position>
    </EventMentionInfo>
    <EventMentionInfo>
      <ID>41</ID>
      <AnchorText>rally</AnchorText>
      <Type>Occurrence</Type>
      <Position>2593</Position>
    </EventMentionInfo>
    <EventMentionInfo>
      <ID>42</ID>
      <AnchorText>went</AnchorText>
      <Type>I_Action</Type>
      <Position>2827</Position>
    </EventMentionInfo>
    <EventMentionInfo>
      <ID>43</ID>
      <AnchorText>strike</AnchorText>
      <Type>Occurrence</Type>
      <Position>2846</Position>
    </EventMentionInfo>
    <EventMentionInfo>
      <ID>44</ID>
      <AnchorText>strike</AnchorText>
      <Type>Occurrence</Type>
      <Position>2905</Position>
    </EventMentionInfo>
    <EventMentionInfo>
      <ID>45</ID>
      <AnchorText>led</AnchorText>
      <Type>I_Action</Type>
      <Position>2964</Position>
    </EventMentionInfo>
    <EventMentionInfo>
      <ID>46</ID>
      <AnchorText>division</AnchorText>
      <Type>Occurrence</Type>
      <Position>2973</Position>
    </EventMentionInfo>
    <EventMentionInfo>
      <ID>47</ID>
      <AnchorText>negotiations</AnchorText>
      <Type>Occurrence</Type>
      <Position>3061</Position>
    </EventMentionInfo>
    <EventMentionInfo>
      <ID>48</ID>
      <AnchorText>demanding</AnchorText>
      <Type>I_Action</Type>
      <Position>3144</Position>
    </EventMentionInfo>
    <EventMentionInfo>
      <ID>49</ID>
      <AnchorText>Clashes</AnchorText>
      <Type>Occurrence</Type>
      <Position>3415</Position>
    </EventMentionInfo>
    <EventMentionInfo>
      <ID>50</ID>
      <AnchorText>broke</AnchorText>
      <Type>I_Action</Type>
      <Position>3423</Position>
    </EventMentionInfo>
    <EventMentionInfo>
      <ID>51</ID>
      <AnchorText>dispersed</AnchorText>
      <Type>Occurrence</Type>
      <Position>3546</Position>
    </EventMentionInfo>
    <EventMentionInfo>
      <ID>52</ID>
      <AnchorText>threw</AnchorText>
      <Type>Occurrence</Type>
      <Position>3618</Position>
    </EventMentionInfo>
    <EventMentionInfo>
      <ID>53</ID>
      <AnchorText>injured</AnchorText>
      <Type>Occurrence</Type>
      <Position>3670</Position>
    </EventMentionInfo>
    <EventMentionInfo>
      <ID>54</ID>
      <AnchorText>called</AnchorText>
      <Type>I_Action</Type>
      <Position>3763</Position>
    </EventMentionInfo>
    <EventMentionInfo>
      <ID>55</ID>
      <AnchorText>adding</AnchorText>
      <Type>Reporting</Type>
      <Position>3900</Position>
    </EventMentionInfo>
    <EventMentionInfo>
      <ID>56</ID>
      <AnchorText>spoke</AnchorText>
      <Type>Occurrence</Type>
      <Position>4028</Position>
    </EventMentionInfo>
    <EventMentionInfo>
      <ID>57</ID>
      <AnchorText>called</AnchorText>
      <Type>I_Action</Type>
      <Position>4064</Position>
    </EventMentionInfo>
  </Events>
  <Relations>
    <HierarchyRelationInfo>
      <SuperEventID>1</SuperEventID>
      <SubEventID>5</SubEventID>
      <Type>SuperSub</Type>
      <Uncertain>false</Uncertain>
      <Transitive>false</Transitive>
    </HierarchyRelationInfo>
    <HierarchyRelationInfo>
      <SuperEventID>1</SuperEventID>
      <SubEventID>10</SubEventID>
      <Type>SuperSub</Type>
      <Uncertain>false</Uncertain>
      <Transitive>false</Transitive>
    </HierarchyRelationInfo>
    <HierarchyRelationInfo>
      <SuperEventID>1</SuperEventID>
      <SubEventID>12</SubEventID>
      <Type>SuperSub</Type>
      <Uncertain>false</Uncertain>
      <Transitive>false</Transitive>
    </HierarchyRelationInfo>
    <HierarchyRelationInfo>
      <SuperEventID>14</SuperEventID>
      <SubEventID>1</SubEventID>
      <Type>Coref</Type>
      <Uncertain>false</Uncertain>
      <Transitive>false</Transitive>
    </HierarchyRelationInfo>
    <HierarchyRelationInfo>
      <SuperEventID>16</SuperEventID>
      <SubEventID>15</SubEventID>
      <Type>SuperSub</Type>
      <Uncertain>false</Uncertain>
      <Transitive>false</Transitive>
    </HierarchyRelationInfo>
    <HierarchyRelationInfo>
      <SuperEventID>19</SuperEventID>
      <SubEventID>18</SubEventID>
      <Type>SuperSub</Type>
      <Uncertain>false</Uncertain>
      <Transitive>false</Transitive>
    </HierarchyRelationInfo>
    <HierarchyRelationInfo>
      <SuperEventID>12</SuperEventID>
      <SubEventID>21</SubEventID>
      <Type>SuperSub</Type>
      <Uncertain>false</Uncertain>
      <Transitive>false</Transitive>
    </HierarchyRelationInfo>
    <HierarchyRelationInfo>
      <SuperEventID>21</SuperEventID>
      <SubEventID>22</SubEventID>
      <Type>SuperSub</Type>
      <Uncertain>false</Uncertain>
      <Transitive>false</Transitive>
    </HierarchyRelationInfo>
    <HierarchyRelationInfo>
      <SuperEventID>21</SuperEventID>
      <SubEventID>23</SubEventID>
      <Type>SuperSub</Type>
      <Uncertain>false</Uncertain>
      <Transitive>false</Transitive>
    </HierarchyRelationInfo>
    <HierarchyRelationInfo>
      <SuperEventID>21</SuperEventID>
      <SubEventID>24</SubEventID>
      <Type>SuperSub</Type>
      <Uncertain>false</Uncertain>
      <Transitive>false</Transitive>
    </HierarchyRelationInfo>
    <HierarchyRelationInfo>
      <SuperEventID>14</SuperEventID>
      <SubEventID>26</SubEventID>
      <Type>SuperSub</Type>
      <Uncertain>false</Uncertain>
      <Transitive>false</Transitive>
    </HierarchyRelationInfo>
    <HierarchyRelationInfo>
      <SuperEventID>10</SuperEventID>
      <SubEventID>28</SubEventID>
      <Type>SuperSub</Type>
      <Uncertain>false</Uncertain>
      <Transitive>false</Transitive>
    </HierarchyRelationInfo>
    <HierarchyRelationInfo>
      <SuperEventID>3</SuperEventID>
      <SubEventID>32</SubEventID>
      <Type>Coref</Type>
      <Uncertain>false</Uncertain>
      <Transitive>false</Transitive>
    </HierarchyRelationInfo>
    <HierarchyRelationInfo>
      <SuperEventID>35</SuperEventID>
      <SubEventID>32</SubEventID>
      <Type>Coref</Type>
      <Uncertain>false</Uncertain>
      <Transitive>false</Transitive>
    </HierarchyRelationInfo>
    <HierarchyRelationInfo>
      <SuperEventID>38</SuperEventID>
      <SubEventID>41</SubEventID>
      <Type>SuperSub</Type>
      <Uncertain>false</Uncertain>
      <Transitive>false</Transitive>
    </HierarchyRelationInfo>
    <HierarchyRelationInfo>
      <SuperEventID>43</SuperEventID>
      <SubEventID>35</SubEventID>
      <Type>Coref</Type>
      <Uncertain>false</Uncertain>
      <Transitive>false</Transitive>
    </HierarchyRelationInfo>
    <HierarchyRelationInfo>
      <SuperEventID>44</SuperEventID>
      <SubEventID>43</SubEventID>
      <Type>Coref</Type>
      <Uncertain>false</Uncertain>
      <Transitive>false</Transitive>
    </HierarchyRelationInfo>
    <HierarchyRelationInfo>
      <SuperEventID>49</SuperEventID>
      <SubEventID>51</SubEventID>
      <Type>SuperSub</Type>
      <Uncertain>false</Uncertain>
      <Transitive>false</Transitive>
    </HierarchyRelationInfo>
    <HierarchyRelationInfo>
      <SuperEventID>49</SuperEventID>
      <SubEventID>52</SubEventID>
      <Type>SuperSub</Type>
      <Uncertain>false</Uncertain>
      <Transitive>false</Transitive>
    </HierarchyRelationInfo>
    <HierarchyRelationInfo>
      <SuperEventID>49</SuperEventID>
      <SubEventID>53</SubEventID>
      <Type>SuperSub</Type>
      <Uncertain>false</Uncertain>
      <Transitive>false</Transitive>
    </HierarchyRelationInfo>
    <HierarchyRelationInfo>
      <SuperEventID>12</SuperEventID>
      <SubEventID>56</SubEventID>
      <Type>SuperSub</Type>
      <Uncertain>false</Uncertain>
      <Transitive>false</Transitive>
    </HierarchyRelationInfo>
    <HierarchyRelationInfo>
      <SuperEventID>38</SuperEventID>
      <SubEventID>10</SubEventID>
      <Type>Coref</Type>
      <Uncertain>false</Uncertain>
      <Transitive>false</Transitive>
      <Comment>Maja, </Comment>
    </HierarchyRelationInfo>
    <HierarchyRelationInfo>
      <SuperEventID>37</SuperEventID>
      <SubEventID>12</SubEventID>
      <Type>Coref</Type>
      <Uncertain>false</Uncertain>
      <Transitive>false</Transitive>
      <Comment>Maja, </Comment>
    </HierarchyRelationInfo>
    <HierarchyRelationInfo>
      <SuperEventID>12</SuperEventID>
      <SubEventID>49</SubEventID>
      <Type>SuperSub</Type>
      <Uncertain>false</Uncertain>
      <Transitive>false</Transitive>
      <Comment>Suncana, </Comment>
    </HierarchyRelationInfo>
  </Relations>
</ArticleInfo>