<ArticleInfo>
  <Text>Local television showed what appeared to be the plane's tail with the Sukhoi Superjet-100's blue and white logo, part of a wing and bits of twisted metal scattered along Mount Salak's slopes. Thick fog kept helicopters away from the crash site, officials said, delaying potential answers to what caused the crash. Russian and French investigators arrived to join the probe as the difficulties of reaching bodies or the plane's black box became clear. "Our six helicopters have been trying to get close to the crash site since this morning," said Sunarbowo Sandi, operational chief at Indonesia's search and rescue agency. "With poor visibility of less than five metres, it's difficult for us to evacuate the victims." Mr Sandi said he hoped a ground team of 85 rescue workers using ropes to climb the mountain might reach the wreckage. The jet slammed into the volcano on Wednesday at nearly 480mph, raining debris down the slope. He said communications with the ground team were difficult and it was still unclear what the climbers would find, given the possibility that much of the wreckage and possibly bodies had tumbled down the near-vertical slope. Local television station TVOne reported that some rescuers have arrived on the scene and discovered some remnants of the plane but had so far found no survivors. All 45 aboard are feared dead. The Sukhoi Superjet-100 is Russia's first new model of passenger jet since the fall of the Soviet Union two decades ago and was supposed to kick-start the nation's efforts to modernise its fleet and resurrect its neglected aerospace industry. The ill-fated Superjet was carrying representatives from local airlines and journalists on what was supposed to be a 50-minute demonstration flight. Just 21 minutes after take-off from a Jakarta airfield, the Russian pilot and co-pilot asked for permission to drop from 10,000ft to 6,000ft. They gave no explanation, disappearing from the radar immediately afterwards. It was not clear why the crew asked to shift course, especially since they were so close to the 7,000ft volcano, or whether they got approval, officials have said. Communication tapes will be reviewed as part of the investigation, but it is unlikely they will be released to the public soon.</Text>
  <Events>
    <EventMentionInfo>
      <ID>1</ID>
      <AnchorText>showed</AnchorText>
      <Type>Occurrence</Type>
      <Position>17</Position>
    </EventMentionInfo>
    <EventMentionInfo>
      <ID>2</ID>
      <AnchorText>appeared</AnchorText>
      <Type>Perception</Type>
      <Position>29</Position>
    </EventMentionInfo>
    <EventMentionInfo>
      <ID>3</ID>
      <AnchorText>kept</AnchorText>
      <Type>Occurrence</Type>
      <Position>202</Position>
    </EventMentionInfo>
    <EventMentionInfo>
      <ID>4</ID>
      <AnchorText>said</AnchorText>
      <Type>Reporting</Type>
      <Position>255</Position>
    </EventMentionInfo>
    <EventMentionInfo>
      <ID>5</ID>
      <AnchorText>delaying</AnchorText>
      <Type>Occurrence</Type>
      <Position>261</Position>
    </EventMentionInfo>
    <EventMentionInfo>
      <ID>6</ID>
      <AnchorText>caused</AnchorText>
      <Type>I_Action</Type>
      <Position>296</Position>
    </EventMentionInfo>
    <EventMentionInfo>
      <ID>7</ID>
      <AnchorText>crash</AnchorText>
      <Type>Occurrence</Type>
      <Position>307</Position>
    </EventMentionInfo>
    <EventMentionInfo>
      <ID>8</ID>
      <AnchorText>arrived</AnchorText>
      <Type>I_Action</Type>
      <Position>347</Position>
    </EventMentionInfo>
    <EventMentionInfo>
      <ID>9</ID>
      <AnchorText>join</AnchorText>
      <Type>I_Action</Type>
      <Position>358</Position>
    </EventMentionInfo>
    <EventMentionInfo>
      <ID>10</ID>
      <AnchorText>probe</AnchorText>
      <Type>Occurrence</Type>
      <Position>367</Position>
    </EventMentionInfo>
    <EventMentionInfo>
      <ID>11</ID>
      <AnchorText>became</AnchorText>
      <Type>StateChange</Type>
      <Position>437</Position>
    </EventMentionInfo>
    <EventMentionInfo>
      <ID>12</ID>
      <AnchorText>trying</AnchorText>
      <Type>I_Action</Type>
      <Position>482</Position>
    </EventMentionInfo>
    <EventMentionInfo>
      <ID>13</ID>
      <AnchorText>said</AnchorText>
      <Type>Reporting</Type>
      <Position>541</Position>
    </EventMentionInfo>
    <EventMentionInfo>
      <ID>14</ID>
      <AnchorText>said</AnchorText>
      <Type>Reporting</Type>
      <Position>727</Position>
    </EventMentionInfo>
    <EventMentionInfo>
      <ID>15</ID>
      <AnchorText>slammed</AnchorText>
      <Type>Occurrence</Type>
      <Position>844</Position>
    </EventMentionInfo>
    <EventMentionInfo>
      <ID>16</ID>
      <AnchorText>raining</AnchorText>
      <Type>Occurrence</Type>
      <Position>900</Position>
    </EventMentionInfo>
    <EventMentionInfo>
      <ID>17</ID>
      <AnchorText>said</AnchorText>
      <Type>Reporting</Type>
      <Position>934</Position>
    </EventMentionInfo>
    <EventMentionInfo>
      <ID>18</ID>
      <AnchorText>reported</AnchorText>
      <Type>Reporting</Type>
      <Position>1186</Position>
    </EventMentionInfo>
    <EventMentionInfo>
      <ID>19</ID>
      <AnchorText>arrived</AnchorText>
      <Type>Occurrence</Type>
      <Position>1219</Position>
    </EventMentionInfo>
    <EventMentionInfo>
      <ID>20</ID>
      <AnchorText>discovered</AnchorText>
      <Type>Occurrence</Type>
      <Position>1244</Position>
    </EventMentionInfo>
    <EventMentionInfo>
      <ID>21</ID>
      <AnchorText>fall</AnchorText>
      <Type>Occurrence</Type>
      <Position>1427</Position>
    </EventMentionInfo>
    <EventMentionInfo>
      <ID>22</ID>
      <AnchorText>efforts</AnchorText>
      <Type>I_Action</Type>
      <Position>1512</Position>
    </EventMentionInfo>
    <EventMentionInfo>
      <ID>23</ID>
      <AnchorText>carrying</AnchorText>
      <Type>Occurrence</Type>
      <Position>1618</Position>
    </EventMentionInfo>
    <EventMentionInfo>
      <ID>24</ID>
      <AnchorText>flight</AnchorText>
      <Type>Occurrence</Type>
      <Position>1732</Position>
    </EventMentionInfo>
    <EventMentionInfo>
      <ID>25</ID>
      <AnchorText>take</AnchorText>
      <Type>Occurrence</Type>
      <Position>1762</Position>
    </EventMentionInfo>
    <EventMentionInfo>
      <ID>26</ID>
      <AnchorText>asked</AnchorText>
      <Type>I_Action</Type>
      <Position>1827</Position>
    </EventMentionInfo>
    <EventMentionInfo>
      <ID>27</ID>
      <AnchorText>disappearing</AnchorText>
      <Type>Occurrence</Type>
      <Position>1908</Position>
    </EventMentionInfo>
    <EventMentionInfo>
      <ID>28</ID>
      <AnchorText>asked</AnchorText>
      <Type>I_Action</Type>
      <Position>1990</Position>
    </EventMentionInfo>
    <EventMentionInfo>
      <ID>29</ID>
      <AnchorText>said</AnchorText>
      <Type>Reporting</Type>
      <Position>2118</Position>
    </EventMentionInfo>
    <EventMentionInfo>
      <ID>30</ID>
      <AnchorText>investigation</AnchorText>
      <Type>Occurrence</Type>
      <Position>2176</Position>
    </EventMentionInfo>
  </Events>
  <Relations>
    <HierarchyRelationInfo>
      <SuperEventID>1</SuperEventID>
      <SubEventID>2</SubEventID>
      <Type>SuperSub</Type>
      <Uncertain>false</Uncertain>
    </HierarchyRelationInfo>
    <HierarchyRelationInfo>
      <SuperEventID>3</SuperEventID>
      <SubEventID>5</SubEventID>
      <Type>SuperSub</Type>
      <Uncertain>false</Uncertain>
    </HierarchyRelationInfo>
    <HierarchyRelationInfo>
      <SuperEventID>10</SuperEventID>
      <SubEventID>3</SubEventID>
      <Type>SuperSub</Type>
      <Uncertain>false</Uncertain>
    </HierarchyRelationInfo>
    <HierarchyRelationInfo>
      <SuperEventID>10</SuperEventID>
      <SubEventID>11</SubEventID>
      <Type>SuperSub</Type>
      <Uncertain>false</Uncertain>
    </HierarchyRelationInfo>
    <HierarchyRelationInfo>
      <SuperEventID>7</SuperEventID>
      <SubEventID>15</SubEventID>
      <Type>SuperSub</Type>
      <Uncertain>false</Uncertain>
    </HierarchyRelationInfo>
    <HierarchyRelationInfo>
      <SuperEventID>7</SuperEventID>
      <SubEventID>16</SubEventID>
      <Type>SuperSub</Type>
      <Uncertain>false</Uncertain>
    </HierarchyRelationInfo>
    <HierarchyRelationInfo>
      <SuperEventID>24</SuperEventID>
      <SubEventID>23</SubEventID>
      <Type>SuperSub</Type>
      <Uncertain>false</Uncertain>
    </HierarchyRelationInfo>
    <HierarchyRelationInfo>
      <SuperEventID>24</SuperEventID>
      <SubEventID>7</SubEventID>
      <Type>SuperSub</Type>
      <Uncertain>false</Uncertain>
    </HierarchyRelationInfo>
    <HierarchyRelationInfo>
      <SuperEventID>10</SuperEventID>
      <SubEventID>19</SubEventID>
      <Type>SuperSub</Type>
      <Uncertain>false</Uncertain>
    </HierarchyRelationInfo>
    <HierarchyRelationInfo>
      <SuperEventID>10</SuperEventID>
      <SubEventID>20</SubEventID>
      <Type>SuperSub</Type>
      <Uncertain>false</Uncertain>
    </HierarchyRelationInfo>
    <HierarchyRelationInfo>
      <SuperEventID>24</SuperEventID>
      <SubEventID>25</SubEventID>
      <Type>SuperSub</Type>
      <Uncertain>false</Uncertain>
    </HierarchyRelationInfo>
    <HierarchyRelationInfo>
      <SuperEventID>24</SuperEventID>
      <SubEventID>27</SubEventID>
      <Type>SuperSub</Type>
      <Uncertain>false</Uncertain>
    </HierarchyRelationInfo>
    <HierarchyRelationInfo>
      <SuperEventID>30</SuperEventID>
      <SubEventID>10</SubEventID>
      <Type>Coref</Type>
      <Uncertain>false</Uncertain>
    </HierarchyRelationInfo>
  </Relations>
</ArticleInfo>