<ArticleInfo>
  <Text>THE trial of Anders Behring Breivik was interrupted briefly by a family member of a victim who hurled a shoe at the confessed mass killer and yelled "go to hell" before being escorted from the court room. The shoe attack, which came as a coroner presented more autopsy reports on the mostly-young victims of the July massacre at Utoya island was followed by applause, "bravos" and tears among onlookers in the courtroom, and led to a temporary suspension of proceedings on the 17th day of the trial. The black shoe did not hit Breivik but landed on one of his lawyers, Vibeke Hein Baera, who sits between the accused and the onlookers. "Luckily, it was just a shoe," Hein Baera said. The attacker, a man of Iraqi origin whose brother was one of the 69 people Breivik shot dead on Utoya on July 22, was quickly brought under control by security guards and escorted out of the courtroom as he continued to shout in English: "Go to Hell!" When the proceedings resumed a few minutes later, Breivik addressed the onlookers. "If someone wants to throw something at me, do it at me while I'm entering or leaving, and not at my lawyer," he said. The shoe attack was the first serious incident since the beginning of the 33-year-old right-wing extremist's trial on April 16. Breivik has been charged with committing terrorist acts on July 22 when he killed a total of 77 people by first bombing a government building in Oslo before going on a shooting rampage on Utoeya, where the ruling Labour Party's youth wing was hosting a summer camp. He has confessed to the acts but has refused to plead guilty, insisting his massacres were "cruel but necessary" to stop the Labour Party's "multicultural experiment" and the "Muslim invasion" of Norway and Europe. His mainly young victims were "legitimate targets," he said. The proceedings have so far been marked by tears and embraces among the survivors and victims' family members gathered in the courtroom, but until Friday none of the onlookers had directly addressed the confessed killer. While he will surely be found guilty, his 10-week trial will help determine the tricky question of his sanity and whether he will be sent to prison or to a mental institution. Two court-ordered evaluations have reached opposition conclusions, and it will be up to the five-judge panel to rule on the issue when they hand down their verdict in mid-July. Breivik himself is intent upon proving his sanity so his anti-Islam ideology will not be written off as the ravings of a lunatic.</Text>
  <Events>
    <EventMentionInfo>
      <ID>1</ID>
      <AnchorText>trial</AnchorText>
      <Type>Occurrence</Type>
      <Position>4</Position>
    </EventMentionInfo>
    <EventMentionInfo>
      <ID>2</ID>
      <AnchorText>interrupted</AnchorText>
      <Type>Occurrence</Type>
      <Position>40</Position>
    </EventMentionInfo>
    <EventMentionInfo>
      <ID>3</ID>
      <AnchorText>hurled</AnchorText>
      <Type>Occurrence</Type>
      <Position>95</Position>
    </EventMentionInfo>
    <EventMentionInfo>
      <ID>4</ID>
      <AnchorText>yelled</AnchorText>
      <Type>Reporting</Type>
      <Position>142</Position>
    </EventMentionInfo>
    <EventMentionInfo>
      <ID>5</ID>
      <AnchorText>escorted</AnchorText>
      <Type>Occurrence</Type>
      <Position>175</Position>
    </EventMentionInfo>
    <EventMentionInfo>
      <ID>6</ID>
      <AnchorText>attack</AnchorText>
      <Type>Occurrence</Type>
      <Position>214</Position>
    </EventMentionInfo>
    <EventMentionInfo>
      <ID>7</ID>
      <AnchorText>came</AnchorText>
      <Type>I_Action</Type>
      <Position>228</Position>
    </EventMentionInfo>
    <EventMentionInfo>
      <ID>8</ID>
      <AnchorText>presented</AnchorText>
      <Type>Occurrence</Type>
      <Position>246</Position>
    </EventMentionInfo>
    <EventMentionInfo>
      <ID>9</ID>
      <AnchorText>massacre</AnchorText>
      <Type>Occurrence</Type>
      <Position>317</Position>
    </EventMentionInfo>
    <EventMentionInfo>
      <ID>10</ID>
      <AnchorText>followed</AnchorText>
      <Type>I_Action</Type>
      <Position>346</Position>
    </EventMentionInfo>
    <EventMentionInfo>
      <ID>11</ID>
      <AnchorText>applause</AnchorText>
      <Type>Occurrence</Type>
      <Position>358</Position>
    </EventMentionInfo>
    <EventMentionInfo>
      <ID>12</ID>
      <AnchorText>bravos</AnchorText>
      <Type>HalfGeneric</Type>
      <Position>369</Position>
    </EventMentionInfo>
    <EventMentionInfo>
      <ID>13</ID>
      <AnchorText>led</AnchorText>
      <Type>I_Action</Type>
      <Position>425</Position>
    </EventMentionInfo>
    <EventMentionInfo>
      <ID>14</ID>
      <AnchorText>suspension</AnchorText>
      <Type>I_Action</Type>
      <Position>444</Position>
    </EventMentionInfo>
    <EventMentionInfo>
      <ID>15</ID>
      <AnchorText>proceedings</AnchorText>
      <Type>Occurrence</Type>
      <Position>458</Position>
    </EventMentionInfo>
    <EventMentionInfo>
      <ID>16</ID>
      <AnchorText>trial</AnchorText>
      <Type>Occurrence</Type>
      <Position>493</Position>
    </EventMentionInfo>
    <EventMentionInfo>
      <ID>17</ID>
      <AnchorText>landed</AnchorText>
      <Type>Occurrence</Type>
      <Position>539</Position>
    </EventMentionInfo>
    <EventMentionInfo>
      <ID>18</ID>
      <AnchorText>said</AnchorText>
      <Type>Reporting</Type>
      <Position>678</Position>
    </EventMentionInfo>
    <EventMentionInfo>
      <ID>19</ID>
      <AnchorText>shot</AnchorText>
      <Type>Occurrence</Type>
      <Position>767</Position>
    </EventMentionInfo>
    <EventMentionInfo>
      <ID>20</ID>
      <AnchorText>brought</AnchorText>
      <Type>Occurrence</Type>
      <Position>810</Position>
    </EventMentionInfo>
    <EventMentionInfo>
      <ID>21</ID>
      <AnchorText>escorted</AnchorText>
      <Type>Occurrence</Type>
      <Position>855</Position>
    </EventMentionInfo>
    <EventMentionInfo>
      <ID>22</ID>
      <AnchorText>shout</AnchorText>
      <Type>Reporting</Type>
      <Position>904</Position>
    </EventMentionInfo>
    <EventMentionInfo>
      <ID>23</ID>
      <AnchorText>proceedings</AnchorText>
      <Type>Occurrence</Type>
      <Position>945</Position>
    </EventMentionInfo>
    <EventMentionInfo>
      <ID>24</ID>
      <AnchorText>resumed</AnchorText>
      <Type>Occurrence</Type>
      <Position>957</Position>
    </EventMentionInfo>
    <EventMentionInfo>
      <ID>25</ID>
      <AnchorText>addressed</AnchorText>
      <Type>Occurrence</Type>
      <Position>994</Position>
    </EventMentionInfo>
    <EventMentionInfo>
      <ID>26</ID>
      <AnchorText>said</AnchorText>
      <Type>Reporting</Type>
      <Position>1132</Position>
    </EventMentionInfo>
    <EventMentionInfo>
      <ID>27</ID>
      <AnchorText>attack</AnchorText>
      <Type>Occurrence</Type>
      <Position>1147</Position>
    </EventMentionInfo>
    <EventMentionInfo>
      <ID>28</ID>
      <AnchorText>incident</AnchorText>
      <Type>Occurrence</Type>
      <Position>1176</Position>
    </EventMentionInfo>
    <EventMentionInfo>
      <ID>29</ID>
      <AnchorText>beginning</AnchorText>
      <Type>Occurrence</Type>
      <Position>1195</Position>
    </EventMentionInfo>
    <EventMentionInfo>
      <ID>30</ID>
      <AnchorText>trial</AnchorText>
      <Type>Occurrence</Type>
      <Position>1247</Position>
    </EventMentionInfo>
    <EventMentionInfo>
      <ID>31</ID>
      <AnchorText>charged</AnchorText>
      <Type>I_Action</Type>
      <Position>1283</Position>
    </EventMentionInfo>
    <EventMentionInfo>
      <ID>32</ID>
      <AnchorText>killed</AnchorText>
      <Type>Occurrence</Type>
      <Position>1341</Position>
    </EventMentionInfo>
    <EventMentionInfo>
      <ID>33</ID>
      <AnchorText>bombing</AnchorText>
      <Type>Occurrence</Type>
      <Position>1378</Position>
    </EventMentionInfo>
    <EventMentionInfo>
      <ID>34</ID>
      <AnchorText>going</AnchorText>
      <Type>I_Action</Type>
      <Position>1423</Position>
    </EventMentionInfo>
    <EventMentionInfo>
      <ID>35</ID>
      <AnchorText>rampage</AnchorText>
      <Type>Occurrence</Type>
      <Position>1443</Position>
    </EventMentionInfo>
    <EventMentionInfo>
      <ID>36</ID>
      <AnchorText>hosting</AnchorText>
      <Type>I_Action</Type>
      <Position>1509</Position>
    </EventMentionInfo>
    <EventMentionInfo>
      <ID>37</ID>
      <AnchorText>camp</AnchorText>
      <Type>Occurrence</Type>
      <Position>1526</Position>
    </EventMentionInfo>
    <EventMentionInfo>
      <ID>38</ID>
      <AnchorText>confessed</AnchorText>
      <Type>I_Action</Type>
      <Position>1539</Position>
    </EventMentionInfo>
    <EventMentionInfo>
      <ID>39</ID>
      <AnchorText>acts</AnchorText>
      <Type>Occurrence</Type>
      <Position>1556</Position>
    </EventMentionInfo>
    <EventMentionInfo>
      <ID>40</ID>
      <AnchorText>refused</AnchorText>
      <Type>I_Action</Type>
      <Position>1569</Position>
    </EventMentionInfo>
    <EventMentionInfo>
      <ID>41</ID>
      <AnchorText>insisting</AnchorText>
      <Type>Reporting</Type>
      <Position>1594</Position>
    </EventMentionInfo>
    <EventMentionInfo>
      <ID>42</ID>
      <AnchorText>massacres</AnchorText>
      <Type>Occurrence</Type>
      <Position>1608</Position>
    </EventMentionInfo>
    <EventMentionInfo>
      <ID>43</ID>
      <AnchorText>said</AnchorText>
      <Type>Reporting</Type>
      <Position>1802</Position>
    </EventMentionInfo>
    <EventMentionInfo>
      <ID>44</ID>
      <AnchorText>proceedings</AnchorText>
      <Type>Occurrence</Type>
      <Position>1812</Position>
    </EventMentionInfo>
    <EventMentionInfo>
      <ID>45</ID>
      <AnchorText>trial</AnchorText>
      <Type>Occurrence</Type>
      <Position>2079</Position>
    </EventMentionInfo>
    <EventMentionInfo>
      <ID>46</ID>
      <AnchorText>evaluations</AnchorText>
      <Type>Occurrence</Type>
      <Position>2223</Position>
    </EventMentionInfo>
    <EventMentionInfo>
      <ID>47</ID>
      <AnchorText>reached</AnchorText>
      <Type>I_Action</Type>
      <Position>2240</Position>
    </EventMentionInfo>
  </Events>
  <Relations>
    <HierarchyRelationInfo>
      <SuperEventID>16</SuperEventID>
      <SubEventID>15</SubEventID>
      <Type>SuperSub</Type>
      <Uncertain>false</Uncertain>
    </HierarchyRelationInfo>
    <HierarchyRelationInfo>
      <SuperEventID>1</SuperEventID>
      <SubEventID>16</SubEventID>
      <Type>Coref</Type>
      <Uncertain>false</Uncertain>
    </HierarchyRelationInfo>
    <HierarchyRelationInfo>
      <SuperEventID>15</SuperEventID>
      <SubEventID>2</SubEventID>
      <Type>SuperSub</Type>
      <Uncertain>false</Uncertain>
    </HierarchyRelationInfo>
    <HierarchyRelationInfo>
      <SuperEventID>2</SuperEventID>
      <SubEventID>5</SubEventID>
      <Type>SuperSub</Type>
      <Uncertain>false</Uncertain>
    </HierarchyRelationInfo>
    <HierarchyRelationInfo>
      <SuperEventID>15</SuperEventID>
      <SubEventID>8</SubEventID>
      <Type>SuperSub</Type>
      <Uncertain>false</Uncertain>
    </HierarchyRelationInfo>
    <HierarchyRelationInfo>
      <SuperEventID>2</SuperEventID>
      <SubEventID>11</SubEventID>
      <Type>SuperSub</Type>
      <Uncertain>false</Uncertain>
    </HierarchyRelationInfo>
    <HierarchyRelationInfo>
      <SuperEventID>2</SuperEventID>
      <SubEventID>12</SubEventID>
      <Type>SuperSub</Type>
      <Uncertain>false</Uncertain>
    </HierarchyRelationInfo>
    <HierarchyRelationInfo>
      <SuperEventID>2</SuperEventID>
      <SubEventID>6</SubEventID>
      <Type>SuperSub</Type>
      <Uncertain>false</Uncertain>
    </HierarchyRelationInfo>
    <HierarchyRelationInfo>
      <SuperEventID>6</SuperEventID>
      <SubEventID>3</SubEventID>
      <Type>SuperSub</Type>
      <Uncertain>false</Uncertain>
    </HierarchyRelationInfo>
    <HierarchyRelationInfo>
      <SuperEventID>6</SuperEventID>
      <SubEventID>17</SubEventID>
      <Type>SuperSub</Type>
      <Uncertain>false</Uncertain>
    </HierarchyRelationInfo>
    <HierarchyRelationInfo>
      <SuperEventID>23</SuperEventID>
      <SubEventID>15</SubEventID>
      <Type>Coref</Type>
      <Uncertain>false</Uncertain>
    </HierarchyRelationInfo>
    <HierarchyRelationInfo>
      <SuperEventID>23</SuperEventID>
      <SubEventID>24</SubEventID>
      <Type>SuperSub</Type>
      <Uncertain>false</Uncertain>
    </HierarchyRelationInfo>
    <HierarchyRelationInfo>
      <SuperEventID>23</SuperEventID>
      <SubEventID>25</SubEventID>
      <Type>SuperSub</Type>
      <Uncertain>false</Uncertain>
    </HierarchyRelationInfo>
    <HierarchyRelationInfo>
      <SuperEventID>2</SuperEventID>
      <SubEventID>20</SubEventID>
      <Type>SuperSub</Type>
      <Uncertain>false</Uncertain>
    </HierarchyRelationInfo>
    <HierarchyRelationInfo>
      <SuperEventID>2</SuperEventID>
      <SubEventID>21</SubEventID>
      <Type>SuperSub</Type>
      <Uncertain>false</Uncertain>
    </HierarchyRelationInfo>
    <HierarchyRelationInfo>
      <SuperEventID>27</SuperEventID>
      <SubEventID>6</SubEventID>
      <Type>Coref</Type>
      <Uncertain>false</Uncertain>
    </HierarchyRelationInfo>
    <HierarchyRelationInfo>
      <SuperEventID>28</SuperEventID>
      <SubEventID>27</SubEventID>
      <Type>Coref</Type>
      <Uncertain>false</Uncertain>
    </HierarchyRelationInfo>
    <HierarchyRelationInfo>
      <SuperEventID>30</SuperEventID>
      <SubEventID>1</SubEventID>
      <Type>Coref</Type>
      <Uncertain>false</Uncertain>
    </HierarchyRelationInfo>
    <HierarchyRelationInfo>
      <SuperEventID>30</SuperEventID>
      <SubEventID>29</SubEventID>
      <Type>SuperSub</Type>
      <Uncertain>false</Uncertain>
    </HierarchyRelationInfo>
    <HierarchyRelationInfo>
      <SuperEventID>33</SuperEventID>
      <SubEventID>32</SubEventID>
      <Type>SuperSub</Type>
      <Uncertain>false</Uncertain>
    </HierarchyRelationInfo>
    <HierarchyRelationInfo>
      <SuperEventID>35</SuperEventID>
      <SubEventID>9</SubEventID>
      <Type>SuperSub</Type>
      <Uncertain>false</Uncertain>
    </HierarchyRelationInfo>
    <HierarchyRelationInfo>
      <SuperEventID>9</SuperEventID>
      <SubEventID>19</SubEventID>
      <Type>Coref</Type>
      <Uncertain>false</Uncertain>
    </HierarchyRelationInfo>
    <HierarchyRelationInfo>
      <SuperEventID>39</SuperEventID>
      <SubEventID>33</SubEventID>
      <Type>SuperSub</Type>
      <Uncertain>false</Uncertain>
    </HierarchyRelationInfo>
    <HierarchyRelationInfo>
      <SuperEventID>39</SuperEventID>
      <SubEventID>35</SubEventID>
      <Type>SuperSub</Type>
      <Uncertain>false</Uncertain>
    </HierarchyRelationInfo>
    <HierarchyRelationInfo>
      <SuperEventID>39</SuperEventID>
      <SubEventID>42</SubEventID>
      <Type>Coref</Type>
      <Uncertain>false</Uncertain>
    </HierarchyRelationInfo>
    <HierarchyRelationInfo>
      <SuperEventID>44</SuperEventID>
      <SubEventID>23</SubEventID>
      <Type>Coref</Type>
      <Uncertain>false</Uncertain>
    </HierarchyRelationInfo>
    <HierarchyRelationInfo>
      <SuperEventID>45</SuperEventID>
      <SubEventID>30</SubEventID>
      <Type>Coref</Type>
      <Uncertain>false</Uncertain>
    </HierarchyRelationInfo>
    <HierarchyRelationInfo>
      <SuperEventID>45</SuperEventID>
      <SubEventID>46</SubEventID>
      <Type>SuperSub</Type>
      <Uncertain>false</Uncertain>
    </HierarchyRelationInfo>
  </Relations>
</ArticleInfo>