<ArticleInfo>
  <Text>Simultaneous raids were also conducted on South West Mining Company's offices in Tornagal in Bellary district. The company had made payments of Rs 20 crore to Yeddyurappa's family run concerns in lieu of sanction of mining licences. The CBI had filed FIRs against Yeddyurappa, his sons B Y Raghavendra, B Y Vijayendra and son-in-law R Sohan Kumar on Tuesday. A nine-member team headed by Inspector General of CBI Lakshminarayana commenced the raids at Yeddyurappa's residences in Dollars Colony and Race Course Road here besides a firm owned by one of his sons, the sources said. The CBI has been asked to submit its preliminary report by August 3. The raids come in the wake of the CBI registering a case against Yeddyurappa and others in line with the May 11 Supreme Court directive ordering a probe by the central agency into alleged undue favours shown by him to firms involved in illegal mining in lieu of donations to a charitable trust run by his kin when he was the chief minister. The raids began at 6.15am and would continue throughout the day, the sources said. The CBI action comes at a time when Yeddyurappa is facing the heat of internal turmoil in the BJP triggered by a revolt by his loyalists gunning for a change of leadership of D V Sadananda Gowda with nine ministers and many MLAs submitting their resignations to him. After aggressive postures that pushed the BJP's first ever government in the south to the brink, Yeddyurappa on Monday said he had decided to quit the party but was putting it off heeding the advise of party senior leader Arun Jaitely and others. Yeddyurappa, who was forced to quit last year after the Lokayukta report indictment on illegal mining, is also battling a spate of cases for alleged irregularities in land denotification. </Text>
  <Events>
    <EventMentionInfo>
      <ID>1</ID>
      <AnchorText>raids</AnchorText>
      <Type>Occurrence</Type>
      <Position>13</Position>
    </EventMentionInfo>
    <EventMentionInfo>
      <ID>2</ID>
      <AnchorText>conducted</AnchorText>
      <Type>I_Action</Type>
      <Position>29</Position>
    </EventMentionInfo>
    <EventMentionInfo>
      <ID>3</ID>
      <AnchorText>made</AnchorText>
      <Type>I_Action</Type>
      <Position>127</Position>
    </EventMentionInfo>
    <EventMentionInfo>
      <ID>4</ID>
      <AnchorText>payments</AnchorText>
      <Type>HalfGeneric</Type>
      <Position>132</Position>
    </EventMentionInfo>
    <EventMentionInfo>
      <ID>5</ID>
      <AnchorText>sanction</AnchorText>
      <Type>HalfGeneric</Type>
      <Position>204</Position>
    </EventMentionInfo>
    <EventMentionInfo>
      <ID>6</ID>
      <AnchorText>filed</AnchorText>
      <Type>Occurrence</Type>
      <Position>245</Position>
    </EventMentionInfo>
    <EventMentionInfo>
      <ID>7</ID>
      <AnchorText>commenced</AnchorText>
      <Type>I_Action</Type>
      <Position>429</Position>
    </EventMentionInfo>
    <EventMentionInfo>
      <ID>8</ID>
      <AnchorText>raids</AnchorText>
      <Type>Occurrence</Type>
      <Position>443</Position>
    </EventMentionInfo>
    <EventMentionInfo>
      <ID>9</ID>
      <AnchorText>said</AnchorText>
      <Type>Reporting</Type>
      <Position>574</Position>
    </EventMentionInfo>
    <EventMentionInfo>
      <ID>10</ID>
      <AnchorText>asked</AnchorText>
      <Type>I_Action</Type>
      <Position>597</Position>
    </EventMentionInfo>
    <EventMentionInfo>
      <ID>11</ID>
      <AnchorText>raids</AnchorText>
      <Type>Occurrence</Type>
      <Position>653</Position>
    </EventMentionInfo>
    <EventMentionInfo>
      <ID>12</ID>
      <AnchorText>come</AnchorText>
      <Type>I_Action</Type>
      <Position>659</Position>
    </EventMentionInfo>
    <EventMentionInfo>
      <ID>13</ID>
      <AnchorText>registering</AnchorText>
      <Type>Occurrence</Type>
      <Position>687</Position>
    </EventMentionInfo>
    <EventMentionInfo>
      <ID>14</ID>
      <AnchorText>ordering</AnchorText>
      <Type>I_Action</Type>
      <Position>785</Position>
    </EventMentionInfo>
    <EventMentionInfo>
      <ID>15</ID>
      <AnchorText>donations</AnchorText>
      <Type>HalfGeneric</Type>
      <Position>911</Position>
    </EventMentionInfo>
    <EventMentionInfo>
      <ID>16</ID>
      <AnchorText>raids</AnchorText>
      <Type>Occurrence</Type>
      <Position>994</Position>
    </EventMentionInfo>
    <EventMentionInfo>
      <ID>17</ID>
      <AnchorText>began</AnchorText>
      <Type>I_Action</Type>
      <Position>1000</Position>
    </EventMentionInfo>
    <EventMentionInfo>
      <ID>18</ID>
      <AnchorText>said</AnchorText>
      <Type>Reporting</Type>
      <Position>1067</Position>
    </EventMentionInfo>
    <EventMentionInfo>
      <ID>19</ID>
      <AnchorText>action</AnchorText>
      <Type>Occurrence</Type>
      <Position>1081</Position>
    </EventMentionInfo>
    <EventMentionInfo>
      <ID>20</ID>
      <AnchorText>comes</AnchorText>
      <Type>Occurrence</Type>
      <Position>1088</Position>
    </EventMentionInfo>
    <EventMentionInfo>
      <ID>21</ID>
      <AnchorText>turmoil</AnchorText>
      <Type>HalfGeneric</Type>
      <Position>1152</Position>
    </EventMentionInfo>
    <EventMentionInfo>
      <ID>22</ID>
      <AnchorText>triggered</AnchorText>
      <Type>I_Action</Type>
      <Position>1171</Position>
    </EventMentionInfo>
    <EventMentionInfo>
      <ID>23</ID>
      <AnchorText>revolt</AnchorText>
      <Type>Occurrence</Type>
      <Position>1186</Position>
    </EventMentionInfo>
    <EventMentionInfo>
      <ID>24</ID>
      <AnchorText>gunning</AnchorText>
      <Type>I_Action</Type>
      <Position>1210</Position>
    </EventMentionInfo>
    <EventMentionInfo>
      <ID>25</ID>
      <AnchorText>submitting</AnchorText>
      <Type>I_Action</Type>
      <Position>1302</Position>
    </EventMentionInfo>
    <EventMentionInfo>
      <ID>26</ID>
      <AnchorText>resignations</AnchorText>
      <Type>HalfGeneric</Type>
      <Position>1319</Position>
    </EventMentionInfo>
    <EventMentionInfo>
      <ID>27</ID>
      <AnchorText>pushed</AnchorText>
      <Type>StateChange</Type>
      <Position>1371</Position>
    </EventMentionInfo>
    <EventMentionInfo>
      <ID>28</ID>
      <AnchorText>said</AnchorText>
      <Type>Reporting</Type>
      <Position>1459</Position>
    </EventMentionInfo>
    <EventMentionInfo>
      <ID>29</ID>
      <AnchorText>decided</AnchorText>
      <Type>I_Action</Type>
      <Position>1471</Position>
    </EventMentionInfo>
    <EventMentionInfo>
      <ID>30</ID>
      <AnchorText>heeding</AnchorText>
      <Type>Occurrence</Type>
      <Position>1520</Position>
    </EventMentionInfo>
    <EventMentionInfo>
      <ID>31</ID>
      <AnchorText>advise</AnchorText>
      <Type>Reporting</Type>
      <Position>1532</Position>
    </EventMentionInfo>
    <EventMentionInfo>
      <ID>32</ID>
      <AnchorText>forced</AnchorText>
      <Type>I_Action</Type>
      <Position>1608</Position>
    </EventMentionInfo>
    <EventMentionInfo>
      <ID>33</ID>
      <AnchorText>quit</AnchorText>
      <Type>Occurrence</Type>
      <Position>1618</Position>
    </EventMentionInfo>
    <EventMentionInfo>
      <ID>34</ID>
      <AnchorText>indictment</AnchorText>
      <Type>Occurrence</Type>
      <Position>1660</Position>
    </EventMentionInfo>
    <EventMentionInfo>
      <ID>35</ID>
      <AnchorText>mining</AnchorText>
      <Type>HalfGeneric</Type>
      <Position>1682</Position>
    </EventMentionInfo>
    <EventMentionInfo>
      <ID>36</ID>
      <AnchorText>battling</AnchorText>
      <Type>I_Action</Type>
      <Position>1698</Position>
    </EventMentionInfo>
  </Events>
  <Relations>
    <HierarchyRelationInfo>
      <SuperEventID>1</SuperEventID>
      <SubEventID>8</SubEventID>
      <Type>Coref</Type>
      <Uncertain>false</Uncertain>
    </HierarchyRelationInfo>
    <HierarchyRelationInfo>
      <SuperEventID>11</SuperEventID>
      <SubEventID>8</SubEventID>
      <Type>Coref</Type>
      <Uncertain>false</Uncertain>
    </HierarchyRelationInfo>
    <HierarchyRelationInfo>
      <SuperEventID>6</SuperEventID>
      <SubEventID>13</SubEventID>
      <Type>Coref</Type>
      <Uncertain>false</Uncertain>
    </HierarchyRelationInfo>
    <HierarchyRelationInfo>
      <SuperEventID>15</SuperEventID>
      <SubEventID>4</SubEventID>
      <Type>Coref</Type>
      <Uncertain>false</Uncertain>
    </HierarchyRelationInfo>
    <HierarchyRelationInfo>
      <SuperEventID>16</SuperEventID>
      <SubEventID>11</SubEventID>
      <Type>Coref</Type>
      <Uncertain>false</Uncertain>
    </HierarchyRelationInfo>
    <HierarchyRelationInfo>
      <SuperEventID>19</SuperEventID>
      <SubEventID>16</SubEventID>
      <Type>SuperSub</Type>
      <Uncertain>false</Uncertain>
    </HierarchyRelationInfo>
    <HierarchyRelationInfo>
      <SuperEventID>19</SuperEventID>
      <SubEventID>13</SubEventID>
      <Type>SuperSub</Type>
      <Uncertain>false</Uncertain>
    </HierarchyRelationInfo>
    <HierarchyRelationInfo>
      <SuperEventID>21</SuperEventID>
      <SubEventID>19</SubEventID>
      <Type>SuperSub</Type>
      <Uncertain>false</Uncertain>
    </HierarchyRelationInfo>
    <HierarchyRelationInfo>
      <SuperEventID>21</SuperEventID>
      <SubEventID>23</SubEventID>
      <Type>SuperSub</Type>
      <Uncertain>false</Uncertain>
    </HierarchyRelationInfo>
    <HierarchyRelationInfo>
      <SuperEventID>21</SuperEventID>
      <SubEventID>26</SubEventID>
      <Type>SuperSub</Type>
      <Uncertain>false</Uncertain>
    </HierarchyRelationInfo>
    <HierarchyRelationInfo>
      <SuperEventID>21</SuperEventID>
      <SubEventID>27</SubEventID>
      <Type>SuperSub</Type>
      <Uncertain>false</Uncertain>
    </HierarchyRelationInfo>
    <HierarchyRelationInfo>
      <SuperEventID>34</SuperEventID>
      <SubEventID>5</SubEventID>
      <Type>Coref</Type>
      <Uncertain>false</Uncertain>
    </HierarchyRelationInfo>
  </Relations>
</ArticleInfo>