<ArticleInfo>
  <Text>"Majid Jamali Fashi, the Mossad spy and the person who assassinated Masoud Ali Mohammadi, our nation's nuclear scientist, was hanged Tuesday morning (local time)," IRNA said. Local media reported August 28 that Jamali Fashi was sentenced to death after being "convicted of Moharebeh (waging war against God) for placing a bomb-laden bike and blowing it up in front of martyr Ali Mohammadi's home, in collaboration with the Zionist regime and Mossad". Jamali Fashi stood trial as the main suspect in the killing of Ali Mohammadi, a particle physics professor at Tehran University who was killed in a bomb attack outside his home in January 2010. Jamali Fashi also faced charges of cooperating with Israel's spy agency Mossad and of receiving $US120,000 for passing on intelligence to its agents. The Islamic republic has blamed the Jewish state and the United States for the killing of four of its scientists and nuclear experts since 2010. Western powers and Israel suspect Iran is seeking an atomic weapons capability under the guise of its civilian nuclear and space programs - a charge Tehran vehemently denies. </Text>
  <Events>
    <EventMentionInfo>
      <ID>1</ID>
      <AnchorText>assassinated</AnchorText>
      <Type>Occurrence</Type>
      <Position>55</Position>
    </EventMentionInfo>
    <EventMentionInfo>
      <ID>2</ID>
      <AnchorText>hanged</AnchorText>
      <Type>Occurrence</Type>
      <Position>126</Position>
    </EventMentionInfo>
    <EventMentionInfo>
      <ID>3</ID>
      <AnchorText>said</AnchorText>
      <Type>Reporting</Type>
      <Position>169</Position>
    </EventMentionInfo>
    <EventMentionInfo>
      <ID>4</ID>
      <AnchorText>reported</AnchorText>
      <Type>Reporting</Type>
      <Position>187</Position>
    </EventMentionInfo>
    <EventMentionInfo>
      <ID>5</ID>
      <AnchorText>sentenced</AnchorText>
      <Type>Occurrence</Type>
      <Position>228</Position>
    </EventMentionInfo>
    <EventMentionInfo>
      <ID>6</ID>
      <AnchorText>convicted</AnchorText>
      <Type>Occurrence</Type>
      <Position>260</Position>
    </EventMentionInfo>
    <EventMentionInfo>
      <ID>7</ID>
      <AnchorText>placing</AnchorText>
      <Type>Occurrence</Type>
      <Position>312</Position>
    </EventMentionInfo>
    <EventMentionInfo>
      <ID>8</ID>
      <AnchorText>blowing</AnchorText>
      <Type>Occurrence</Type>
      <Position>342</Position>
    </EventMentionInfo>
    <EventMentionInfo>
      <ID>9</ID>
      <AnchorText>collaboration</AnchorText>
      <Type>Occurrence</Type>
      <Position>400</Position>
    </EventMentionInfo>
    <EventMentionInfo>
      <ID>10</ID>
      <AnchorText>stood</AnchorText>
      <Type>I_Action</Type>
      <Position>464</Position>
    </EventMentionInfo>
    <EventMentionInfo>
      <ID>11</ID>
      <AnchorText>trial</AnchorText>
      <Type>Occurrence</Type>
      <Position>470</Position>
    </EventMentionInfo>
    <EventMentionInfo>
      <ID>12</ID>
      <AnchorText>killing</AnchorText>
      <Type>Occurrence</Type>
      <Position>503</Position>
    </EventMentionInfo>
    <EventMentionInfo>
      <ID>13</ID>
      <AnchorText>killed</AnchorText>
      <Type>Occurrence</Type>
      <Position>587</Position>
    </EventMentionInfo>
    <EventMentionInfo>
      <ID>14</ID>
      <AnchorText>attack</AnchorText>
      <Type>Occurrence</Type>
      <Position>604</Position>
    </EventMentionInfo>
    <EventMentionInfo>
      <ID>15</ID>
      <AnchorText>faced</AnchorText>
      <Type>I_Action</Type>
      <Position>663</Position>
    </EventMentionInfo>
    <EventMentionInfo>
      <ID>16</ID>
      <AnchorText>charges</AnchorText>
      <Type>I_Action</Type>
      <Position>669</Position>
    </EventMentionInfo>
    <EventMentionInfo>
      <ID>17</ID>
      <AnchorText>blamed</AnchorText>
      <Type>I_Action</Type>
      <Position>820</Position>
    </EventMentionInfo>
    <EventMentionInfo>
      <ID>18</ID>
      <AnchorText>killing</AnchorText>
      <Type>Occurrence</Type>
      <Position>874</Position>
    </EventMentionInfo>
    <EventMentionInfo>
      <ID>19</ID>
      <AnchorText>charge</AnchorText>
      <Type>Occurrence</Type>
      <Position>1082</Position>
    </EventMentionInfo>
    <EventMentionInfo>
      <ID>20</ID>
      <AnchorText>denies</AnchorText>
      <Type>I_Action</Type>
      <Position>1107</Position>
    </EventMentionInfo>
  </Events>
  <Relations>
    <HierarchyRelationInfo>
      <SuperEventID>11</SuperEventID>
      <SubEventID>5</SubEventID>
      <Type>SuperSub</Type>
      <Uncertain>false</Uncertain>
    </HierarchyRelationInfo>
    <HierarchyRelationInfo>
      <SuperEventID>11</SuperEventID>
      <SubEventID>6</SubEventID>
      <Type>SuperSub</Type>
      <Uncertain>false</Uncertain>
    </HierarchyRelationInfo>
    <HierarchyRelationInfo>
      <SuperEventID>8</SuperEventID>
      <SubEventID>12</SubEventID>
      <Type>SuperSub</Type>
      <Uncertain>false</Uncertain>
    </HierarchyRelationInfo>
    <HierarchyRelationInfo>
      <SuperEventID>12</SuperEventID>
      <SubEventID>13</SubEventID>
      <Type>Coref</Type>
      <Uncertain>false</Uncertain>
    </HierarchyRelationInfo>
    <HierarchyRelationInfo>
      <SuperEventID>9</SuperEventID>
      <SubEventID>14</SubEventID>
      <Type>SuperSub</Type>
      <Uncertain>false</Uncertain>
    </HierarchyRelationInfo>
    <HierarchyRelationInfo>
      <SuperEventID>14</SuperEventID>
      <SubEventID>7</SubEventID>
      <Type>SuperSub</Type>
      <Uncertain>false</Uncertain>
    </HierarchyRelationInfo>
    <HierarchyRelationInfo>
      <SuperEventID>14</SuperEventID>
      <SubEventID>8</SubEventID>
      <Type>SuperSub</Type>
      <Uncertain>false</Uncertain>
    </HierarchyRelationInfo>
    <HierarchyRelationInfo>
      <SuperEventID>18</SuperEventID>
      <SubEventID>13</SubEventID>
      <Type>SuperSub</Type>
      <Uncertain>false</Uncertain>
    </HierarchyRelationInfo>
    <HierarchyRelationInfo>
      <SuperEventID>12</SuperEventID>
      <SubEventID>1</SubEventID>
      <Type>Coref</Type>
      <Uncertain>false</Uncertain>
    </HierarchyRelationInfo>
  </Relations>
</ArticleInfo>