<ArticleInfo>
  <Text>A Malaysian court has convicted three Mexican brothers and two other people and sentenced them to be hanged for drug trafficking. The Mexicans are from Sinaloa state, the cradle of their country's drug trade, but have no criminal record at home. They were arrested at a secluded drug-making factory in 2008 and claimed they had been cleaning the place, not making drugs. Kuala Lumpur High Court Judge Mohamad Zawawi Salleh ruled the prosecution had proven its case beyond reasonable doubt and imposed the death sentence, the mandatory penalty for drug trafficking in Malaysia. The other defendants are a Singaporean and a Malaysian. "The court finds all five accused are aware and are involved in the activity of drug-making," Mohamad Zawawi said, adding that the verdict should be a warning to potential drug offenders. "We are very sad. We thought we would be acquitted," said the eldest brother, Luis Alfonso Gonzales. The court had previously rejected the defence's contention that some evidence discrepancies amounted to tampering after a chemist testified that seven items he received for analysis looked different from what he had seen at the factory. The prosecution denied there was any manipulation that undermined the trial. At the factory where the men were arrested, police found more than 29 kilograms of methamphetamine worth 44 million ringgit (15 million US dollars). Judge Mohamed Zawawi said it was clear the men were arrested at an illegal drug laboratory. Traces of drug chemicals were on their clothes, and their claim to have been cleaning the place was not logical because stains were also found on their underwear, he said.</Text>
  <Events>
    <EventMentionInfo>
      <ID>1</ID>
      <AnchorText>convicted</AnchorText>
      <Type>Occurrence</Type>
      <Position>22</Position>
    </EventMentionInfo>
    <EventMentionInfo>
      <ID>2</ID>
      <AnchorText>sentenced</AnchorText>
      <Type>I_Action</Type>
      <Position>80</Position>
    </EventMentionInfo>
    <EventMentionInfo>
      <ID>3</ID>
      <AnchorText>trafficking</AnchorText>
      <Type>Occurrence</Type>
      <Position>117</Position>
    </EventMentionInfo>
    <EventMentionInfo>
      <ID>4</ID>
      <AnchorText>arrested</AnchorText>
      <Type>Occurrence</Type>
      <Position>256</Position>
    </EventMentionInfo>
    <EventMentionInfo>
      <ID>5</ID>
      <AnchorText>claimed</AnchorText>
      <Type>Reporting</Type>
      <Position>311</Position>
    </EventMentionInfo>
    <EventMentionInfo>
      <ID>6</ID>
      <AnchorText>ruled</AnchorText>
      <Type>I_Action</Type>
      <Position>423</Position>
    </EventMentionInfo>
    <EventMentionInfo>
      <ID>7</ID>
      <AnchorText>imposed</AnchorText>
      <Type>I_Action</Type>
      <Position>493</Position>
    </EventMentionInfo>
    <EventMentionInfo>
      <ID>8</ID>
      <AnchorText>finds</AnchorText>
      <Type>Occurrence</Type>
      <Position>644</Position>
    </EventMentionInfo>
    <EventMentionInfo>
      <ID>9</ID>
      <AnchorText>accused</AnchorText>
      <Type>Occurrence</Type>
      <Position>659</Position>
    </EventMentionInfo>
    <EventMentionInfo>
      <ID>10</ID>
      <AnchorText>said</AnchorText>
      <Type>Reporting</Type>
      <Position>742</Position>
    </EventMentionInfo>
    <EventMentionInfo>
      <ID>11</ID>
      <AnchorText>adding</AnchorText>
      <Type>Reporting</Type>
      <Position>748</Position>
    </EventMentionInfo>
    <EventMentionInfo>
      <ID>12</ID>
      <AnchorText>said</AnchorText>
      <Type>Reporting</Type>
      <Position>874</Position>
    </EventMentionInfo>
    <EventMentionInfo>
      <ID>13</ID>
      <AnchorText>rejected</AnchorText>
      <Type>Occurrence</Type>
      <Position>947</Position>
    </EventMentionInfo>
    <EventMentionInfo>
      <ID>14</ID>
      <AnchorText>contention</AnchorText>
      <Type>Occurrence</Type>
      <Position>970</Position>
    </EventMentionInfo>
    <EventMentionInfo>
      <ID>15</ID>
      <AnchorText>testified</AnchorText>
      <Type>Reporting</Type>
      <Position>1052</Position>
    </EventMentionInfo>
    <EventMentionInfo>
      <ID>16</ID>
      <AnchorText>received</AnchorText>
      <Type>I_Action</Type>
      <Position>1082</Position>
    </EventMentionInfo>
    <EventMentionInfo>
      <ID>17</ID>
      <AnchorText>looked</AnchorText>
      <Type>Perception</Type>
      <Position>1104</Position>
    </EventMentionInfo>
    <EventMentionInfo>
      <ID>18</ID>
      <AnchorText>seen</AnchorText>
      <Type>Perception</Type>
      <Position>1138</Position>
    </EventMentionInfo>
    <EventMentionInfo>
      <ID>19</ID>
      <AnchorText>denied</AnchorText>
      <Type>Reporting</Type>
      <Position>1175</Position>
    </EventMentionInfo>
    <EventMentionInfo>
      <ID>20</ID>
      <AnchorText>trial</AnchorText>
      <Type>Occurrence</Type>
      <Position>1229</Position>
    </EventMentionInfo>
    <EventMentionInfo>
      <ID>21</ID>
      <AnchorText>arrested</AnchorText>
      <Type>Occurrence</Type>
      <Position>1270</Position>
    </EventMentionInfo>
    <EventMentionInfo>
      <ID>22</ID>
      <AnchorText>found</AnchorText>
      <Type>Occurrence</Type>
      <Position>1287</Position>
    </EventMentionInfo>
    <EventMentionInfo>
      <ID>23</ID>
      <AnchorText>said</AnchorText>
      <Type>Reporting</Type>
      <Position>1406</Position>
    </EventMentionInfo>
    <EventMentionInfo>
      <ID>24</ID>
      <AnchorText>arrested</AnchorText>
      <Type>Occurrence</Type>
      <Position>1437</Position>
    </EventMentionInfo>
    <EventMentionInfo>
      <ID>25</ID>
      <AnchorText>claim</AnchorText>
      <Type>I_Action</Type>
      <Position>1535</Position>
    </EventMentionInfo>
    <EventMentionInfo>
      <ID>26</ID>
      <AnchorText>found</AnchorText>
      <Type>Occurrence</Type>
      <Position>1614</Position>
    </EventMentionInfo>
    <EventMentionInfo>
      <ID>27</ID>
      <AnchorText>said</AnchorText>
      <Type>Reporting</Type>
      <Position>1643</Position>
    </EventMentionInfo>
  </Events>
  <Relations>
    <HierarchyRelationInfo>
      <SuperEventID>3</SuperEventID>
      <SubEventID>4</SubEventID>
      <Type>SuperSub</Type>
      <Uncertain>false</Uncertain>
    </HierarchyRelationInfo>
    <HierarchyRelationInfo>
      <SuperEventID>14</SuperEventID>
      <SubEventID>13</SubEventID>
      <Type>SuperSub</Type>
      <Uncertain>false</Uncertain>
    </HierarchyRelationInfo>
    <HierarchyRelationInfo>
      <SuperEventID>20</SuperEventID>
      <SubEventID>14</SubEventID>
      <Type>SuperSub</Type>
      <Uncertain>false</Uncertain>
    </HierarchyRelationInfo>
    <HierarchyRelationInfo>
      <SuperEventID>20</SuperEventID>
      <SubEventID>8</SubEventID>
      <Type>SuperSub</Type>
      <Uncertain>false</Uncertain>
    </HierarchyRelationInfo>
    <HierarchyRelationInfo>
      <SuperEventID>20</SuperEventID>
      <SubEventID>1</SubEventID>
      <Type>SuperSub</Type>
      <Uncertain>false</Uncertain>
    </HierarchyRelationInfo>
    <HierarchyRelationInfo>
      <SuperEventID>21</SuperEventID>
      <SubEventID>4</SubEventID>
      <Type>Coref</Type>
      <Uncertain>false</Uncertain>
    </HierarchyRelationInfo>
    <HierarchyRelationInfo>
      <SuperEventID>24</SuperEventID>
      <SubEventID>21</SubEventID>
      <Type>Coref</Type>
      <Uncertain>false</Uncertain>
    </HierarchyRelationInfo>
  </Relations>
</ArticleInfo>