<ArticleInfo>
  <Text>In Baghdad, three car bombs, two roadside bombs and one suicide car bomb hit mainly Shi'ite areas, killing 15 people and wounding 61, the sources said. Two car bombs and three roadside bombs aimed at police and army patrols in the northern oil city of Kirkuk killed eight people and wounded 26, police and hospital sources said. "I was trying to stop traffic to let a police patrol pass...A car bomb exploded, I fell on the ground and police took me to the hospital," a policeman wounded in the face and chest told Reuters as doctors tended him. He declined to be named. It was Iraq's bloodiest day since Al Qaeda's affiliate in the country, the Islamic State of Iraq group, killed at least 52 people with a series of 30 blasts on March 20. No group has yet claimed responsibility for Thursday's attacks. Colonel Dhiya al-Wakeel, a spokesman for the Baghdad operations command, said the attacks were an attempt to convince the Iraqi people that the country was still insecure. "Our forces are capable of confronting such challenges and this will not affect the improvement in the security situation or our security plans," Wakeel told the State-owned, Iraqiya TV. Heightened tension between Shi'ites, Sunnis and Kurds in the coalition government since U.S. troops withdrew in December has raised fears of a return to sectarian violence of the kind that pushed Iraq to the brink of civil war a few years ago. The country is less violent than at the height of that conflict in 2006-07, but bombings and killings still happen daily, often aimed at Shi'ite areas and local security forces. Kirkuk, home to Arabs, Kurds, Turkmen and others, is at the heart of a long-running dispute between the central government and the autonomous Kurdish region, which claims the city and the region's rich oil reserves. Some critics say the government of Prime Minister Nuri al-Maliki is not doing enough to stem the threat from militants. "They are saying they are changing security plans, they are redeploying troops but it is like they are changing the decorations only," Ali Al-Haidari, an Iraqi security expert, told Reuters. "Is there any new technology, any new laws supporting the security process? The answer is no. The natural result for that is there are gaps here and there." The biggest attack in Baghdad was in the Kadhimiya district, where a car bomb killed five and wounded 24, sources said. A car bomb targeting the health minister's motorcade went off in the central Haifa district, killing two civilians and wounding at least four of the minister's guards, a police source said. His spokesman said five guards were wounded in the attack. Car and roadside bombs also went off in Baghdad's Amil, Palestine Street and Zaafaraniya districts. A political crisis erupted in Iraq in December when the Shi'ite-led government tried to remove Sunni Deputy Prime Minister Saleh al-Mutlaq and sought an arrest warrant for Sunni Vice President Tareq al-Hashemi on charges he ran death squads. Critics of Maliki viewed the moves as an attempt by the Shi'ite premier to consolidate power, and many Sunnis fear he is trying to sideline them from government. Maliki has said the charges against Hashemi were brought by the judicial system. Parliament speaker Osama al-Nujaifi said security force leaders should take responsibility for not stopping the explosions. "Some (groups) are seeking to exploit the domestic crisis to target unity and try to sow sectarian and racist strife," he said in a statement. Elsewhere in northern Iraq, two car bombs targeting government-backed Sunni Sahwa militia went off in Samarra, two blasts hit Baquba, a roadside bomb exploded in Mosul and another roadside device exploded in Taji. One policeman was killed in the town of Hadid, 10 km (6 miles) west of Baquba, when gunmen opened fire on the station where he worked from a passing car, police sources said. In the mainly Sunni Muslim province of Anbar in the west, two car bombs targeting police killed four and wounded 10 in Ramadi while a roadside bomb wounded four people in Falluja.</Text>
  <Events>
    <EventMentionInfo>
      <ID>1</ID>
      <AnchorText>hit</AnchorText>
      <Type>Occurrence</Type>
      <Position>73</Position>
    </EventMentionInfo>
    <EventMentionInfo>
      <ID>2</ID>
      <AnchorText>killing</AnchorText>
      <Type>Occurrence</Type>
      <Position>99</Position>
    </EventMentionInfo>
    <EventMentionInfo>
      <ID>3</ID>
      <AnchorText>wounding</AnchorText>
      <Type>Occurrence</Type>
      <Position>121</Position>
    </EventMentionInfo>
    <EventMentionInfo>
      <ID>4</ID>
      <AnchorText>said</AnchorText>
      <Type>Reporting</Type>
      <Position>146</Position>
    </EventMentionInfo>
    <EventMentionInfo>
      <ID>5</ID>
      <AnchorText>killed</AnchorText>
      <Type>Occurrence</Type>
      <Position>259</Position>
    </EventMentionInfo>
    <EventMentionInfo>
      <ID>6</ID>
      <AnchorText>wounded</AnchorText>
      <Type>Occurrence</Type>
      <Position>283</Position>
    </EventMentionInfo>
    <EventMentionInfo>
      <ID>7</ID>
      <AnchorText>said</AnchorText>
      <Type>Reporting</Type>
      <Position>323</Position>
    </EventMentionInfo>
    <EventMentionInfo>
      <ID>8</ID>
      <AnchorText>trying</AnchorText>
      <Type>I_Action</Type>
      <Position>336</Position>
    </EventMentionInfo>
    <EventMentionInfo>
      <ID>9</ID>
      <AnchorText>exploded</AnchorText>
      <Type>Occurrence</Type>
      <Position>400</Position>
    </EventMentionInfo>
    <EventMentionInfo>
      <ID>10</ID>
      <AnchorText>fell</AnchorText>
      <Type>Occurrence</Type>
      <Position>412</Position>
    </EventMentionInfo>
    <EventMentionInfo>
      <ID>11</ID>
      <AnchorText>took</AnchorText>
      <Type>Occurrence</Type>
      <Position>442</Position>
    </EventMentionInfo>
    <EventMentionInfo>
      <ID>12</ID>
      <AnchorText>wounded</AnchorText>
      <Type>Occurrence</Type>
      <Position>480</Position>
    </EventMentionInfo>
    <EventMentionInfo>
      <ID>13</ID>
      <AnchorText>told</AnchorText>
      <Type>Reporting</Type>
      <Position>510</Position>
    </EventMentionInfo>
    <EventMentionInfo>
      <ID>14</ID>
      <AnchorText>tended</AnchorText>
      <Type>Occurrence</Type>
      <Position>534</Position>
    </EventMentionInfo>
    <EventMentionInfo>
      <ID>15</ID>
      <AnchorText>declined</AnchorText>
      <Type>I_Action</Type>
      <Position>549</Position>
    </EventMentionInfo>
    <EventMentionInfo>
      <ID>16</ID>
      <AnchorText>killed</AnchorText>
      <Type>Occurrence</Type>
      <Position>675</Position>
    </EventMentionInfo>
    <EventMentionInfo>
      <ID>17</ID>
      <AnchorText>blasts</AnchorText>
      <Type>Occurrence</Type>
      <Position>721</Position>
    </EventMentionInfo>
    <EventMentionInfo>
      <ID>18</ID>
      <AnchorText>attacks</AnchorText>
      <Type>Occurrence</Type>
      <Position>796</Position>
    </EventMentionInfo>
    <EventMentionInfo>
      <ID>19</ID>
      <AnchorText>said</AnchorText>
      <Type>Reporting</Type>
      <Position>878</Position>
    </EventMentionInfo>
    <EventMentionInfo>
      <ID>20</ID>
      <AnchorText>attacks</AnchorText>
      <Type>Occurrence</Type>
      <Position>887</Position>
    </EventMentionInfo>
    <EventMentionInfo>
      <ID>21</ID>
      <AnchorText>attempt</AnchorText>
      <Type>I_Action</Type>
      <Position>903</Position>
    </EventMentionInfo>
    <EventMentionInfo>
      <ID>22</ID>
      <AnchorText>told</AnchorText>
      <Type>Reporting</Type>
      <Position>1130</Position>
    </EventMentionInfo>
    <EventMentionInfo>
      <ID>23</ID>
      <AnchorText>Heightened</AnchorText>
      <Type>StateChange</Type>
      <Position>1164</Position>
    </EventMentionInfo>
    <EventMentionInfo>
      <ID>24</ID>
      <AnchorText>withdrew</AnchorText>
      <Type>Occurrence</Type>
      <Position>1264</Position>
    </EventMentionInfo>
    <EventMentionInfo>
      <ID>25</ID>
      <AnchorText>raised</AnchorText>
      <Type>StateChange</Type>
      <Position>1289</Position>
    </EventMentionInfo>
    <EventMentionInfo>
      <ID>26</ID>
      <AnchorText>pushed</AnchorText>
      <Type>Occurrence</Type>
      <Position>1353</Position>
    </EventMentionInfo>
    <EventMentionInfo>
      <ID>27</ID>
      <AnchorText>conflict</AnchorText>
      <Type>Occurrence</Type>
      <Position>1463</Position>
    </EventMentionInfo>
    <EventMentionInfo>
      <ID>28</ID>
      <AnchorText>bombings</AnchorText>
      <Type>HalfGeneric</Type>
      <Position>1488</Position>
    </EventMentionInfo>
    <EventMentionInfo>
      <ID>29</ID>
      <AnchorText>killings</AnchorText>
      <Type>HalfGeneric</Type>
      <Position>1501</Position>
    </EventMentionInfo>
    <EventMentionInfo>
      <ID>30</ID>
      <AnchorText>happen</AnchorText>
      <Type>HalfGeneric</Type>
      <Position>1516</Position>
    </EventMentionInfo>
    <EventMentionInfo>
      <ID>31</ID>
      <AnchorText>dispute</AnchorText>
      <Type>Occurrence</Type>
      <Position>1670</Position>
    </EventMentionInfo>
    <EventMentionInfo>
      <ID>32</ID>
      <AnchorText>say</AnchorText>
      <Type>Reporting</Type>
      <Position>1815</Position>
    </EventMentionInfo>
    <EventMentionInfo>
      <ID>33</ID>
      <AnchorText>saying</AnchorText>
      <Type>Reporting</Type>
      <Position>1932</Position>
    </EventMentionInfo>
    <EventMentionInfo>
      <ID>34</ID>
      <AnchorText>changing</AnchorText>
      <Type>Occurrence</Type>
      <Position>1948</Position>
    </EventMentionInfo>
    <EventMentionInfo>
      <ID>35</ID>
      <AnchorText>redeploying</AnchorText>
      <Type>Occurrence</Type>
      <Position>1982</Position>
    </EventMentionInfo>
    <EventMentionInfo>
      <ID>36</ID>
      <AnchorText>told</AnchorText>
      <Type>Reporting</Type>
      <Position>2099</Position>
    </EventMentionInfo>
    <EventMentionInfo>
      <ID>37</ID>
      <AnchorText>attack</AnchorText>
      <Type>Occurrence</Type>
      <Position>2282</Position>
    </EventMentionInfo>
    <EventMentionInfo>
      <ID>38</ID>
      <AnchorText>killed</AnchorText>
      <Type>Occurrence</Type>
      <Position>2348</Position>
    </EventMentionInfo>
    <EventMentionInfo>
      <ID>39</ID>
      <AnchorText>wounded</AnchorText>
      <Type>Occurrence</Type>
      <Position>2364</Position>
    </EventMentionInfo>
    <EventMentionInfo>
      <ID>40</ID>
      <AnchorText>said</AnchorText>
      <Type>Reporting</Type>
      <Position>2384</Position>
    </EventMentionInfo>
    <EventMentionInfo>
      <ID>41</ID>
      <AnchorText>went</AnchorText>
      <Type>Occurrence</Type>
      <Position>2443</Position>
    </EventMentionInfo>
    <EventMentionInfo>
      <ID>42</ID>
      <AnchorText>killing</AnchorText>
      <Type>Occurrence</Type>
      <Position>2483</Position>
    </EventMentionInfo>
    <EventMentionInfo>
      <ID>43</ID>
      <AnchorText>wounding</AnchorText>
      <Type>Occurrence</Type>
      <Position>2509</Position>
    </EventMentionInfo>
    <EventMentionInfo>
      <ID>44</ID>
      <AnchorText>said</AnchorText>
      <Type>Reporting</Type>
      <Position>2574</Position>
    </EventMentionInfo>
    <EventMentionInfo>
      <ID>45</ID>
      <AnchorText>said</AnchorText>
      <Type>Reporting</Type>
      <Position>2594</Position>
    </EventMentionInfo>
    <EventMentionInfo>
      <ID>46</ID>
      <AnchorText>wounded</AnchorText>
      <Type>Occurrence</Type>
      <Position>2616</Position>
    </EventMentionInfo>
    <EventMentionInfo>
      <ID>47</ID>
      <AnchorText>attack</AnchorText>
      <Type>Occurrence</Type>
      <Position>2631</Position>
    </EventMentionInfo>
    <EventMentionInfo>
      <ID>48</ID>
      <AnchorText>went</AnchorText>
      <Type>Occurrence</Type>
      <Position>2667</Position>
    </EventMentionInfo>
    <EventMentionInfo>
      <ID>49</ID>
      <AnchorText>crisis</AnchorText>
      <Type>Occurrence</Type>
      <Position>2751</Position>
    </EventMentionInfo>
    <EventMentionInfo>
      <ID>50</ID>
      <AnchorText>erupted</AnchorText>
      <Type>I_Action</Type>
      <Position>2758</Position>
    </EventMentionInfo>
    <EventMentionInfo>
      <ID>51</ID>
      <AnchorText>tried</AnchorText>
      <Type>I_Action</Type>
      <Position>2818</Position>
    </EventMentionInfo>
    <EventMentionInfo>
      <ID>52</ID>
      <AnchorText>sought</AnchorText>
      <Type>I_Action</Type>
      <Position>2882</Position>
    </EventMentionInfo>
    <EventMentionInfo>
      <ID>53</ID>
      <AnchorText>viewed</AnchorText>
      <Type>Perception</Type>
      <Position>2999</Position>
    </EventMentionInfo>
    <EventMentionInfo>
      <ID>54</ID>
      <AnchorText>moves</AnchorText>
      <Type>HalfGeneric</Type>
      <Position>3010</Position>
    </EventMentionInfo>
    <EventMentionInfo>
      <ID>55</ID>
      <AnchorText>attempt</AnchorText>
      <Type>I_Action</Type>
      <Position>3022</Position>
    </EventMentionInfo>
    <EventMentionInfo>
      <ID>56</ID>
      <AnchorText>said</AnchorText>
      <Type>Reporting</Type>
      <Position>3154</Position>
    </EventMentionInfo>
    <EventMentionInfo>
      <ID>57</ID>
      <AnchorText>brought</AnchorText>
      <Type>Occurrence</Type>
      <Position>3192</Position>
    </EventMentionInfo>
    <EventMentionInfo>
      <ID>58</ID>
      <AnchorText>said</AnchorText>
      <Type>Reporting</Type>
      <Position>3260</Position>
    </EventMentionInfo>
    <EventMentionInfo>
      <ID>59</ID>
      <AnchorText>explosions</AnchorText>
      <Type>Occurrence</Type>
      <Position>3336</Position>
    </EventMentionInfo>
    <EventMentionInfo>
      <ID>60</ID>
      <AnchorText>seeking</AnchorText>
      <Type>I_Action</Type>
      <Position>3367</Position>
    </EventMentionInfo>
    <EventMentionInfo>
      <ID>61</ID>
      <AnchorText>crisis</AnchorText>
      <Type>Occurrence</Type>
      <Position>3399</Position>
    </EventMentionInfo>
    <EventMentionInfo>
      <ID>62</ID>
      <AnchorText>said</AnchorText>
      <Type>Reporting</Type>
      <Position>3470</Position>
    </EventMentionInfo>
    <EventMentionInfo>
      <ID>63</ID>
      <AnchorText>went</AnchorText>
      <Type>Occurrence</Type>
      <Position>3581</Position>
    </EventMentionInfo>
    <EventMentionInfo>
      <ID>64</ID>
      <AnchorText>blasts</AnchorText>
      <Type>Occurrence</Type>
      <Position>3606</Position>
    </EventMentionInfo>
    <EventMentionInfo>
      <ID>65</ID>
      <AnchorText>hit</AnchorText>
      <Type>Occurrence</Type>
      <Position>3613</Position>
    </EventMentionInfo>
    <EventMentionInfo>
      <ID>66</ID>
      <AnchorText>exploded</AnchorText>
      <Type>Occurrence</Type>
      <Position>3641</Position>
    </EventMentionInfo>
    <EventMentionInfo>
      <ID>67</ID>
      <AnchorText>exploded</AnchorText>
      <Type>Occurrence</Type>
      <Position>3687</Position>
    </EventMentionInfo>
    <EventMentionInfo>
      <ID>68</ID>
      <AnchorText>killed</AnchorText>
      <Type>Occurrence</Type>
      <Position>3723</Position>
    </EventMentionInfo>
    <EventMentionInfo>
      <ID>69</ID>
      <AnchorText>opened</AnchorText>
      <Type>I_Action</Type>
      <Position>3796</Position>
    </EventMentionInfo>
    <EventMentionInfo>
      <ID>70</ID>
      <AnchorText>fire</AnchorText>
      <Type>Occurrence</Type>
      <Position>3803</Position>
    </EventMentionInfo>
    <EventMentionInfo>
      <ID>71</ID>
      <AnchorText>passing</AnchorText>
      <Type>Occurrence</Type>
      <Position>3846</Position>
    </EventMentionInfo>
    <EventMentionInfo>
      <ID>72</ID>
      <AnchorText>said</AnchorText>
      <Type>Reporting</Type>
      <Position>3874</Position>
    </EventMentionInfo>
    <EventMentionInfo>
      <ID>73</ID>
      <AnchorText>killed</AnchorText>
      <Type>Occurrence</Type>
      <Position>3969</Position>
    </EventMentionInfo>
    <EventMentionInfo>
      <ID>74</ID>
      <AnchorText>wounded</AnchorText>
      <Type>Occurrence</Type>
      <Position>3985</Position>
    </EventMentionInfo>
    <EventMentionInfo>
      <ID>75</ID>
      <AnchorText>wounded</AnchorText>
      <Type>Occurrence</Type>
      <Position>4028</Position>
    </EventMentionInfo>
  </Events>
  <Relations>
    <HierarchyRelationInfo>
      <SuperEventID>1</SuperEventID>
      <SubEventID>2</SubEventID>
      <Type>SuperSub</Type>
      <Uncertain>false</Uncertain>
      <Transitive>false</Transitive>
    </HierarchyRelationInfo>
    <HierarchyRelationInfo>
      <SuperEventID>1</SuperEventID>
      <SubEventID>3</SubEventID>
      <Type>SuperSub</Type>
      <Uncertain>false</Uncertain>
      <Transitive>false</Transitive>
    </HierarchyRelationInfo>
    <HierarchyRelationInfo>
      <SuperEventID>9</SuperEventID>
      <SubEventID>12</SubEventID>
      <Type>SuperSub</Type>
      <Uncertain>false</Uncertain>
      <Transitive>false</Transitive>
    </HierarchyRelationInfo>
    <HierarchyRelationInfo>
      <SuperEventID>17</SuperEventID>
      <SubEventID>16</SubEventID>
      <Type>SuperSub</Type>
      <Uncertain>false</Uncertain>
      <Transitive>false</Transitive>
    </HierarchyRelationInfo>
    <HierarchyRelationInfo>
      <SuperEventID>18</SuperEventID>
      <SubEventID>1</SubEventID>
      <Type>SuperSub</Type>
      <Uncertain>false</Uncertain>
      <Transitive>false</Transitive>
    </HierarchyRelationInfo>
    <HierarchyRelationInfo>
      <SuperEventID>20</SuperEventID>
      <SubEventID>18</SubEventID>
      <Type>Coref</Type>
      <Uncertain>false</Uncertain>
      <Transitive>false</Transitive>
    </HierarchyRelationInfo>
    <HierarchyRelationInfo>
      <SuperEventID>20</SuperEventID>
      <SubEventID>37</SubEventID>
      <Type>SuperSub</Type>
      <Uncertain>false</Uncertain>
      <Transitive>false</Transitive>
    </HierarchyRelationInfo>
    <HierarchyRelationInfo>
      <SuperEventID>37</SuperEventID>
      <SubEventID>38</SubEventID>
      <Type>SuperSub</Type>
      <Uncertain>false</Uncertain>
      <Transitive>false</Transitive>
    </HierarchyRelationInfo>
    <HierarchyRelationInfo>
      <SuperEventID>37</SuperEventID>
      <SubEventID>39</SubEventID>
      <Type>SuperSub</Type>
      <Uncertain>false</Uncertain>
      <Transitive>false</Transitive>
    </HierarchyRelationInfo>
    <HierarchyRelationInfo>
      <SuperEventID>20</SuperEventID>
      <SubEventID>41</SubEventID>
      <Type>SuperSub</Type>
      <Uncertain>false</Uncertain>
      <Transitive>false</Transitive>
    </HierarchyRelationInfo>
    <HierarchyRelationInfo>
      <SuperEventID>41</SuperEventID>
      <SubEventID>42</SubEventID>
      <Type>SuperSub</Type>
      <Uncertain>false</Uncertain>
      <Transitive>false</Transitive>
    </HierarchyRelationInfo>
    <HierarchyRelationInfo>
      <SuperEventID>41</SuperEventID>
      <SubEventID>43</SubEventID>
      <Type>SuperSub</Type>
      <Uncertain>false</Uncertain>
      <Transitive>false</Transitive>
    </HierarchyRelationInfo>
    <HierarchyRelationInfo>
      <SuperEventID>41</SuperEventID>
      <SubEventID>47</SubEventID>
      <Type>Coref</Type>
      <Uncertain>false</Uncertain>
      <Transitive>false</Transitive>
    </HierarchyRelationInfo>
    <HierarchyRelationInfo>
      <SuperEventID>47</SuperEventID>
      <SubEventID>46</SubEventID>
      <Type>SuperSub</Type>
      <Uncertain>false</Uncertain>
      <Transitive>false</Transitive>
    </HierarchyRelationInfo>
    <HierarchyRelationInfo>
      <SuperEventID>20</SuperEventID>
      <SubEventID>48</SubEventID>
      <Type>SuperSub</Type>
      <Uncertain>false</Uncertain>
      <Transitive>false</Transitive>
    </HierarchyRelationInfo>
    <HierarchyRelationInfo>
      <SuperEventID>61</SuperEventID>
      <SubEventID>49</SubEventID>
      <Type>Coref</Type>
      <Uncertain>false</Uncertain>
      <Transitive>false</Transitive>
    </HierarchyRelationInfo>
    <HierarchyRelationInfo>
      <SuperEventID>59</SuperEventID>
      <SubEventID>63</SubEventID>
      <Type>SuperSub</Type>
      <Uncertain>false</Uncertain>
      <Transitive>false</Transitive>
    </HierarchyRelationInfo>
    <HierarchyRelationInfo>
      <SuperEventID>59</SuperEventID>
      <SubEventID>64</SubEventID>
      <Type>SuperSub</Type>
      <Uncertain>false</Uncertain>
      <Transitive>false</Transitive>
    </HierarchyRelationInfo>
    <HierarchyRelationInfo>
      <SuperEventID>59</SuperEventID>
      <SubEventID>66</SubEventID>
      <Type>SuperSub</Type>
      <Uncertain>false</Uncertain>
      <Transitive>false</Transitive>
    </HierarchyRelationInfo>
    <HierarchyRelationInfo>
      <SuperEventID>59</SuperEventID>
      <SubEventID>67</SubEventID>
      <Type>SuperSub</Type>
      <Uncertain>false</Uncertain>
      <Transitive>false</Transitive>
    </HierarchyRelationInfo>
    <HierarchyRelationInfo>
      <SuperEventID>70</SuperEventID>
      <SubEventID>68</SubEventID>
      <Type>SuperSub</Type>
      <Uncertain>false</Uncertain>
      <Transitive>false</Transitive>
    </HierarchyRelationInfo>
    <HierarchyRelationInfo>
      <SuperEventID>71</SuperEventID>
      <SubEventID>70</SubEventID>
      <Type>SuperSub</Type>
      <Uncertain>false</Uncertain>
      <Transitive>false</Transitive>
    </HierarchyRelationInfo>
    <HierarchyRelationInfo>
      <SuperEventID>18</SuperEventID>
      <SubEventID>5</SubEventID>
      <Type>SuperSub</Type>
      <Uncertain>false</Uncertain>
      <Transitive>false</Transitive>
    </HierarchyRelationInfo>
    <HierarchyRelationInfo>
      <SuperEventID>18</SuperEventID>
      <SubEventID>6</SubEventID>
      <Type>SuperSub</Type>
      <Uncertain>false</Uncertain>
      <Transitive>false</Transitive>
    </HierarchyRelationInfo>
    <HierarchyRelationInfo>
      <SuperEventID>18</SuperEventID>
      <SubEventID>9</SubEventID>
      <Type>SuperSub</Type>
      <Uncertain>false</Uncertain>
      <Transitive>false</Transitive>
      <Comment>Maja, </Comment>
    </HierarchyRelationInfo>
    <HierarchyRelationInfo>
      <SuperEventID>1</SuperEventID>
      <SubEventID>37</SubEventID>
      <Type>SuperSub</Type>
      <Uncertain>false</Uncertain>
      <Transitive>false</Transitive>
      <Comment>Suncana, </Comment>
    </HierarchyRelationInfo>
    <HierarchyRelationInfo>
      <SuperEventID>1</SuperEventID>
      <SubEventID>41</SubEventID>
      <Type>SuperSub</Type>
      <Uncertain>false</Uncertain>
      <Transitive>false</Transitive>
      <Comment>Suncana, </Comment>
    </HierarchyRelationInfo>
    <HierarchyRelationInfo>
      <SuperEventID>1</SuperEventID>
      <SubEventID>48</SubEventID>
      <Type>SuperSub</Type>
      <Uncertain>false</Uncertain>
      <Transitive>false</Transitive>
      <Comment>Suncana, </Comment>
    </HierarchyRelationInfo>
    <HierarchyRelationInfo>
      <SuperEventID>61</SuperEventID>
      <SubEventID>29</SubEventID>
      <Type>SuperSub</Type>
      <Uncertain>false</Uncertain>
      <Transitive>false</Transitive>
      <Comment>Suncana, </Comment>
    </HierarchyRelationInfo>
    <HierarchyRelationInfo>
      <SuperEventID>61</SuperEventID>
      <SubEventID>28</SubEventID>
      <Type>SuperSub</Type>
      <Uncertain>false</Uncertain>
      <Transitive>false</Transitive>
      <Comment>Suncana, </Comment>
    </HierarchyRelationInfo>
    <HierarchyRelationInfo>
      <SuperEventID>27</SuperEventID>
      <SubEventID>26</SubEventID>
      <Type>SuperSub</Type>
      <Uncertain>false</Uncertain>
      <Transitive>false</Transitive>
      <Comment>Suncana, </Comment>
    </HierarchyRelationInfo>
    <HierarchyRelationInfo>
      <SuperEventID>28</SuperEventID>
      <SubEventID>20</SubEventID>
      <Type>SuperSub</Type>
      <Uncertain>false</Uncertain>
      <Transitive>false</Transitive>
      <Comment>Suncana, </Comment>
    </HierarchyRelationInfo>
    <HierarchyRelationInfo>
      <SuperEventID>49</SuperEventID>
      <SubEventID>54</SubEventID>
      <Type>SuperSub</Type>
      <Uncertain>false</Uncertain>
      <Transitive>false</Transitive>
      <Comment>Suncana, </Comment>
    </HierarchyRelationInfo>
    <HierarchyRelationInfo>
      <SuperEventID>28</SuperEventID>
      <SubEventID>59</SubEventID>
      <Type>SuperSub</Type>
      <Uncertain>false</Uncertain>
      <Transitive>false</Transitive>
      <Comment>Suncana, </Comment>
    </HierarchyRelationInfo>
    <HierarchyRelationInfo>
      <SuperEventID>59</SuperEventID>
      <SubEventID>73</SubEventID>
      <Type>SuperSub</Type>
      <Uncertain>false</Uncertain>
      <Transitive>false</Transitive>
      <Comment>Suncana, </Comment>
    </HierarchyRelationInfo>
    <HierarchyRelationInfo>
      <SuperEventID>59</SuperEventID>
      <SubEventID>74</SubEventID>
      <Type>SuperSub</Type>
      <Uncertain>false</Uncertain>
      <Transitive>false</Transitive>
      <Comment>Suncana, </Comment>
    </HierarchyRelationInfo>
    <HierarchyRelationInfo>
      <SuperEventID>59</SuperEventID>
      <SubEventID>75</SubEventID>
      <Type>SuperSub</Type>
      <Uncertain>false</Uncertain>
      <Transitive>false</Transitive>
      <Comment>Suncana, </Comment>
    </HierarchyRelationInfo>
  </Relations>
</ArticleInfo>