<ArticleInfo>
  <Text>The United States has swiftly condemned photos of soldiers posing with the mangled corpses of insurgents in Afghanistan, seeking to limit the fallout from the latest scandal involving US troops. The photographs, which date back to 2010 but were published by the Los Angeles Times on Wednesday, add to a string of damaging incidents that have ignited anti-Western feeling and complicated NATO efforts to withdraw most troops in 2014. US Defence Secretary Leon Panetta said those responsible would be punished but voiced "regret" that the LA Times had decided to publish the images against the Pentagon's wishes, warning that they could prompt a violent backlash, reports AFP. "I know that war is ugly and it's violent and I know that young people sometimes caught up in the moment make some very foolish decisions," Panetta told a NATO press conference in Brussels. "I'm not excusing that behaviour, but neither do I want these images to bring further injury to our people and to our relationship with the Afghan people." The LA Times published two of 18 photographs it was given by a soldier who believed they pointed to a breakdown in leadership and discipline that compromised the safety of the troops. One showed a soldier with a dead insurgent's hand draped on his right shoulder. The other showed soldiers grinning and giving a thumbs-up behind the disembodied legs of a Taliban fighter. The Times said another set of photos, which it has not yet published, show soldiers from the same division holding a dead man's severed hand with the middle finger raised. The first incident took place in February 2010, when paratroopers from the 82nd Airborne Division's 4th Brigade Combat Team were sent to an Afghan police station in Zabul province to inspect the remains of an alleged suicide bomber. The soldiers had orders to try to get fingerprints and possibly scan the irises of the corpse, but instead they posed for pictures next to the Afghan police, holding up or squatting beside the remains, the LA Times reported. A few months later, the same platoon went to inspect the remains of three insurgents whom Afghan police said had blown themselves up by accident. The soldiers allegedly involved in the incident served in a unit plagued by leadership problems, according to media reports. The commander of the brigade was cited for allowing a poor command climate, and a battalion leader and senior enlisted officer were relieved of their posts after showing racist and sexist slides in PowerPoint briefings, the Army Times reported. The wife of the brigade commander also was reportedly banned from participating in family morale events at the unit's base in Fort Bragg, North Carolina after an investigation found she was harassing other spouses. Senior US officials insisted the incident did not signal any wider discipline problem, and NATO chief Anders Fogh Rasmussen said the photos did not represent the values of the alliance's mission. "These events took place apparently a couple of years ago and I consider them an isolated event," he said. White House spokesman Jay Carney said the photos were "reprehensible" but also said President Barack Obama's administration was "very disappointed" that the paper had published them. The newspaper's editor, Davan Maharaj, said he had decided to publish a "small but representative selection" of the images because of their news value and to "fulfill our obligation to readers to report vigorously and impartially on all aspects of the American mission in Afghanistan." </Text>
  <Events>
    <EventMentionInfo>
      <ID>1</ID>
      <AnchorText>condemned</AnchorText>
      <Type>Reporting</Type>
      <Position>30</Position>
    </EventMentionInfo>
    <EventMentionInfo>
      <ID>2</ID>
      <AnchorText>posing</AnchorText>
      <Type>HalfGeneric</Type>
      <Position>59</Position>
    </EventMentionInfo>
    <EventMentionInfo>
      <ID>3</ID>
      <AnchorText>seeking</AnchorText>
      <Type>I_Action</Type>
      <Position>121</Position>
    </EventMentionInfo>
    <EventMentionInfo>
      <ID>4</ID>
      <AnchorText>fallout</AnchorText>
      <Type>Occurrence</Type>
      <Position>142</Position>
    </EventMentionInfo>
    <EventMentionInfo>
      <ID>5</ID>
      <AnchorText>scandal</AnchorText>
      <Type>Occurrence</Type>
      <Position>166</Position>
    </EventMentionInfo>
    <EventMentionInfo>
      <ID>6</ID>
      <AnchorText>published</AnchorText>
      <Type>Occurrence</Type>
      <Position>245</Position>
    </EventMentionInfo>
    <EventMentionInfo>
      <ID>7</ID>
      <AnchorText>incidents</AnchorText>
      <Type>HalfGeneric</Type>
      <Position>322</Position>
    </EventMentionInfo>
    <EventMentionInfo>
      <ID>8</ID>
      <AnchorText>ignited</AnchorText>
      <Type>I_Action</Type>
      <Position>342</Position>
    </EventMentionInfo>
    <EventMentionInfo>
      <ID>9</ID>
      <AnchorText>complicated</AnchorText>
      <Type>I_Action</Type>
      <Position>375</Position>
    </EventMentionInfo>
    <EventMentionInfo>
      <ID>10</ID>
      <AnchorText>efforts</AnchorText>
      <Type>I_Action</Type>
      <Position>392</Position>
    </EventMentionInfo>
    <EventMentionInfo>
      <ID>11</ID>
      <AnchorText>said</AnchorText>
      <Type>Reporting</Type>
      <Position>467</Position>
    </EventMentionInfo>
    <EventMentionInfo>
      <ID>12</ID>
      <AnchorText>voiced</AnchorText>
      <Type>Reporting</Type>
      <Position>512</Position>
    </EventMentionInfo>
    <EventMentionInfo>
      <ID>13</ID>
      <AnchorText>decided</AnchorText>
      <Type>I_Action</Type>
      <Position>550</Position>
    </EventMentionInfo>
    <EventMentionInfo>
      <ID>14</ID>
      <AnchorText>publish</AnchorText>
      <Type>Occurrence</Type>
      <Position>561</Position>
    </EventMentionInfo>
    <EventMentionInfo>
      <ID>15</ID>
      <AnchorText>warning</AnchorText>
      <Type>I_Action</Type>
      <Position>611</Position>
    </EventMentionInfo>
    <EventMentionInfo>
      <ID>16</ID>
      <AnchorText>reports</AnchorText>
      <Type>Reporting</Type>
      <Position>662</Position>
    </EventMentionInfo>
    <EventMentionInfo>
      <ID>17</ID>
      <AnchorText>told</AnchorText>
      <Type>Reporting</Type>
      <Position>823</Position>
    </EventMentionInfo>
    <EventMentionInfo>
      <ID>18</ID>
      <AnchorText>conference</AnchorText>
      <Type>Occurrence</Type>
      <Position>841</Position>
    </EventMentionInfo>
    <EventMentionInfo>
      <ID>19</ID>
      <AnchorText>published</AnchorText>
      <Type>Occurrence</Type>
      <Position>1034</Position>
    </EventMentionInfo>
    <EventMentionInfo>
      <ID>20</ID>
      <AnchorText>given</AnchorText>
      <Type>Occurrence</Type>
      <Position>1073</Position>
    </EventMentionInfo>
    <EventMentionInfo>
      <ID>21</ID>
      <AnchorText>grinning</AnchorText>
      <Type>Occurrence</Type>
      <Position>1311</Position>
    </EventMentionInfo>
    <EventMentionInfo>
      <ID>22</ID>
      <AnchorText>giving</AnchorText>
      <Type>I_Action</Type>
      <Position>1324</Position>
    </EventMentionInfo>
    <EventMentionInfo>
      <ID>23</ID>
      <AnchorText>said</AnchorText>
      <Type>Reporting</Type>
      <Position>1403</Position>
    </EventMentionInfo>
    <EventMentionInfo>
      <ID>24</ID>
      <AnchorText>holding</AnchorText>
      <Type>Occurrence</Type>
      <Position>1500</Position>
    </EventMentionInfo>
    <EventMentionInfo>
      <ID>25</ID>
      <AnchorText>incident</AnchorText>
      <Type>Occurrence</Type>
      <Position>1575</Position>
    </EventMentionInfo>
    <EventMentionInfo>
      <ID>26</ID>
      <AnchorText>took</AnchorText>
      <Type>Occurrence</Type>
      <Position>1584</Position>
    </EventMentionInfo>
    <EventMentionInfo>
      <ID>27</ID>
      <AnchorText>sent</AnchorText>
      <Type>I_Action</Type>
      <Position>1694</Position>
    </EventMentionInfo>
    <EventMentionInfo>
      <ID>28</ID>
      <AnchorText>inspect</AnchorText>
      <Type>Occurrence</Type>
      <Position>1748</Position>
    </EventMentionInfo>
    <EventMentionInfo>
      <ID>29</ID>
      <AnchorText>posed</AnchorText>
      <Type>Occurrence</Type>
      <Position>1910</Position>
    </EventMentionInfo>
    <EventMentionInfo>
      <ID>30</ID>
      <AnchorText>holding</AnchorText>
      <Type>Occurrence</Type>
      <Position>1956</Position>
    </EventMentionInfo>
    <EventMentionInfo>
      <ID>31</ID>
      <AnchorText>squatting</AnchorText>
      <Type>Occurrence</Type>
      <Position>1970</Position>
    </EventMentionInfo>
    <EventMentionInfo>
      <ID>32</ID>
      <AnchorText>reported</AnchorText>
      <Type>Reporting</Type>
      <Position>2013</Position>
    </EventMentionInfo>
    <EventMentionInfo>
      <ID>33</ID>
      <AnchorText>went</AnchorText>
      <Type>I_Action</Type>
      <Position>2060</Position>
    </EventMentionInfo>
    <EventMentionInfo>
      <ID>34</ID>
      <AnchorText>inspect</AnchorText>
      <Type>Occurrence</Type>
      <Position>2068</Position>
    </EventMentionInfo>
    <EventMentionInfo>
      <ID>35</ID>
      <AnchorText>said</AnchorText>
      <Type>Reporting</Type>
      <Position>2127</Position>
    </EventMentionInfo>
    <EventMentionInfo>
      <ID>36</ID>
      <AnchorText>blown</AnchorText>
      <Type>Occurrence</Type>
      <Position>2136</Position>
    </EventMentionInfo>
    <EventMentionInfo>
      <ID>37</ID>
      <AnchorText>served</AnchorText>
      <Type>Occurrence</Type>
      <Position>2217</Position>
    </EventMentionInfo>
    <EventMentionInfo>
      <ID>38</ID>
      <AnchorText>reports</AnchorText>
      <Type>HalfGeneric</Type>
      <Position>2285</Position>
    </EventMentionInfo>
    <EventMentionInfo>
      <ID>39</ID>
      <AnchorText>cited</AnchorText>
      <Type>Reporting</Type>
      <Position>2327</Position>
    </EventMentionInfo>
    <EventMentionInfo>
      <ID>40</ID>
      <AnchorText>relieved</AnchorText>
      <Type>Occurrence</Type>
      <Position>2426</Position>
    </EventMentionInfo>
    <EventMentionInfo>
      <ID>41</ID>
      <AnchorText>showing</AnchorText>
      <Type>Occurrence</Type>
      <Position>2456</Position>
    </EventMentionInfo>
    <EventMentionInfo>
      <ID>42</ID>
      <AnchorText>briefings</AnchorText>
      <Type>HalfGeneric</Type>
      <Position>2503</Position>
    </EventMentionInfo>
    <EventMentionInfo>
      <ID>43</ID>
      <AnchorText>reported</AnchorText>
      <Type>Reporting</Type>
      <Position>2529</Position>
    </EventMentionInfo>
    <EventMentionInfo>
      <ID>44</ID>
      <AnchorText>banned</AnchorText>
      <Type>I_Action</Type>
      <Position>2593</Position>
    </EventMentionInfo>
    <EventMentionInfo>
      <ID>45</ID>
      <AnchorText>investigation</AnchorText>
      <Type>Occurrence</Type>
      <Position>2701</Position>
    </EventMentionInfo>
    <EventMentionInfo>
      <ID>46</ID>
      <AnchorText>found</AnchorText>
      <Type>I_Action</Type>
      <Position>2715</Position>
    </EventMentionInfo>
    <EventMentionInfo>
      <ID>47</ID>
      <AnchorText>harassing</AnchorText>
      <Type>Occurrence</Type>
      <Position>2729</Position>
    </EventMentionInfo>
    <EventMentionInfo>
      <ID>48</ID>
      <AnchorText>insisted</AnchorText>
      <Type>Reporting</Type>
      <Position>2774</Position>
    </EventMentionInfo>
    <EventMentionInfo>
      <ID>49</ID>
      <AnchorText>incident</AnchorText>
      <Type>Occurrence</Type>
      <Position>2787</Position>
    </EventMentionInfo>
    <EventMentionInfo>
      <ID>50</ID>
      <AnchorText>said</AnchorText>
      <Type>Reporting</Type>
      <Position>2878</Position>
    </EventMentionInfo>
    <EventMentionInfo>
      <ID>51</ID>
      <AnchorText>events</AnchorText>
      <Type>I_Action</Type>
      <Position>2957</Position>
    </EventMentionInfo>
    <EventMentionInfo>
      <ID>52</ID>
      <AnchorText>took</AnchorText>
      <Type>Occurrence</Type>
      <Position>2964</Position>
    </EventMentionInfo>
    <EventMentionInfo>
      <ID>53</ID>
      <AnchorText>said</AnchorText>
      <Type>Reporting</Type>
      <Position>3051</Position>
    </EventMentionInfo>
    <EventMentionInfo>
      <ID>54</ID>
      <AnchorText>said</AnchorText>
      <Type>Reporting</Type>
      <Position>3090</Position>
    </EventMentionInfo>
    <EventMentionInfo>
      <ID>55</ID>
      <AnchorText>said</AnchorText>
      <Type>Reporting</Type>
      <Position>3136</Position>
    </EventMentionInfo>
    <EventMentionInfo>
      <ID>56</ID>
      <AnchorText>published</AnchorText>
      <Type>Occurrence</Type>
      <Position>3224</Position>
    </EventMentionInfo>
    <EventMentionInfo>
      <ID>57</ID>
      <AnchorText>said</AnchorText>
      <Type>Reporting</Type>
      <Position>3279</Position>
    </EventMentionInfo>
    <EventMentionInfo>
      <ID>58</ID>
      <AnchorText>decided</AnchorText>
      <Type>I_Action</Type>
      <Position>3291</Position>
    </EventMentionInfo>
    <EventMentionInfo>
      <ID>59</ID>
      <AnchorText>publish</AnchorText>
      <Type>Occurrence</Type>
      <Position>3302</Position>
    </EventMentionInfo>
  </Events>
  <Relations>
    <HierarchyRelationInfo>
      <SuperEventID>5</SuperEventID>
      <SubEventID>6</SubEventID>
      <Type>SuperSub</Type>
      <Uncertain>false</Uncertain>
      <Transitive>false</Transitive>
    </HierarchyRelationInfo>
    <HierarchyRelationInfo>
      <SuperEventID>5</SuperEventID>
      <SubEventID>4</SubEventID>
      <Type>SuperSub</Type>
      <Uncertain>false</Uncertain>
      <Transitive>false</Transitive>
    </HierarchyRelationInfo>
    <HierarchyRelationInfo>
      <SuperEventID>7</SuperEventID>
      <SubEventID>5</SubEventID>
      <Type>SuperSub</Type>
      <Uncertain>false</Uncertain>
      <Transitive>false</Transitive>
    </HierarchyRelationInfo>
    <HierarchyRelationInfo>
      <SuperEventID>14</SuperEventID>
      <SubEventID>6</SubEventID>
      <Type>Coref</Type>
      <Uncertain>false</Uncertain>
      <Transitive>false</Transitive>
    </HierarchyRelationInfo>
    <HierarchyRelationInfo>
      <SuperEventID>19</SuperEventID>
      <SubEventID>14</SubEventID>
      <Type>Coref</Type>
      <Uncertain>false</Uncertain>
      <Transitive>false</Transitive>
    </HierarchyRelationInfo>
    <HierarchyRelationInfo>
      <SuperEventID>42</SuperEventID>
      <SubEventID>41</SubEventID>
      <Type>SuperSub</Type>
      <Uncertain>false</Uncertain>
      <Transitive>false</Transitive>
    </HierarchyRelationInfo>
    <HierarchyRelationInfo>
      <SuperEventID>52</SuperEventID>
      <SubEventID>49</SubEventID>
      <Type>Coref</Type>
      <Uncertain>false</Uncertain>
      <Transitive>false</Transitive>
    </HierarchyRelationInfo>
    <HierarchyRelationInfo>
      <SuperEventID>56</SuperEventID>
      <SubEventID>19</SubEventID>
      <Type>Coref</Type>
      <Uncertain>false</Uncertain>
      <Transitive>false</Transitive>
    </HierarchyRelationInfo>
    <HierarchyRelationInfo>
      <SuperEventID>56</SuperEventID>
      <SubEventID>59</SubEventID>
      <Type>Coref</Type>
      <Uncertain>false</Uncertain>
      <Transitive>false</Transitive>
    </HierarchyRelationInfo>
    <HierarchyRelationInfo>
      <SuperEventID>25</SuperEventID>
      <SubEventID>31</SubEventID>
      <Type>SuperSub</Type>
      <Uncertain>false</Uncertain>
      <Transitive>false</Transitive>
    </HierarchyRelationInfo>
    <HierarchyRelationInfo>
      <SuperEventID>25</SuperEventID>
      <SubEventID>30</SubEventID>
      <Type>SuperSub</Type>
      <Uncertain>false</Uncertain>
      <Transitive>false</Transitive>
    </HierarchyRelationInfo>
    <HierarchyRelationInfo>
      <SuperEventID>2</SuperEventID>
      <SubEventID>21</SubEventID>
      <Type>SuperSub</Type>
      <Uncertain>false</Uncertain>
      <Transitive>false</Transitive>
      <Comment>Maja, </Comment>
    </HierarchyRelationInfo>
    <HierarchyRelationInfo>
      <SuperEventID>2</SuperEventID>
      <SubEventID>24</SubEventID>
      <Type>SuperSub</Type>
      <Uncertain>false</Uncertain>
      <Transitive>false</Transitive>
      <Comment>Maja, </Comment>
    </HierarchyRelationInfo>
    <HierarchyRelationInfo>
      <SuperEventID>25</SuperEventID>
      <SubEventID>2</SubEventID>
      <Type>Coref</Type>
      <Uncertain>false</Uncertain>
      <Transitive>false</Transitive>
      <Comment>Maja, </Comment>
    </HierarchyRelationInfo>
    <HierarchyRelationInfo>
      <SuperEventID>29</SuperEventID>
      <SubEventID>30</SubEventID>
      <Type>SuperSub</Type>
      <Uncertain>false</Uncertain>
      <Transitive>false</Transitive>
      <Comment>Maja, </Comment>
    </HierarchyRelationInfo>
    <HierarchyRelationInfo>
      <SuperEventID>29</SuperEventID>
      <SubEventID>31</SubEventID>
      <Type>SuperSub</Type>
      <Uncertain>false</Uncertain>
      <Transitive>false</Transitive>
      <Comment>Maja, </Comment>
    </HierarchyRelationInfo>
    <HierarchyRelationInfo>
      <SuperEventID>49</SuperEventID>
      <SubEventID>25</SubEventID>
      <Type>Coref</Type>
      <Uncertain>false</Uncertain>
      <Transitive>false</Transitive>
      <Comment>Maja, </Comment>
    </HierarchyRelationInfo>
    <HierarchyRelationInfo>
      <SuperEventID>5</SuperEventID>
      <SubEventID>2</SubEventID>
      <Type>SuperSub</Type>
      <Uncertain>false</Uncertain>
      <Transitive>false</Transitive>
      <Comment>Suncana, </Comment>
    </HierarchyRelationInfo>
    <HierarchyRelationInfo>
      <SuperEventID>7</SuperEventID>
      <SubEventID>25</SubEventID>
      <Type>SuperSub</Type>
      <Uncertain>false</Uncertain>
      <Transitive>false</Transitive>
      <Comment>Suncana, </Comment>
    </HierarchyRelationInfo>
    <HierarchyRelationInfo>
      <SuperEventID>25</SuperEventID>
      <SubEventID>29</SubEventID>
      <Type>SuperSub</Type>
      <Uncertain>false</Uncertain>
      <Transitive>false</Transitive>
      <Comment>Suncana, </Comment>
    </HierarchyRelationInfo>
    <HierarchyRelationInfo>
      <SuperEventID>37</SuperEventID>
      <SubEventID>28</SubEventID>
      <Type>SuperSub</Type>
      <Uncertain>false</Uncertain>
      <Transitive>false</Transitive>
      <Comment>Suncana, </Comment>
    </HierarchyRelationInfo>
    <HierarchyRelationInfo>
      <SuperEventID>37</SuperEventID>
      <SubEventID>34</SubEventID>
      <Type>SuperSub</Type>
      <Uncertain>false</Uncertain>
      <Transitive>false</Transitive>
      <Comment>Suncana, </Comment>
    </HierarchyRelationInfo>
    <HierarchyRelationInfo>
      <SuperEventID>49</SuperEventID>
      <SubEventID>5</SubEventID>
      <Type>Coref</Type>
      <Uncertain>false</Uncertain>
      <Transitive>false</Transitive>
      <Comment>Suncana, </Comment>
    </HierarchyRelationInfo>
  </Relations>
</ArticleInfo>